Workbook

Sheet Inputs
A1: Parameter | B1: Value
A3: InvCost | B3: 0.25
A4: BackCost | B4: 1
A5: ExpectedDemand | B5: 100
A6: OrderDelay | B6: 2
A7: ShipDelay | B7: 2
A8: ProdDelay | B8: 2
A10: Mode | B10: Auto
A11: ScenarioIndex | B11: 1
A12: DemandLevel (1=Low,2=Base,3=High) | B12: 2
A13: TargetWeeks_Retailer | B13: =INDEX($C$27:$F$29,$B$11,1)
A14: TargetWeeks_Wholesaler | B14: =INDEX($C$27:$F$29,$B$11,2)
A15: TargetWeeks_Distributor | B15: =INDEX($C$27:$F$29,$B$11,3)
A16: TargetWeeks_Factory | B16: =INDEX($C$27:$F$29,$B$11,4)
A18: InitialInventory | B18: 100
A19: InitialShipPipe1 | B19: 50
A20: InitialShipPipe2 | B20: 50
A21: InitialOrderPipe1 | B21: 0
A22: InitialOrderPipe2 | B22: 0
A23: DefaultOrderWeek1 | B23: 100
A24: ScenarioName | B24: =INDEX($B$27:$B$29,$B$11)
A25: DemandLevelName | B25: =CHOOSE($B$12,"Low","Base","High")
A26: ScenarioIndex | B26: ScenarioName | C26: TargetWeeks_Retailer | D26: TargetWeeks_Wholesaler | E26: TargetWeeks_Distributor | F26: TargetWeeks_Factory | G26: Notes
A27: 1 | B27: Simulation - Scenario 1 - HighInv | C27: 4 | D27: 4 | E27: 8 | F27: 8 | G27: High inventory, lowest risk of backlog
A28: 2 | B28: Simulation - Scenario 2 - Balanced | C28: 2 | D28: 4 | E28: 5 | F28: 5 | G28: Balanced inventory and backlog tradeoff
A29: 3 | B29: Simulation - Scenario 3 - MinCost | C29: 1 | D29: 4 | E29: 5 | F29: 6 | G29: Cost-focused baseline policy (editable)
A31: Scenario Summary
A32: Scenario | B32: Demand Used | C32: Policy Intent | D32: Weekly KPI | E32: Final KPI
A33: Simulation - Scenario 1 - HighInv | B33: Selected in Inputs (Low/Base/High) | C33: Reduce backlog risk | D33: TotInvCost + TotBackCost (= TotWeekCost) | E33: =Scn1_View!AS39
A34: Simulation - Scenario 2 - Balanced | B34: Selected in Inputs (Low/Base/High) | C34: Balance inventory and backlog | D34: TotInvCost + TotBackCost (= TotWeekCost) | E34: =Scn2_View!AS39
A35: Simulation - Scenario 3 - MinCost | B35: Selected in Inputs (Low/Base/High) | C35: Minimize total cost | D35: TotInvCost + TotBackCost (= TotWeekCost) | E35: =Scn3_View!AS39

Sheet Demand
A1: Week | B1: BaseDemand | C1: LowDemand | D1: HighDemand | E1: ActiveDemand
A2: 1 | B2: 100 | C2: 64 | D2: 91 | E2: =CHOOSE(Inputs!$B$12,C2,B2,D2)
A3: 2 | B3: 100 | C3: 96 | D3: 139 | E3: =CHOOSE(Inputs!$B$12,C3,B3,D3)
A4: 3 | B4: 100 | C4: 76 | D4: 109 | E4: =CHOOSE(Inputs!$B$12,C4,B4,D4)
A5: 4 | B5: 100 | C5: 88 | D5: 127 | E5: =CHOOSE(Inputs!$B$12,C5,B5,D5)
A6: 5 | B6: 100 | C6: 72 | D6: 103 | E6: =CHOOSE(Inputs!$B$12,C6,B6,D6)
A7: 6 | B7: 100 | C7: 104 | D7: 151 | E7: =CHOOSE(Inputs!$B$12,C7,B7,D7)
A8: 7 | B8: 100 | C8: 68 | D8: 97 | E8: =CHOOSE(Inputs!$B$12,C8,B8,D8)
A9: 8 | B9: 100 | C9: 92 | D9: 133 | E9: =CHOOSE(Inputs!$B$12,C9,B9,D9)
A10: 9 | B10: 100 | C10: 80 | D10: 115 | E10: =CHOOSE(Inputs!$B$12,C10,B10,D10)
A11: 10 | B11: 100 | C11: 84 | D11: 121 | E11: =CHOOSE(Inputs!$B$12,C11,B11,D11)
A12: 11 | B12: 100 | C12: 60 | D12: 85 | E12: =CHOOSE(Inputs!$B$12,C12,B12,D12)
A13: 12 | B13: 100 | C13: 100 | D13: 145 | E13: =CHOOSE(Inputs!$B$12,C13,B13,D13)
... A36: 35 | B36: 100 | C36: 48 | D36: 67 | E36: =CHOOSE(Inputs!$B$12,C36,B36,D36)

Sheet Summary
A1: Demand Used | B1: High demand profile | C1: Base demand profile | D1: Low demand profile
A2: Scenario
A3: Simulation - Scenario 1 - HighInv | B3: 285947.25 | C3: 215350 | D3: 141272.5
A4: Simulation - Scenario 2 - Balanced | B4: 229725.75 | C4: 114350 | D4: 15661.75
A5: Simulation - Scenario 3 - MinCost | B5: 127317.5 | C5: 18600 | D5: 6833.25

Sheet S1_D1_Retailer
A1: Week | B1: CustomerDemand | C1: In | D1: Recv | E1: BegInv | F1: BegBacklog | G1: TotalReq | H1: Ship | I1: EndInv | J1: EndBacklog | K1: InvCost | L1: BackCost | M1: WeekCost | N1: CumulativeCost | O1: OrderManual | P1: OrderPlaced | Q1: OrderPipe1 | R1: OrderPipe2 | S1: ShipPipe1 | T1: ShipPipe2 | U1: InventoryPos | V1: TargetLevel | W1: SuggestedOrder
A2: 1 | B2: 64 | C2: 64 | D2: 50 | E2: 100 | F2: 0 | G2: 64 | H2: 64 | I2: 86 | J2: 0 | K2: 21.5 | L2: 0 | M2: 21.5 | N2: 21.5 | P2: 264 | Q2: 0 | R2: 0 | S2: 0 | T2: 0 | U2: 0 | V2: 0 | W2: 0
A3: 2 | B3: 96 | C3: 96 | D3: 50 | E3: 86 | F3: 0 | G3: 96 | H3: 96 | I3: 40 | J3: 0 | K3: 10 | L3: 0 | M3: 10 | N3: 31.5 | P3: 360 | Q3: 0 | R3: 0 | S3: 0 | T3: 0 | U3: 0 | V3: 0 | W3: 0
A4: 3 | B4: 76 | C4: 76 | D4: 0 | E4: 40 | F4: 0 | G4: 76 | H4: 40 | I4: 0 | J4: 36 | K4: 0 | L4: 36 | M4: 36 | N4: 67.5 | P4: 436 | Q4: 0 | R4: 0 | S4: 0 | T4: 0 | U4: 0 | V4: 0 | W4: 0
A5: 4 | B5: 88 | C5: 88 | D5: 0 | E5: 0 | F5: 36 | G5: 124 | H5: 0 | I5: 0 | J5: 124 | K5: 0 | L5: 124 | M5: 124 | N5: 191.5 | P5: 324 | Q5: 0 | R5: 0 | S5: 0 | T5: 0 | U5: 0 | V5: 0 | W5: 0
A6: 5 | B6: 72 | C6: 72 | D6: 200 | E6: 0 | F6: 124 | G6: 196 | H6: 196 | I6: 4 | J6: 0 | K6: 1 | L6: 0 | M6: 1 | N6: 192.5 | P6: 396 | Q6: 0 | R6: 0 | S6: 0 | T6: 0 | U6: 0 | V6: 0 | W6: 0
A7: 6 | B7: 104 | C7: 104 | D7: 0 | E7: 4 | F7: 0 | G7: 104 | H7: 4 | I7: 0 | J7: 100 | K7: 0 | L7: 100 | M7: 100 | N7: 292.5 | P7: 300 | Q7: 0 | R7: 0 | S7: 0 | T7: 0 | U7: 0 | V7: 0 | W7: 0
A8: 7 | B8: 68 | C8: 68 | D8: 200 | E8: 0 | F8: 100 | G8: 168 | H8: 168 | I8: 32 | J8: 0 | K8: 8 | L8: 0 | M8: 8 | N8: 300.5 | P8: 368 | Q8: 0 | R8: 0 | S8: 0 | T8: 0 | U8: 0 | V8: 0 | W8: 0
A9: 8 | B9: 92 | C9: 92 | D9: 0 | E9: 32 | F9: 0 | G9: 92 | H9: 32 | I9: 0 | J9: 60 | K9: 0 | L9: 60 | M9: 60 | N9: 360.5 | P9: 60 | Q9: 0 | R9: 0 | S9: 0 | T9: 0 | U9: 0 | V9: 0 | W9: 0
A10: 9 | B10: 80 | C10: 80 | D10: 400 | E10: 0 | F10: 60 | G10: 140 | H10: 140 | I10: 260 | J10: 0 | K10: 65 | L10: 0 | M10: 65 | N10: 425.5 | P10: 0 | Q10: 0 | R10: 0 | S10: 0 | T10: 0 | U10: 0 | V10: 0 | W10: 0
A11: 10 | B11: 84 | C11: 84 | D11: 300 | E11: 260 | F11: 0 | G11: 84 | H11: 84 | I11: 476 | J11: 0 | K11: 119 | L11: 0 | M11: 119 | N11: 544.5 | P11: 0 | Q11: 0 | R11: 0 | S11: 0 | T11: 0 | U11: 0 | V11: 0 | W11: 0
A12: 11 | B12: 60 | C12: 60 | D12: 500 | E12: 476 | F12: 0 | G12: 60 | H12: 60 | I12: 916 | J12: 0 | K12: 229 | L12: 0 | M12: 229 | N12: 773.5 | P12: 0 | Q12: 0 | R12: 0 | S12: 0 | T12: 0 | U12: 0 | V12: 0 | W12: 0
A13: 12 | B13: 100 | C13: 100 | D13: 300 | E13: 916 | F13: 0 | G13: 100 | H13: 100 | I13: 1116 | J13: 0 | K13: 279 | L13: 0 | M13: 279 | N13: 1052.5 | P13: 0 | Q13: 0 | R13: 0 | S13: 0 | T13: 0 | U13: 0 | V13: 0 | W13: 0
... A36: 35 | B36: 48 | C36: 48 | D36: 195 | E36: 122 | F36: 0 | G36: 48 | H36: 48 | I36: 269 | J36: 0 | K36: 67.25 | L36: 0 | M36: 67.25 | N36: 5525.75 | P36: 0 | Q36: 0 | R36: 0 | S36: 0 | T36: 0 | U36: 0 | V36: 0 | W36: 0

Sheet S1_D1_Wholesaler
A1: Week | B1: CustomerDemand | C1: In | D1: Recv | E1: BegInv | F1: BegBacklog | G1: TotalReq | H1: Ship | I1: EndInv | J1: EndBacklog | K1: InvCost | L1: BackCost | M1: WeekCost | N1: CumulativeCost | O1: OrderManual | P1: OrderPlaced | Q1: OrderPipe1 | R1: OrderPipe2 | S1: ShipPipe1 | T1: ShipPipe2 | U1: InventoryPos | V1: TargetLevel | W1: SuggestedOrder
A2: 1 | B2: 0 | C2: 0 | D2: 50 | E2: 100 | F2: 0 | G2: 0 | H2: 0 | I2: 150 | J2: 0 | K2: 37.5 | L2: 0 | M2: 37.5 | N2: 37.5 | P2: 200 | Q2: 0 | R2: 0 | S2: 0 | T2: 0 | U2: 0 | V2: 0 | W2: 0
A3: 2 | B3: 0 | C3: 0 | D3: 50 | E3: 150 | F3: 0 | G3: 0 | H3: 0 | I3: 200 | J3: 0 | K3: 50 | L3: 0 | M3: 50 | N3: 87.5 | P3: 200 | Q3: 0 | R3: 0 | S3: 0 | T3: 0 | U3: 0 | V3: 0 | W3: 0
A4: 3 | B4: 264 | C4: 264 | D4: 0 | E4: 200 | F4: 0 | G4: 264 | H4: 200 | I4: 0 | J4: 64 | K4: 0 | L4: 64 | M4: 64 | N4: 151.5 | P4: 464 | Q4: 0 | R4: 0 | S4: 0 | T4: 0 | U4: 0 | V4: 0 | W4: 0
A5: 4 | B5: 360 | C5: 360 | D5: 0 | E5: 0 | F5: 64 | G5: 424 | H5: 0 | I5: 0 | J5: 424 | K5: 0 | L5: 424 | M5: 424 | N5: 575.5 | P5: 624 | Q5: 0 | R5: 0 | S5: 0 | T5: 0 | U5: 0 | V5: 0 | W5: 0
A6: 5 | B6: 436 | C6: 436 | D6: 200 | E6: 0 | F6: 424 | G6: 860 | H6: 200 | I6: 0 | J6: 660 | K6: 0 | L6: 660 | M6: 660 | N6: 1235.5 | P6: 1060 | Q6: 0 | R6: 0 | S6: 0 | T6: 0 | U6: 0 | V6: 0 | W6: 0
A7: 6 | B7: 324 | C7: 324 | D7: 0 | E7: 0 | F7: 660 | G7: 984 | H7: 0 | I7: 0 | J7: 984 | K7: 0 | L7: 984 | M7: 984 | N7: 2219.5 | P7: 984 | Q7: 0 | R7: 0 | S7: 0 | T7: 0 | U7: 0 | V7: 0 | W7: 0
A8: 7 | B8: 396 | C8: 396 | D8: 400 | E8: 0 | F8: 984 | G8: 1380 | H8: 400 | I8: 0 | J8: 980 | K8: 0 | L8: 980 | M8: 980 | N8: 3199.5 | P8: 1080 | Q8: 0 | R8: 0 | S8: 0 | T8: 0 | U8: 0 | V8: 0 | W8: 0
A9: 8 | B9: 300 | C9: 300 | D9: 300 | E9: 0 | F9: 980 | G9: 1280 | H9: 300 | I9: 0 | J9: 980 | K9: 0 | L9: 980 | M9: 980 | N9: 4179.5 | P9: 880 | Q9: 0 | R9: 0 | S9: 0 | T9: 0 | U9: 0 | V9: 0 | W9: 0
A10: 9 | B10: 368 | C10: 368 | D10: 500 | E10: 0 | F10: 980 | G10: 1348 | H10: 500 | I10: 0 | J10: 848 | K10: 0 | L10: 848 | M10: 848 | N10: 5027.5 | P10: 948 | Q10: 0 | R10: 0 | S10: 0 | T10: 0 | U10: 0 | V10: 0 | W10: 0
A11: 10 | B11: 60 | C11: 60 | D11: 300 | E11: 0 | F11: 848 | G11: 908 | H11: 300 | I11: 0 | J11: 608 | K11: 0 | L11: 608 | M11: 608 | N11: 5635.5 | P11: 644 | Q11: 0 | R11: 0 | S11: 0 | T11: 0 | U11: 0 | V11: 0 | W11: 0
A12: 11 | B12: 0 | C12: 0 | D12: 364 | E12: 0 | F12: 608 | G12: 608 | H12: 364 | I12: 0 | J12: 244 | K12: 0 | L12: 244 | M12: 244 | N12: 5879.5 | P12: 208 | Q12: 0 | R12: 0 | S12: 0 | T12: 0 | U12: 0 | V12: 0 | W12: 0
A13: 12 | B13: 0 | C13: 0 | D13: 436 | E13: 0 | F13: 244 | G13: 244 | H13: 244 | I13: 192 | J13: 0 | K13: 48 | L13: 0 | M13: 48 | N13: 5927.5 | P13: 0 | Q13: 0 | R13: 0 | S13: 0 | T13: 0 | U13: 0 | V13: 0 | W13: 0
... A36: 35 | B36: 192 | C36: 192 | D36: 0 | E36: 4381 | F36: 0 | G36: 192 | H36: 192 | I36: 4189 | J36: 0 | K36: 1047.25 | L36: 0 | M36: 1047.25 | N36: 31122.75 | P36: 0 | Q36: 0 | R36: 0 | S36: 0 | T36: 0 | U36: 0 | V36: 0 | W36: 0

Sheet S1_D1_Distributor
A1: Week | B1: CustomerDemand | C1: In | D1: Recv | E1: BegInv | F1: BegBacklog | G1: TotalReq | H1: Ship | I1: EndInv | J1: EndBacklog | K1: InvCost | L1: BackCost | M1: WeekCost | N1: CumulativeCost | O1: OrderManual | P1: OrderPlaced | Q1: OrderPipe1 | R1: OrderPipe2 | S1: ShipPipe1 | T1: ShipPipe2 | U1: InventoryPos | V1: TargetLevel | W1: SuggestedOrder
A2: 1 | B2: 0 | C2: 0 | D2: 50 | E2: 100 | F2: 0 | G2: 0 | H2: 0 | I2: 150 | J2: 0 | K2: 37.5 | L2: 0 | M2: 37.5 | N2: 37.5 | P2: 400 | Q2: 0 | R2: 0 | S2: 0 | T2: 0 | U2: 0 | V2: 0 | W2: 0
A3: 2 | B3: 0 | C3: 0 | D3: 50 | E3: 150 | F3: 0 | G3: 0 | H3: 0 | I3: 200 | J3: 0 | K3: 50 | L3: 0 | M3: 50 | N3: 87.5 | P3: 300 | Q3: 0 | R3: 0 | S3: 0 | T3: 0 | U3: 0 | V3: 0 | W3: 0
A4: 3 | B4: 200 | C4: 200 | D4: 0 | E4: 200 | F4: 0 | G4: 200 | H4: 200 | I4: 0 | J4: 0 | K4: 0 | L4: 0 | M4: 0 | N4: 87.5 | P4: 500 | Q4: 0 | R4: 0 | S4: 0 | T4: 0 | U4: 0 | V4: 0 | W4: 0
A5: 4 | B5: 200 | C5: 200 | D5: 0 | E5: 0 | F5: 0 | G5: 200 | H5: 0 | I5: 0 | J5: 200 | K5: 0 | L5: 200 | M5: 200 | N5: 287.5 | P5: 300 | Q5: 0 | R5: 0 | S5: 0 | T5: 0 | U5: 0 | V5: 0 | W5: 0
A6: 5 | B6: 464 | C6: 464 | D6: 400 | E6: 0 | F6: 200 | G6: 664 | H6: 400 | I6: 0 | J6: 264 | K6: 0 | L6: 264 | M6: 264 | N6: 551.5 | P6: 364 | Q6: 0 | R6: 0 | S6: 0 | T6: 0 | U6: 0 | V6: 0 | W6: 0
A7: 6 | B7: 624 | C7: 624 | D7: 300 | E7: 0 | F7: 264 | G7: 888 | H7: 300 | I7: 0 | J7: 588 | K7: 0 | L7: 588 | M7: 588 | N7: 1139.5 | P7: 488 | Q7: 0 | R7: 0 | S7: 0 | T7: 0 | U7: 0 | V7: 0 | W7: 0
A8: 7 | B8: 1060 | C8: 1060 | D8: 500 | E8: 0 | F8: 588 | G8: 1648 | H8: 500 | I8: 0 | J8: 1148 | K8: 0 | L8: 1148 | M8: 1148 | N8: 2287.5 | P8: 1248 | Q8: 0 | R8: 0 | S8: 0 | T8: 0 | U8: 0 | V8: 0 | W8: 0
A9: 8 | B9: 984 | C9: 984 | D9: 300 | E9: 0 | F9: 1148 | G9: 2132 | H9: 300 | I9: 0 | J9: 1832 | K9: 0 | L9: 1832 | M9: 1832 | N9: 4119.5 | P9: 1868 | Q9: 0 | R9: 0 | S9: 0 | T9: 0 | U9: 0 | V9: 0 | W9: 0
A10: 9 | B10: 1080 | C10: 1080 | D10: 364 | E10: 0 | F10: 1832 | G10: 2912 | H10: 364 | I10: 0 | J10: 2548 | K10: 0 | L10: 2548 | M10: 2548 | N10: 6667.5 | P10: 2512 | Q10: 0 | R10: 0 | S10: 0 | T10: 0 | U10: 0 | V10: 0 | W10: 0
A11: 10 | B11: 880 | C11: 880 | D11: 436 | E11: 0 | F11: 2548 | G11: 3428 | H11: 436 | I11: 0 | J11: 2992 | K11: 0 | L11: 2992 | M11: 2992 | N11: 9659.5 | P11: 3028 | Q11: 0 | R11: 0 | S11: 0 | T11: 0 | U11: 0 | V11: 0 | W11: 0
A12: 11 | B12: 948 | C12: 948 | D12: 364 | E12: 0 | F12: 2992 | G12: 3940 | H12: 364 | I12: 0 | J12: 3576 | K12: 0 | L12: 3576 | M12: 3576 | N12: 13235.5 | P12: 3488 | Q12: 0 | R12: 0 | S12: 0 | T12: 0 | U12: 0 | V12: 0 | W12: 0
A13: 12 | B13: 644 | C13: 644 | D13: 488 | E13: 0 | F13: 3576 | G13: 4220 | H13: 488 | I13: 0 | J13: 3732 | K13: 0 | L13: 3732 | M13: 3732 | N13: 16967.5 | P13: 2884 | Q13: 0 | R13: 0 | S13: 0 | T13: 0 | U13: 0 | V13: 0 | W13: 0
... A36: 35 | B36: 0 | C36: 0 | D36: 0 | E36: 11512 | F36: 0 | G36: 0 | H36: 0 | I36: 11512 | J36: 0 | K36: 2878 | L36: 0 | M36: 2878 | N36: 75833.5 | P36: 0 | Q36: 0 | R36: 0 | S36: 0 | T36: 0 | U36: 0 | V36: 0 | W36: 0

Sheet S1_D1_Factory
A1: Week | B1: CustomerDemand | C1: In | D1: Recv | E1: BegInv | F1: BegBacklog | G1: TotalReq | H1: Ship | I1: EndInv | J1: EndBacklog | K1: InvCost | L1: BackCost | M1: WeekCost | N1: CumulativeCost | O1: OrderManual | P1: OrderPlaced | Q1: OrderPipe1 | R1: OrderPipe2 | S1: ShipPipe1 | T1: ShipPipe2 | U1: InventoryPos | V1: TargetLevel | W1: SuggestedOrder
A2: 1 | B2: 0 | C2: 0 | D2: 50 | E2: 100 | F2: 0 | G2: 0 | H2: 0 | I2: 150 | J2: 0 | K2: 37.5 | L2: 0 | M2: 37.5 | N2: 37.5 | P2: 600 | Q2: 0 | R2: 0 | S2: 0 | T2: 0 | U2: 0 | V2: 0 | W2: 0
A3: 2 | B3: 0 | C3: 0 | D3: 50 | E3: 150 | F3: 0 | G3: 0 | H3: 0 | I3: 200 | J3: 0 | K3: 50 | L3: 0 | M3: 50 | N3: 87.5 | P3: 0 | Q3: 0 | R3: 0 | S3: 0 | T3: 0 | U3: 0 | V3: 0 | W3: 0
A4: 3 | B4: 400 | C4: 400 | D4: 600 | E4: 200 | F4: 0 | G4: 400 | H4: 400 | I4: 400 | J4: 0 | K4: 100 | L4: 0 | M4: 100 | N4: 187.5 | P4: 400 | Q4: 0 | R4: 0 | S4: 0 | T4: 0 | U4: 0 | V4: 0 | W4: 0
A5: 4 | B5: 300 | C5: 300 | D5: 0 | E5: 400 | F5: 0 | G5: 300 | H5: 300 | I5: 100 | J5: 0 | K5: 25 | L5: 0 | M5: 25 | N5: 212.5 | P5: 300 | Q5: 0 | R5: 0 | S5: 0 | T5: 0 | U5: 0 | V5: 0 | W5: 0
A6: 5 | B6: 500 | C6: 500 | D6: 400 | E6: 100 | F6: 0 | G6: 500 | H6: 500 | I6: 0 | J6: 0 | K6: 0 | L6: 0 | M6: 0 | N6: 212.5 | P6: 500 | Q6: 0 | R6: 0 | S6: 0 | T6: 0 | U6: 0 | V6: 0 | W6: 0
A7: 6 | B7: 300 | C7: 300 | D7: 300 | E7: 0 | F7: 0 | G7: 300 | H7: 300 | I7: 0 | J7: 0 | K7: 0 | L7: 0 | M7: 0 | N7: 212.5 | P7: 300 | Q7: 0 | R7: 0 | S7: 0 | T7: 0 | U7: 0 | V7: 0 | W7: 0
A8: 7 | B8: 364 | C8: 364 | D8: 500 | E8: 0 | F8: 0 | G8: 364 | H8: 364 | I8: 136 | J8: 0 | K8: 34 | L8: 0 | M8: 34 | N8: 246.5 | P8: 364 | Q8: 0 | R8: 0 | S8: 0 | T8: 0 | U8: 0 | V8: 0 | W8: 0
A9: 8 | B9: 488 | C9: 488 | D9: 300 | E9: 136 | F9: 0 | G9: 488 | H9: 436 | I9: 0 | J9: 52 | K9: 0 | L9: 52 | M9: 52 | N9: 298.5 | P9: 488 | Q9: 0 | R9: 0 | S9: 0 | T9: 0 | U9: 0 | V9: 0 | W9: 0
A10: 9 | B10: 1248 | C10: 1248 | D10: 364 | E10: 0 | F10: 52 | G10: 1300 | H10: 364 | I10: 0 | J10: 936 | K10: 0 | L10: 936 | M10: 936 | N10: 1234.5 | P10: 1248 | Q10: 0 | R10: 0 | S10: 0 | T10: 0 | U10: 0 | V10: 0 | W10: 0
A11: 10 | B11: 1868 | C11: 1868 | D11: 488 | E11: 0 | F11: 936 | G11: 2804 | H11: 488 | I11: 0 | J11: 2316 | K11: 0 | L11: 2316 | M11: 2316 | N11: 3550.5 | P11: 1868 | Q11: 0 | R11: 0 | S11: 0 | T11: 0 | U11: 0 | V11: 0 | W11: 0
A12: 11 | B12: 2512 | C12: 2512 | D12: 1248 | E12: 0 | F12: 2316 | G12: 4828 | H12: 1248 | I12: 0 | J12: 3580 | K12: 0 | L12: 3580 | M12: 3580 | N12: 7130.5 | P12: 2512 | Q12: 0 | R12: 0 | S12: 0 | T12: 0 | U12: 0 | V12: 0 | W12: 0
A13: 12 | B13: 3028 | C13: 3028 | D13: 1868 | E13: 0 | F13: 3580 | G13: 6608 | H13: 1868 | I13: 0 | J13: 4740 | K13: 0 | L13: 4740 | M13: 4740 | N13: 11870.5 | P13: 3028 | Q13: 0 | R13: 0 | S13: 0 | T13: 0 | U13: 0 | V13: 0 | W13: 0
... A36: 35 | B36: 0 | C36: 0 | D36: 0 | E36: 400 | F36: 0 | G36: 0 | H36: 0 | I36: 400 | J36: 0 | K36: 100 | L36: 0 | M36: 100 | N36: 28790.5 | P36: 0 | Q36: 0 | R36: 0 | S36: 0 | T36: 0 | U36: 0 | V36: 0 | W36: 0

Sheet S1_D2_Retailer
A1: Week | B1: CustomerDemand | C1: In | D1: Recv | E1: BegInv | F1: BegBacklog | G1: TotalReq | H1: Ship | I1: EndInv | J1: EndBacklog | K1: InvCost | L1: BackCost | M1: WeekCost | N1: CumulativeCost | O1: OrderManual | P1: OrderPlaced | Q1: OrderPipe1 | R1: OrderPipe2 | S1: ShipPipe1 | T1: ShipPipe2 | U1: InventoryPos | V1: TargetLevel | W1: SuggestedOrder
A2: 1 | B2: 100 | C2: 100 | D2: 50 | E2: 100 | F2: 0 | G2: 100 | H2: 100 | I2: 50 | J2: 0 | K2: 12.5 | L2: 0 | M2: 12.5 | N2: 12.5 | P2: 300 | Q2: 0 | R2: 0 | S2: 0 | T2: 0 | U2: 0 | V2: 0 | W2: 0
A3: 2 | B3: 100 | C3: 100 | D3: 50 | E3: 50 | F3: 0 | G3: 100 | H3: 100 | I3: 0 | J3: 0 | K3: 0 | L3: 0 | M3: 0 | N3: 12.5 | P3: 400 | Q3: 0 | R3: 0 | S3: 0 | T3: 0 | U3: 0 | V3: 0 | W3: 0
A4: 3 | B4: 100 | C4: 100 | D4: 0 | E4: 0 | F4: 0 | G4: 100 | H4: 0 | I4: 0 | J4: 100 | K4: 0 | L4: 100 | M4: 100 | N4: 112.5 | P4: 500 | Q4: 0 | R4: 0 | S4: 0 | T4: 0 | U4: 0 | V4: 0 | W4: 0
A5: 4 | B5: 100 | C5: 100 | D5: 0 | E5: 0 | F5: 100 | G5: 200 | H5: 0 | I5: 0 | J5: 200 | K5: 0 | L5: 200 | M5: 200 | N5: 312.5 | P5: 400 | Q5: 0 | R5: 0 | S5: 0 | T5: 0 | U5: 0 | V5: 0 | W5: 0
A6: 5 | B6: 100 | C6: 100 | D6: 200 | E6: 0 | F6: 200 | G6: 300 | H6: 200 | I6: 0 | J6: 100 | K6: 0 | L6: 100 | M6: 100 | N6: 412.5 | P6: 500 | Q6: 0 | R6: 0 | S6: 0 | T6: 0 | U6: 0 | V6: 0 | W6: 0
A7: 6 | B7: 100 | C7: 100 | D7: 0 | E7: 0 | F7: 100 | G7: 200 | H7: 0 | I7: 0 | J7: 200 | K7: 0 | L7: 200 | M7: 200 | N7: 612.5 | P7: 400 | Q7: 0 | R7: 0 | S7: 0 | T7: 0 | U7: 0 | V7: 0 | W7: 0
A8: 7 | B8: 100 | C8: 100 | D8: 200 | E8: 0 | F8: 200 | G8: 300 | H8: 200 | I8: 0 | J8: 100 | K8: 0 | L8: 100 | M8: 100 | N8: 712.5 | P8: 500 | Q8: 0 | R8: 0 | S8: 0 | T8: 0 | U8: 0 | V8: 0 | W8: 0
A9: 8 | B9: 100 | C9: 100 | D9: 0 | E9: 0 | F9: 100 | G9: 200 | H9: 0 | I9: 0 | J9: 200 | K9: 0 | L9: 200 | M9: 200 | N9: 912.5 | P9: 200 | Q9: 0 | R9: 0 | S9: 0 | T9: 0 | U9: 0 | V9: 0 | W9: 0
A10: 9 | B10: 100 | C10: 100 | D10: 400 | E10: 0 | F10: 200 | G10: 300 | H10: 300 | I10: 100 | J10: 0 | K10: 25 | L10: 0 | M10: 25 | N10: 937.5 | P10: 0 | Q10: 0 | R10: 0 | S10: 0 | T10: 0 | U10: 0 | V10: 0 | W10: 0
A11: 10 | B11: 100 | C11: 100 | D11: 300 | E11: 100 | F11: 0 | G11: 100 | H11: 100 | I11: 300 | J11: 0 | K11: 75 | L11: 0 | M11: 75 | N11: 1012.5 | P11: 0 | Q11: 0 | R11: 0 | S11: 0 | T11: 0 | U11: 0 | V11: 0 | W11: 0
A12: 11 | B12: 100 | C12: 100 | D12: 500 | E12: 300 | F12: 0 | G12: 100 | H12: 100 | I12: 700 | J12: 0 | K12: 175 | L12: 0 | M12: 175 | N12: 1187.5 | P12: 0 | Q12: 0 | R12: 0 | S12: 0 | T12: 0 | U12: 0 | V12: 0 | W12: 0
A13: 12 | B13: 100 | C13: 100 | D13: 300 | E13: 700 | F13: 0 | G13: 100 | H13: 100 | I13: 900 | J13: 0 | K13: 225 | L13: 0 | M13: 225 | N13: 1412.5 | P13: 0 | Q13: 0 | R13: 0 | S13: 0 | T13: 0 | U13: 0 | V13: 0 | W13: 0
... A36: 35 | B36: 100 | C36: 100 | D36: 100 | E36: 0 | F36: 0 | G36: 100 | H36: 100 | I36: 0 | J36: 0 | K36: 0 | L36: 0 | M36: 0 | N36: 6812.5 | P36: 200 | Q36: 0 | R36: 0 | S36: 0 | T36: 0 | U36: 0 | V36: 0 | W36: 0

Sheet S1_D2_Wholesaler
A1: Week | B1: CustomerDemand | C1: In | D1: Recv | E1: BegInv | F1: BegBacklog | G1: TotalReq | H1: Ship | I1: EndInv | J1: EndBacklog | K1: InvCost | L1: BackCost | M1: WeekCost | N1: CumulativeCost | O1: OrderManual | P1: OrderPlaced | Q1: OrderPipe1 | R1: OrderPipe2 | S1: ShipPipe1 | T1: ShipPipe2 | U1: InventoryPos | V1: TargetLevel | W1: SuggestedOrder
A2: 1 | B2: 0 | C2: 0 | D2: 50 | E2: 100 | F2: 0 | G2: 0 | H2: 0 | I2: 150 | J2: 0 | K2: 37.5 | L2: 0 | M2: 37.5 | N2: 37.5 | P2: 200 | Q2: 0 | R2: 0 | S2: 0 | T2: 0 | U2: 0 | V2: 0 | W2: 0
A3: 2 | B3: 0 | C3: 0 | D3: 50 | E3: 150 | F3: 0 | G3: 0 | H3: 0 | I3: 200 | J3: 0 | K3: 50 | L3: 0 | M3: 50 | N3: 87.5 | P3: 200 | Q3: 0 | R3: 0 | S3: 0 | T3: 0 | U3: 0 | V3: 0 | W3: 0
A4: 3 | B4: 300 | C4: 300 | D4: 0 | E4: 200 | F4: 0 | G4: 300 | H4: 200 | I4: 0 | J4: 100 | K4: 0 | L4: 100 | M4: 100 | N4: 187.5 | P4: 500 | Q4: 0 | R4: 0 | S4: 0 | T4: 0 | U4: 0 | V4: 0 | W4: 0
A5: 4 | B5: 400 | C5: 400 | D5: 0 | E5: 0 | F5: 100 | G5: 500 | H5: 0 | I5: 0 | J5: 500 | K5: 0 | L5: 500 | M5: 500 | N5: 687.5 | P5: 700 | Q5: 0 | R5: 0 | S5: 0 | T5: 0 | U5: 0 | V5: 0 | W5: 0
A6: 5 | B6: 500 | C6: 500 | D6: 200 | E6: 0 | F6: 500 | G6: 1000 | H6: 200 | I6: 0 | J6: 800 | K6: 0 | L6: 800 | M6: 800 | N6: 1487.5 | P6: 1200 | Q6: 0 | R6: 0 | S6: 0 | T6: 0 | U6: 0 | V6: 0 | W6: 0
A7: 6 | B7: 400 | C7: 400 | D7: 0 | E7: 0 | F7: 800 | G7: 1200 | H7: 0 | I7: 0 | J7: 1200 | K7: 0 | L7: 1200 | M7: 1200 | N7: 2687.5 | P7: 1200 | Q7: 0 | R7: 0 | S7: 0 | T7: 0 | U7: 0 | V7: 0 | W7: 0
A8: 7 | B8: 500 | C8: 500 | D8: 400 | E8: 0 | F8: 1200 | G8: 1700 | H8: 400 | I8: 0 | J8: 1300 | K8: 0 | L8: 1300 | M8: 1300 | N8: 3987.5 | P8: 1400 | Q8: 0 | R8: 0 | S8: 0 | T8: 0 | U8: 0 | V8: 0 | W8: 0
A9: 8 | B9: 400 | C9: 400 | D9: 300 | E9: 0 | F9: 1300 | G9: 1700 | H9: 300 | I9: 0 | J9: 1400 | K9: 0 | L9: 1400 | M9: 1400 | N9: 5387.5 | P9: 1300 | Q9: 0 | R9: 0 | S9: 0 | T9: 0 | U9: 0 | V9: 0 | W9: 0
A10: 9 | B10: 500 | C10: 500 | D10: 500 | E10: 0 | F10: 1400 | G10: 1900 | H10: 500 | I10: 0 | J10: 1400 | K10: 0 | L10: 1400 | M10: 1400 | N10: 6787.5 | P10: 1500 | Q10: 0 | R10: 0 | S10: 0 | T10: 0 | U10: 0 | V10: 0 | W10: 0
A11: 10 | B11: 200 | C11: 200 | D11: 300 | E11: 0 | F11: 1400 | G11: 1600 | H11: 300 | I11: 0 | J11: 1300 | K11: 0 | L11: 1300 | M11: 1300 | N11: 8087.5 | P11: 1300 | Q11: 0 | R11: 0 | S11: 0 | T11: 0 | U11: 0 | V11: 0 | W11: 0
A12: 11 | B12: 0 | C12: 0 | D12: 400 | E12: 0 | F12: 1300 | G12: 1300 | H12: 400 | I12: 0 | J12: 900 | K12: 0 | L12: 900 | M12: 900 | N12: 8987.5 | P12: 900 | Q12: 0 | R12: 0 | S12: 0 | T12: 0 | U12: 0 | V12: 0 | W12: 0
A13: 12 | B13: 0 | C13: 0 | D13: 400 | E13: 0 | F13: 900 | G13: 900 | H13: 400 | I13: 0 | J13: 500 | K13: 0 | L13: 500 | M13: 500 | N13: 9487.5 | P13: 500 | Q13: 0 | R13: 0 | S13: 0 | T13: 0 | U13: 0 | V13: 0 | W13: 0
... A36: 35 | B36: 300 | C36: 300 | D36: 0 | E36: 7600 | F36: 0 | G36: 300 | H36: 300 | I36: 7300 | J36: 0 | K36: 1825 | L36: 0 | M36: 1825 | N36: 48487.5 | P36: 0 | Q36: 0 | R36: 0 | S36: 0 | T36: 0 | U36: 0 | V36: 0 | W36: 0

Sheet S1_D2_Distributor
A1: Week | B1: CustomerDemand | C1: In | D1: Recv | E1: BegInv | F1: BegBacklog | G1: TotalReq | H1: Ship | I1: EndInv | J1: EndBacklog | K1: InvCost | L1: BackCost | M1: WeekCost | N1: CumulativeCost | O1: OrderManual | P1: OrderPlaced | Q1: OrderPipe1 | R1: OrderPipe2 | S1: ShipPipe1 | T1: ShipPipe2 | U1: InventoryPos | V1: TargetLevel | W1: SuggestedOrder
A2: 1 | B2: 0 | C2: 0 | D2: 50 | E2: 100 | F2: 0 | G2: 0 | H2: 0 | I2: 150 | J2: 0 | K2: 37.5 | L2: 0 | M2: 37.5 | N2: 37.5 | P2: 400 | Q2: 0 | R2: 0 | S2: 0 | T2: 0 | U2: 0 | V2: 0 | W2: 0
A3: 2 | B3: 0 | C3: 0 | D3: 50 | E3: 150 | F3: 0 | G3: 0 | H3: 0 | I3: 200 | J3: 0 | K3: 50 | L3: 0 | M3: 50 | N3: 87.5 | P3: 300 | Q3: 0 | R3: 0 | S3: 0 | T3: 0 | U3: 0 | V3: 0 | W3: 0
A4: 3 | B4: 200 | C4: 200 | D4: 0 | E4: 200 | F4: 0 | G4: 200 | H4: 200 | I4: 0 | J4: 0 | K4: 0 | L4: 0 | M4: 0 | N4: 87.5 | P4: 500 | Q4: 0 | R4: 0 | S4: 0 | T4: 0 | U4: 0 | V4: 0 | W4: 0
A5: 4 | B5: 200 | C5: 200 | D5: 0 | E5: 0 | F5: 0 | G5: 200 | H5: 0 | I5: 0 | J5: 200 | K5: 0 | L5: 200 | M5: 200 | N5: 287.5 | P5: 300 | Q5: 0 | R5: 0 | S5: 0 | T5: 0 | U5: 0 | V5: 0 | W5: 0
A6: 5 | B6: 500 | C6: 500 | D6: 400 | E6: 0 | F6: 200 | G6: 700 | H6: 400 | I6: 0 | J6: 300 | K6: 0 | L6: 300 | M6: 300 | N6: 587.5 | P6: 400 | Q6: 0 | R6: 0 | S6: 0 | T6: 0 | U6: 0 | V6: 0 | W6: 0
A7: 6 | B7: 700 | C7: 700 | D7: 300 | E7: 0 | F7: 300 | G7: 1000 | H7: 300 | I7: 0 | J7: 700 | K7: 0 | L7: 700 | M7: 700 | N7: 1287.5 | P7: 600 | Q7: 0 | R7: 0 | S7: 0 | T7: 0 | U7: 0 | V7: 0 | W7: 0
A8: 7 | B8: 1200 | C8: 1200 | D8: 500 | E8: 0 | F8: 700 | G8: 1900 | H8: 500 | I8: 0 | J8: 1400 | K8: 0 | L8: 1400 | M8: 1400 | N8: 2687.5 | P8: 1500 | Q8: 0 | R8: 0 | S8: 0 | T8: 0 | U8: 0 | V8: 0 | W8: 0
A9: 8 | B9: 1200 | C9: 1200 | D9: 300 | E9: 0 | F9: 1400 | G9: 2600 | H9: 300 | I9: 0 | J9: 2300 | K9: 0 | L9: 2300 | M9: 2300 | N9: 4987.5 | P9: 2300 | Q9: 0 | R9: 0 | S9: 0 | T9: 0 | U9: 0 | V9: 0 | W9: 0
A10: 9 | B10: 1400 | C10: 1400 | D10: 400 | E10: 0 | F10: 2300 | G10: 3700 | H10: 400 | I10: 0 | J10: 3300 | K10: 0 | L10: 3300 | M10: 3300 | N10: 8287.5 | P10: 3300 | Q10: 0 | R10: 0 | S10: 0 | T10: 0 | U10: 0 | V10: 0 | W10: 0
A11: 10 | B11: 1300 | C11: 1300 | D11: 400 | E11: 0 | F11: 3300 | G11: 4600 | H11: 400 | I11: 0 | J11: 4200 | K11: 0 | L11: 4200 | M11: 4200 | N11: 12487.5 | P11: 4200 | Q11: 0 | R11: 0 | S11: 0 | T11: 0 | U11: 0 | V11: 0 | W11: 0
A12: 11 | B12: 1500 | C12: 1500 | D12: 400 | E12: 0 | F12: 4200 | G12: 5700 | H12: 400 | I12: 0 | J12: 5300 | K12: 0 | L12: 5300 | M12: 5300 | N12: 17787.5 | P12: 5100 | Q12: 0 | R12: 0 | S12: 0 | T12: 0 | U12: 0 | V12: 0 | W12: 0
A13: 12 | B13: 1300 | C13: 1300 | D13: 600 | E13: 0 | F13: 5300 | G13: 6600 | H13: 600 | I13: 0 | J13: 6000 | K13: 0 | L13: 6000 | M13: 6000 | N13: 23787.5 | P13: 4900 | Q13: 0 | R13: 0 | S13: 0 | T13: 0 | U13: 0 | V13: 0 | W13: 0
... A36: 35 | B36: 0 | C36: 0 | D36: 0 | E36: 17300 | F36: 0 | G36: 0 | H36: 0 | I36: 17300 | J36: 0 | K36: 4325 | L36: 0 | M36: 4325 | N36: 113312.5 | P36: 0 | Q36: 0 | R36: 0 | S36: 0 | T36: 0 | U36: 0 | V36: 0 | W36: 0

Sheet S1_D2_Factory
A1: Week | B1: CustomerDemand | C1: In | D1: Recv | E1: BegInv | F1: BegBacklog | G1: TotalReq | H1: Ship | I1: EndInv | J1: EndBacklog | K1: InvCost | L1: BackCost | M1: WeekCost | N1: CumulativeCost | O1: OrderManual | P1: OrderPlaced | Q1: OrderPipe1 | R1: OrderPipe2 | S1: ShipPipe1 | T1: ShipPipe2 | U1: InventoryPos | V1: TargetLevel | W1: SuggestedOrder
A2: 1 | B2: 0 | C2: 0 | D2: 50 | E2: 100 | F2: 0 | G2: 0 | H2: 0 | I2: 150 | J2: 0 | K2: 37.5 | L2: 0 | M2: 37.5 | N2: 37.5 | P2: 600 | Q2: 0 | R2: 0 | S2: 0 | T2: 0 | U2: 0 | V2: 0 | W2: 0
A3: 2 | B3: 0 | C3: 0 | D3: 50 | E3: 150 | F3: 0 | G3: 0 | H3: 0 | I3: 200 | J3: 0 | K3: 50 | L3: 0 | M3: 50 | N3: 87.5 | P3: 0 | Q3: 0 | R3: 0 | S3: 0 | T3: 0 | U3: 0 | V3: 0 | W3: 0
A4: 3 | B4: 400 | C4: 400 | D4: 600 | E4: 200 | F4: 0 | G4: 400 | H4: 400 | I4: 400 | J4: 0 | K4: 100 | L4: 0 | M4: 100 | N4: 187.5 | P4: 400 | Q4: 0 | R4: 0 | S4: 0 | T4: 0 | U4: 0 | V4: 0 | W4: 0
A5: 4 | B5: 300 | C5: 300 | D5: 0 | E5: 400 | F5: 0 | G5: 300 | H5: 300 | I5: 100 | J5: 0 | K5: 25 | L5: 0 | M5: 25 | N5: 212.5 | P5: 300 | Q5: 0 | R5: 0 | S5: 0 | T5: 0 | U5: 0 | V5: 0 | W5: 0
A6: 5 | B6: 500 | C6: 500 | D6: 400 | E6: 100 | F6: 0 | G6: 500 | H6: 500 | I6: 0 | J6: 0 | K6: 0 | L6: 0 | M6: 0 | N6: 212.5 | P6: 500 | Q6: 0 | R6: 0 | S6: 0 | T6: 0 | U6: 0 | V6: 0 | W6: 0
A7: 6 | B7: 300 | C7: 300 | D7: 300 | E7: 0 | F7: 0 | G7: 300 | H7: 300 | I7: 0 | J7: 0 | K7: 0 | L7: 0 | M7: 0 | N7: 212.5 | P7: 300 | Q7: 0 | R7: 0 | S7: 0 | T7: 0 | U7: 0 | V7: 0 | W7: 0
A8: 7 | B8: 400 | C8: 400 | D8: 500 | E8: 0 | F8: 0 | G8: 400 | H8: 400 | I8: 100 | J8: 0 | K8: 25 | L8: 0 | M8: 25 | N8: 237.5 | P8: 400 | Q8: 0 | R8: 0 | S8: 0 | T8: 0 | U8: 0 | V8: 0 | W8: 0
A9: 8 | B9: 600 | C9: 600 | D9: 300 | E9: 100 | F9: 0 | G9: 600 | H9: 400 | I9: 0 | J9: 200 | K9: 0 | L9: 200 | M9: 200 | N9: 437.5 | P9: 600 | Q9: 0 | R9: 0 | S9: 0 | T9: 0 | U9: 0 | V9: 0 | W9: 0
A10: 9 | B10: 1500 | C10: 1500 | D10: 400 | E10: 0 | F10: 200 | G10: 1700 | H10: 400 | I10: 0 | J10: 1300 | K10: 0 | L10: 1300 | M10: 1300 | N10: 1737.5 | P10: 1500 | Q10: 0 | R10: 0 | S10: 0 | T10: 0 | U10: 0 | V10: 0 | W10: 0
A11: 10 | B11: 2300 | C11: 2300 | D11: 600 | E11: 0 | F11: 1300 | G11: 3600 | H11: 600 | I11: 0 | J11: 3000 | K11: 0 | L11: 3000 | M11: 3000 | N11: 4737.5 | P11: 2300 | Q11: 0 | R11: 0 | S11: 0 | T11: 0 | U11: 0 | V11: 0 | W11: 0
A12: 11 | B12: 3300 | C12: 3300 | D12: 1500 | E12: 0 | F12: 3000 | G12: 6300 | H12: 1500 | I12: 0 | J12: 4800 | K12: 0 | L12: 4800 | M12: 4800 | N12: 9537.5 | P12: 3300 | Q12: 0 | R12: 0 | S12: 0 | T12: 0 | U12: 0 | V12: 0 | W12: 0
A13: 12 | B13: 4200 | C13: 4200 | D13: 2300 | E13: 0 | F13: 4800 | G13: 9000 | H13: 2300 | I13: 0 | J13: 6700 | K13: 0 | L13: 6700 | M13: 6700 | N13: 16237.5 | P13: 4200 | Q13: 0 | R13: 0 | S13: 0 | T13: 0 | U13: 0 | V13: 0 | W13: 0
... A36: 35 | B36: 0 | C36: 0 | D36: 0 | E36: 400 | F36: 0 | G36: 0 | H36: 0 | I36: 400 | J36: 0 | K36: 100 | L36: 0 | M36: 100 | N36: 46737.5 | P36: 0 | Q36: 0 | R36: 0 | S36: 0 | T36: 0 | U36: 0 | V36: 0 | W36: 0

Sheet S1_D3_Retailer
A1: Week | B1: CustomerDemand | C1: In | D1: Recv | E1: BegInv | F1: BegBacklog | G1: TotalReq | H1: Ship | I1: EndInv | J1: EndBacklog | K1: InvCost | L1: BackCost | M1: WeekCost | N1: CumulativeCost | O1: OrderManual | P1: OrderPlaced | Q1: OrderPipe1 | R1: OrderPipe2 | S1: ShipPipe1 | T1: ShipPipe2 | U1: InventoryPos | V1: TargetLevel | W1: SuggestedOrder
A2: 1 | B2: 91 | C2: 91 | D2: 50 | E2: 100 | F2: 0 | G2: 91 | H2: 91 | I2: 59 | J2: 0 | K2: 14.75 | L2: 0 | M2: 14.75 | N2: 14.75 | P2: 291 | Q2: 0 | R2: 0 | S2: 0 | T2: 0 | U2: 0 | V2: 0 | W2: 0
A3: 2 | B3: 139 | C3: 139 | D3: 50 | E3: 59 | F3: 0 | G3: 139 | H3: 109 | I3: 0 | J3: 30 | K3: 0 | L3: 30 | M3: 30 | N3: 44.75 | P3: 430 | Q3: 0 | R3: 0 | S3: 0 | T3: 0 | U3: 0 | V3: 0 | W3: 0
A4: 3 | B4: 109 | C4: 109 | D4: 0 | E4: 0 | F4: 30 | G4: 139 | H4: 0 | I4: 0 | J4: 139 | K4: 0 | L4: 139 | M4: 139 | N4: 183.75 | P4: 539 | Q4: 0 | R4: 0 | S4: 0 | T4: 0 | U4: 0 | V4: 0 | W4: 0
A5: 4 | B5: 127 | C5: 127 | D5: 0 | E5: 0 | F5: 139 | G5: 266 | H5: 0 | I5: 0 | J5: 266 | K5: 0 | L5: 266 | M5: 266 | N5: 449.75 | P5: 466 | Q5: 0 | R5: 0 | S5: 0 | T5: 0 | U5: 0 | V5: 0 | W5: 0
A6: 5 | B6: 103 | C6: 103 | D6: 200 | E6: 0 | F6: 266 | G6: 369 | H6: 200 | I6: 0 | J6: 169 | K6: 0 | L6: 169 | M6: 169 | N6: 618.75 | P6: 569 | Q6: 0 | R6: 0 | S6: 0 | T6: 0 | U6: 0 | V6: 0 | W6: 0
A7: 6 | B7: 151 | C7: 151 | D7: 0 | E7: 0 | F7: 169 | G7: 320 | H7: 0 | I7: 0 | J7: 320 | K7: 0 | L7: 320 | M7: 320 | N7: 938.75 | P7: 520 | Q7: 0 | R7: 0 | S7: 0 | T7: 0 | U7: 0 | V7: 0 | W7: 0
A8: 7 | B8: 97 | C8: 97 | D8: 200 | E8: 0 | F8: 320 | G8: 417 | H8: 200 | I8: 0 | J8: 217 | K8: 0 | L8: 217 | M8: 217 | N8: 1155.75 | P8: 617 | Q8: 0 | R8: 0 | S8: 0 | T8: 0 | U8: 0 | V8: 0 | W8: 0
A9: 8 | B9: 133 | C9: 133 | D9: 0 | E9: 0 | F9: 217 | G9: 350 | H9: 0 | I9: 0 | J9: 350 | K9: 0 | L9: 350 | M9: 350 | N9: 1505.75 | P9: 350 | Q9: 0 | R9: 0 | S9: 0 | T9: 0 | U9: 0 | V9: 0 | W9: 0
A10: 9 | B10: 115 | C10: 115 | D10: 400 | E10: 0 | F10: 350 | G10: 465 | H10: 400 | I10: 0 | J10: 65 | K10: 0 | L10: 65 | M10: 65 | N10: 1570.75 | P10: 165 | Q10: 0 | R10: 0 | S10: 0 | T10: 0 | U10: 0 | V10: 0 | W10: 0
A11: 10 | B11: 121 | C11: 121 | D11: 300 | E11: 0 | F11: 65 | G11: 186 | H11: 186 | I11: 114 | J11: 0 | K11: 28.5 | L11: 0 | M11: 28.5 | N11: 1599.25 | P11: 0 | Q11: 0 | R11: 0 | S11: 0 | T11: 0 | U11: 0 | V11: 0 | W11: 0
A12: 11 | B12: 85 | C12: 85 | D12: 500 | E12: 114 | F12: 0 | G12: 85 | H12: 85 | I12: 529 | J12: 0 | K12: 132.25 | L12: 0 | M12: 132.25 | N12: 1731.5 | P12: 0 | Q12: 0 | R12: 0 | S12: 0 | T12: 0 | U12: 0 | V12: 0 | W12: 0
A13: 12 | B13: 145 | C13: 145 | D13: 300 | E13: 529 | F13: 0 | G13: 145 | H13: 145 | I13: 684 | J13: 0 | K13: 171 | L13: 0 | M13: 171 | N13: 1902.5 | P13: 0 | Q13: 0 | R13: 0 | S13: 0 | T13: 0 | U13: 0 | V13: 0 | W13: 0
... A36: 35 | B36: 67 | C36: 67 | D36: 0 | E36: 189 | F36: 0 | G36: 67 | H36: 67 | I36: 122 | J36: 0 | K36: 30.5 | L36: 0 | M36: 30.5 | N36: 8668.5 | P36: 278 | Q36: 0 | R36: 0 | S36: 0 | T36: 0 | U36: 0 | V36: 0 | W36: 0

Sheet S1_D3_Wholesaler
A1: Week | B1: CustomerDemand | C1: In | D1: Recv | E1: BegInv | F1: BegBacklog | G1: TotalReq | H1: Ship | I1: EndInv | J1: EndBacklog | K1: InvCost | L1: BackCost | M1: WeekCost | N1: CumulativeCost | O1: OrderManual | P1: OrderPlaced | Q1: OrderPipe1 | R1: OrderPipe2 | S1: ShipPipe1 | T1: ShipPipe2 | U1: InventoryPos | V1: TargetLevel | W1: SuggestedOrder
A2: 1 | B2: 0 | C2: 0 | D2: 50 | E2: 100 | F2: 0 | G2: 0 | H2: 0 | I2: 150 | J2: 0 | K2: 37.5 | L2: 0 | M2: 37.5 | N2: 37.5 | P2: 200 | Q2: 0 | R2: 0 | S2: 0 | T2: 0 | U2: 0 | V2: 0 | W2: 0
A3: 2 | B3: 0 | C3: 0 | D3: 50 | E3: 150 | F3: 0 | G3: 0 | H3: 0 | I3: 200 | J3: 0 | K3: 50 | L3: 0 | M3: 50 | N3: 87.5 | P3: 200 | Q3: 0 | R3: 0 | S3: 0 | T3: 0 | U3: 0 | V3: 0 | W3: 0
A4: 3 | B4: 291 | C4: 291 | D4: 0 | E4: 200 | F4: 0 | G4: 291 | H4: 200 | I4: 0 | J4: 91 | K4: 0 | L4: 91 | M4: 91 | N4: 178.5 | P4: 491 | Q4: 0 | R4: 0 | S4: 0 | T4: 0 | U4: 0 | V4: 0 | W4: 0
A5: 4 | B5: 430 | C5: 430 | D5: 0 | E5: 0 | F5: 91 | G5: 521 | H5: 0 | I5: 0 | J5: 521 | K5: 0 | L5: 521 | M5: 521 | N5: 699.5 | P5: 721 | Q5: 0 | R5: 0 | S5: 0 | T5: 0 | U5: 0 | V5: 0 | W5: 0
A6: 5 | B6: 539 | C6: 539 | D6: 200 | E6: 0 | F6: 521 | G6: 1060 | H6: 200 | I6: 0 | J6: 860 | K6: 0 | L6: 860 | M6: 860 | N6: 1559.5 | P6: 1260 | Q6: 0 | R6: 0 | S6: 0 | T6: 0 | U6: 0 | V6: 0 | W6: 0
A7: 6 | B7: 466 | C7: 466 | D7: 0 | E7: 0 | F7: 860 | G7: 1326 | H7: 0 | I7: 0 | J7: 1326 | K7: 0 | L7: 1326 | M7: 1326 | N7: 2885.5 | P7: 1326 | Q7: 0 | R7: 0 | S7: 0 | T7: 0 | U7: 0 | V7: 0 | W7: 0
A8: 7 | B8: 569 | C8: 569 | D8: 400 | E8: 0 | F8: 1326 | G8: 1895 | H8: 400 | I8: 0 | J8: 1495 | K8: 0 | L8: 1495 | M8: 1495 | N8: 4380.5 | P8: 1595 | Q8: 0 | R8: 0 | S8: 0 | T8: 0 | U8: 0 | V8: 0 | W8: 0
A9: 8 | B9: 520 | C9: 520 | D9: 300 | E9: 0 | F9: 1495 | G9: 2015 | H9: 300 | I9: 0 | J9: 1715 | K9: 0 | L9: 1715 | M9: 1715 | N9: 6095.5 | P9: 1615 | Q9: 0 | R9: 0 | S9: 0 | T9: 0 | U9: 0 | V9: 0 | W9: 0
A10: 9 | B10: 617 | C10: 617 | D10: 500 | E10: 0 | F10: 1715 | G10: 2332 | H10: 500 | I10: 0 | J10: 1832 | K10: 0 | L10: 1832 | M10: 1832 | N10: 7927.5 | P10: 1932 | Q10: 0 | R10: 0 | S10: 0 | T10: 0 | U10: 0 | V10: 0 | W10: 0
A11: 10 | B11: 350 | C11: 350 | D11: 300 | E11: 0 | F11: 1832 | G11: 2182 | H11: 300 | I11: 0 | J11: 1882 | K11: 0 | L11: 1882 | M11: 1882 | N11: 9809.5 | P11: 1891 | Q11: 0 | R11: 0 | S11: 0 | T11: 0 | U11: 0 | V11: 0 | W11: 0
A12: 11 | B12: 165 | C12: 165 | D12: 391 | E12: 0 | F12: 1882 | G12: 2047 | H12: 391 | I12: 0 | J12: 1656 | K12: 0 | L12: 1656 | M12: 1656 | N12: 11465.5 | P12: 1647 | Q12: 0 | R12: 0 | S12: 0 | T12: 0 | U12: 0 | V12: 0 | W12: 0
A13: 12 | B13: 0 | C13: 0 | D13: 409 | E13: 0 | F13: 1656 | G13: 1656 | H13: 409 | I13: 0 | J13: 1247 | K13: 0 | L13: 1247 | M13: 1247 | N13: 12712.5 | P13: 1256 | Q13: 0 | R13: 0 | S13: 0 | T13: 0 | U13: 0 | V13: 0 | W13: 0
... A36: 35 | B36: 88 | C36: 88 | D36: 0 | E36: 11031 | F36: 0 | G36: 88 | H36: 88 | I36: 10943 | J36: 0 | K36: 2735.75 | L36: 0 | M36: 2735.75 | N36: 66602.75 | P36: 0 | Q36: 0 | R36: 0 | S36: 0 | T36: 0 | U36: 0 | V36: 0 | W36: 0

Sheet S1_D3_Distributor
A1: Week | B1: CustomerDemand | C1: In | D1: Recv | E1: BegInv | F1: BegBacklog | G1: TotalReq | H1: Ship | I1: EndInv | J1: EndBacklog | K1: InvCost | L1: BackCost | M1: WeekCost | N1: CumulativeCost | O1: OrderManual | P1: OrderPlaced | Q1: OrderPipe1 | R1: OrderPipe2 | S1: ShipPipe1 | T1: ShipPipe2 | U1: InventoryPos | V1: TargetLevel | W1: SuggestedOrder
A2: 1 | B2: 0 | C2: 0 | D2: 50 | E2: 100 | F2: 0 | G2: 0 | H2: 0 | I2: 150 | J2: 0 | K2: 37.5 | L2: 0 | M2: 37.5 | N2: 37.5 | P2: 400 | Q2: 0 | R2: 0 | S2: 0 | T2: 0 | U2: 0 | V2: 0 | W2: 0
A3: 2 | B3: 0 | C3: 0 | D3: 50 | E3: 150 | F3: 0 | G3: 0 | H3: 0 | I3: 200 | J3: 0 | K3: 50 | L3: 0 | M3: 50 | N3: 87.5 | P3: 300 | Q3: 0 | R3: 0 | S3: 0 | T3: 0 | U3: 0 | V3: 0 | W3: 0
A4: 3 | B4: 200 | C4: 200 | D4: 0 | E4: 200 | F4: 0 | G4: 200 | H4: 200 | I4: 0 | J4: 0 | K4: 0 | L4: 0 | M4: 0 | N4: 87.5 | P4: 500 | Q4: 0 | R4: 0 | S4: 0 | T4: 0 | U4: 0 | V4: 0 | W4: 0
A5: 4 | B5: 200 | C5: 200 | D5: 0 | E5: 0 | F5: 0 | G5: 200 | H5: 0 | I5: 0 | J5: 200 | K5: 0 | L5: 200 | M5: 200 | N5: 287.5 | P5: 300 | Q5: 0 | R5: 0 | S5: 0 | T5: 0 | U5: 0 | V5: 0 | W5: 0
A6: 5 | B6: 491 | C6: 491 | D6: 400 | E6: 0 | F6: 200 | G6: 691 | H6: 400 | I6: 0 | J6: 291 | K6: 0 | L6: 291 | M6: 291 | N6: 578.5 | P6: 391 | Q6: 0 | R6: 0 | S6: 0 | T6: 0 | U6: 0 | V6: 0 | W6: 0
A7: 6 | B7: 721 | C7: 721 | D7: 300 | E7: 0 | F7: 291 | G7: 1012 | H7: 300 | I7: 0 | J7: 712 | K7: 0 | L7: 712 | M7: 712 | N7: 1290.5 | P7: 612 | Q7: 0 | R7: 0 | S7: 0 | T7: 0 | U7: 0 | V7: 0 | W7: 0
A8: 7 | B8: 1260 | C8: 1260 | D8: 500 | E8: 0 | F8: 712 | G8: 1972 | H8: 500 | I8: 0 | J8: 1472 | K8: 0 | L8: 1472 | M8: 1472 | N8: 2762.5 | P8: 1572 | Q8: 0 | R8: 0 | S8: 0 | T8: 0 | U8: 0 | V8: 0 | W8: 0
A9: 8 | B9: 1326 | C9: 1326 | D9: 300 | E9: 0 | F9: 1472 | G9: 2798 | H9: 300 | I9: 0 | J9: 2498 | K9: 0 | L9: 2498 | M9: 2498 | N9: 5260.5 | P9: 2507 | Q9: 0 | R9: 0 | S9: 0 | T9: 0 | U9: 0 | V9: 0 | W9: 0
A10: 9 | B10: 1595 | C10: 1595 | D10: 391 | E10: 0 | F10: 2498 | G10: 4093 | H10: 391 | I10: 0 | J10: 3702 | K10: 0 | L10: 3702 | M10: 3702 | N10: 8962.5 | P10: 3693 | Q10: 0 | R10: 0 | S10: 0 | T10: 0 | U10: 0 | V10: 0 | W10: 0
A11: 10 | B11: 1615 | C11: 1615 | D11: 409 | E11: 0 | F11: 3702 | G11: 5317 | H11: 409 | I11: 0 | J11: 4908 | K11: 0 | L11: 4908 | M11: 4908 | N11: 13870.5 | P11: 4917 | Q11: 0 | R11: 0 | S11: 0 | T11: 0 | U11: 0 | V11: 0 | W11: 0
A12: 11 | B12: 1932 | C12: 1932 | D12: 391 | E12: 0 | F12: 4908 | G12: 6840 | H12: 391 | I12: 0 | J12: 6449 | K12: 0 | L12: 6449 | M12: 6449 | N12: 20319.5 | P12: 6237 | Q12: 0 | R12: 0 | S12: 0 | T12: 0 | U12: 0 | V12: 0 | W12: 0
A13: 12 | B13: 1891 | C13: 1891 | D13: 612 | E13: 0 | F13: 6449 | G13: 8340 | H13: 612 | I13: 0 | J13: 7728 | K13: 0 | L13: 7728 | M13: 7728 | N13: 28047.5 | P13: 6556 | Q13: 0 | R13: 0 | S13: 0 | T13: 0 | U13: 0 | V13: 0 | W13: 0
... A36: 35 | B36: 0 | C36: 0 | D36: 0 | E36: 22362 | F36: 0 | G36: 0 | H36: 0 | I36: 22362 | J36: 0 | K36: 5590.5 | L36: 0 | M36: 5590.5 | N36: 146147.25 | P36: 0 | Q36: 0 | R36: 0 | S36: 0 | T36: 0 | U36: 0 | V36: 0 | W36: 0

Sheet S1_D3_Factory
A1: Week | B1: CustomerDemand | C1: In | D1: Recv | E1: BegInv | F1: BegBacklog | G1: TotalReq | H1: Ship | I1: EndInv | J1: EndBacklog | K1: InvCost | L1: BackCost | M1: WeekCost | N1: CumulativeCost | O1: OrderManual | P1: OrderPlaced | Q1: OrderPipe1 | R1: OrderPipe2 | S1: ShipPipe1 | T1: ShipPipe2 | U1: InventoryPos | V1: TargetLevel | W1: SuggestedOrder
A2: 1 | B2: 0 | C2: 0 | D2: 50 | E2: 100 | F2: 0 | G2: 0 | H2: 0 | I2: 150 | J2: 0 | K2: 37.5 | L2: 0 | M2: 37.5 | N2: 37.5 | P2: 600 | Q2: 0 | R2: 0 | S2: 0 | T2: 0 | U2: 0 | V2: 0 | W2: 0
A3: 2 | B3: 0 | C3: 0 | D3: 50 | E3: 150 | F3: 0 | G3: 0 | H3: 0 | I3: 200 | J3: 0 | K3: 50 | L3: 0 | M3: 50 | N3: 87.5 | P3: 0 | Q3: 0 | R3: 0 | S3: 0 | T3: 0 | U3: 0 | V3: 0 | W3: 0
A4: 3 | B4: 400 | C4: 400 | D4: 600 | E4: 200 | F4: 0 | G4: 400 | H4: 400 | I4: 400 | J4: 0 | K4: 100 | L4: 0 | M4: 100 | N4: 187.5 | P4: 400 | Q4: 0 | R4: 0 | S4: 0 | T4: 0 | U4: 0 | V4: 0 | W4: 0
A5: 4 | B5: 300 | C5: 300 | D5: 0 | E5: 400 | F5: 0 | G5: 300 | H5: 300 | I5: 100 | J5: 0 | K5: 25 | L5: 0 | M5: 25 | N5: 212.5 | P5: 300 | Q5: 0 | R5: 0 | S5: 0 | T5: 0 | U5: 0 | V5: 0 | W5: 0
A6: 5 | B6: 500 | C6: 500 | D6: 400 | E6: 100 | F6: 0 | G6: 500 | H6: 500 | I6: 0 | J6: 0 | K6: 0 | L6: 0 | M6: 0 | N6: 212.5 | P6: 500 | Q6: 0 | R6: 0 | S6: 0 | T6: 0 | U6: 0 | V6: 0 | W6: 0
A7: 6 | B7: 300 | C7: 300 | D7: 300 | E7: 0 | F7: 0 | G7: 300 | H7: 300 | I7: 0 | J7: 0 | K7: 0 | L7: 0 | M7: 0 | N7: 212.5 | P7: 300 | Q7: 0 | R7: 0 | S7: 0 | T7: 0 | U7: 0 | V7: 0 | W7: 0
A8: 7 | B8: 391 | C8: 391 | D8: 500 | E8: 0 | F8: 0 | G8: 391 | H8: 391 | I8: 109 | J8: 0 | K8: 27.25 | L8: 0 | M8: 27.25 | N8: 239.75 | P8: 391 | Q8: 0 | R8: 0 | S8: 0 | T8: 0 | U8: 0 | V8: 0 | W8: 0
A9: 8 | B9: 612 | C9: 612 | D9: 300 | E9: 109 | F9: 0 | G9: 612 | H9: 409 | I9: 0 | J9: 203 | K9: 0 | L9: 203 | M9: 203 | N9: 442.75 | P9: 612 | Q9: 0 | R9: 0 | S9: 0 | T9: 0 | U9: 0 | V9: 0 | W9: 0
A10: 9 | B10: 1572 | C10: 1572 | D10: 391 | E10: 0 | F10: 203 | G10: 1775 | H10: 391 | I10: 0 | J10: 1384 | K10: 0 | L10: 1384 | M10: 1384 | N10: 1826.75 | P10: 1572 | Q10: 0 | R10: 0 | S10: 0 | T10: 0 | U10: 0 | V10: 0 | W10: 0
A11: 10 | B11: 2507 | C11: 2507 | D11: 612 | E11: 0 | F11: 1384 | G11: 3891 | H11: 612 | I11: 0 | J11: 3279 | K11: 0 | L11: 3279 | M11: 3279 | N11: 5105.75 | P11: 2507 | Q11: 0 | R11: 0 | S11: 0 | T11: 0 | U11: 0 | V11: 0 | W11: 0
A12: 11 | B12: 3693 | C12: 3693 | D12: 1572 | E12: 0 | F12: 3279 | G12: 6972 | H12: 1572 | I12: 0 | J12: 5400 | K12: 0 | L12: 5400 | M12: 5400 | N12: 10505.75 | P12: 3693 | Q12: 0 | R12: 0 | S12: 0 | T12: 0 | U12: 0 | V12: 0 | W12: 0
A13: 12 | B13: 4917 | C13: 4917 | D13: 2507 | E13: 0 | F13: 5400 | G13: 10317 | H13: 2507 | I13: 0 | J13: 7810 | K13: 0 | L13: 7810 | M13: 7810 | N13: 18315.75 | P13: 4917 | Q13: 0 | R13: 0 | S13: 0 | T13: 0 | U13: 0 | V13: 0 | W13: 0
... A36: 35 | B36: 0 | C36: 0 | D36: 0 | E36: 400 | F36: 0 | G36: 0 | H36: 0 | I36: 400 | J36: 0 | K36: 100 | L36: 0 | M36: 100 | N36: 64528.75 | P36: 0 | Q36: 0 | R36: 0 | S36: 0 | T36: 0 | U36: 0 | V36: 0 | W36: 0

Sheet Scn1_View
A1: Simulation - Scenario 1 - HighInv
A2: Edit Inputs to change demand, costs, and policy parameters.
B3: Retailer | L3: Wholesaler | V3: Distributor | AF3: Factory | AP3: Total
B4: Incoming order | C4: Incoming shipment | D4: Outgoing shipment | E4: Inventory | F4: Backlog | G4: Order placed | H4: InvCost | I4: BackCost | J4: WeekCost | K4: Cumulative | L4: Incoming order | M4: Incoming shipment | N4: Outgoing shipment | O4: Inventory | P4: Backlog | Q4: Order placed | R4: InvCost | S4: BackCost | T4: WeekCost | U4: Cumulative | V4: Incoming order | W4: Incoming shipment | X4: Outgoing shipment | Y4: Inventory | Z4: Backlog | AA4: Order placed | AB4: InvCost | AC4: BackCost | AD4: WeekCost | AE4: Cumulative | AF4: Incoming order | AG4: Incoming shipment | AH4: Outgoing shipment | AI4: Inventory | AJ4: Backlog | AK4: Order placed | AL4: InvCost | AM4: BackCost | AN4: WeekCost | AO4: Cumulative | AP4: TotInvCost | AQ4: TotBackCost | AR4: TotWeekCost | AS4: CumCost
A5: 1 | B5: =CHOOSE(Inputs!$B$12,'S1_D1_Retailer'!C2,'S1_D2_Retailer'!C2,'S1_D3_Retailer'!C2) | C5: =CHOOSE(Inputs!$B$12,'S1_D1_Retailer'!D2,'S1_D2_Retailer'!D2,'S1_D3_Retailer'!D2) | D5: =CHOOSE(Inputs!$B$12,'S1_D1_Retailer'!H2,'S1_D2_Retailer'!H2,'S1_D3_Retailer'!H2) | E5: =CHOOSE(Inputs!$B$12,'S1_D1_Retailer'!I2,'S1_D2_Retailer'!I2,'S1_D3_Retailer'!I2) | F5: =CHOOSE(Inputs!$B$12,'S1_D1_Retailer'!J2,'S1_D2_Retailer'!J2,'S1_D3_Retailer'!J2) | G5: =CHOOSE(Inputs!$B$12,'S1_D1_Retailer'!P2,'S1_D2_Retailer'!P2,'S1_D3_Retailer'!P2) | H5: =CHOOSE(Inputs!$B$12,'S1_D1_Retailer'!K2,'S1_D2_Retailer'!K2,'S1_D3_Retailer'!K2) | I5: =CHOOSE(Inputs!$B$12,'S1_D1_Retailer'!L2,'S1_D2_Retailer'!L2,'S1_D3_Retailer'!L2) | J5: =CHOOSE(Inputs!$B$12,'S1_D1_Retailer'!M2,'S1_D2_Retailer'!M2,'S1_D3_Retailer'!M2) | K5: =CHOOSE(Inputs!$B$12,'S1_D1_Retailer'!N2,'S1_D2_Retailer'!N2,'S1_D3_Retailer'!N2) | L5: =CHOOSE(Inputs!$B$12,'S1_D1_Wholesaler'!C2,'S1_D2_Wholesaler'!C2,'S1_D3_Wholesaler'!C2) | M5: =CHOOSE(Inputs!$B$12,'S1_D1_Wholesaler'!D2,'S1_D2_Wholesaler'!D2,'S1_D3_Wholesaler'!D2) | N5: =CHOOSE(Inputs!$B$12,'S1_D1_Wholesaler'!H2,'S1_D2_Wholesaler'!H2,'S1_D3_Wholesaler'!H2) | O5: =CHOOSE(Inputs!$B$12,'S1_D1_Wholesaler'!I2,'S1_D2_Wholesaler'!I2,'S1_D3_Wholesaler'!I2) | P5: =CHOOSE(Inputs!$B$12,'S1_D1_Wholesaler'!J2,'S1_D2_Wholesaler'!J2,'S1_D3_Wholesaler'!J2) | Q5: =CHOOSE(Inputs!$B$12,'S1_D1_Wholesaler'!P2,'S1_D2_Wholesaler'!P2,'S1_D3_Wholesaler'!P2) | R5: =CHOOSE(Inputs!$B$12,'S1_D1_Wholesaler'!K2,'S1_D2_Wholesaler'!K2,'S1_D3_Wholesaler'!K2) | S5: =CHOOSE(Inputs!$B$12,'S1_D1_Wholesaler'!L2,'S1_D2_Wholesaler'!L2,'S1_D3_Wholesaler'!L2) | T5: =CHOOSE(Inputs!$B$12,'S1_D1_Wholesaler'!M2,'S1_D2_Wholesaler'!M2,'S1_D3_Wholesaler'!M2) | U5: =CHOOSE(Inputs!$B$12,'S1_D1_Wholesaler'!N2,'S1_D2_Wholesaler'!N2,'S1_D3_Wholesaler'!N2) | V5: =CHOOSE(Inputs!$B$12,'S1_D1_Distributor'!C2,'S1_D2_Distributor'!C2,'S1_D3_Distributor'!C2) | W5: =CHOOSE(Inputs!$B$12,'S1_D1_Distributor'!D2,'S1_D2_Distributor'!D2,'S1_D3_Distributor'!D2) | X5: =CHOOSE(Inputs!$B$12,'S1_D1_Distributor'!H2,'S1_D2_Distributor'!H2,'S1_D3_Distributor'!H2) | Y5: =CHOOSE(Inputs!$B$12,'S1_D1_Distributor'!I2,'S1_D2_Distributor'!I2,'S1_D3_Distributor'!I2) | Z5: =CHOOSE(Inputs!$B$12,'S1_D1_Distributor'!J2,'S1_D2_Distributor'!J2,'S1_D3_Distributor'!J2) | AA5: =CHOOSE(Inputs!$B$12,'S1_D1_Distributor'!P2,'S1_D2_Distributor'!P2,'S1_D3_Distributor'!P2) | AB5: =CHOOSE(Inputs!$B$12,'S1_D1_Distributor'!K2,'S1_D2_Distributor'!K2,'S1_D3_Distributor'!K2) | AC5: =CHOOSE(Inputs!$B$12,'S1_D1_Distributor'!L2,'S1_D2_Distributor'!L2,'S1_D3_Distributor'!L2) | AD5: =CHOOSE(Inputs!$B$12,'S1_D1_Distributor'!M2,'S1_D2_Distributor'!M2,'S1_D3_Distributor'!M2) | AE5: =CHOOSE(Inputs!$B$12,'S1_D1_Distributor'!N2,'S1_D2_Distributor'!N2,'S1_D3_Distributor'!N2) | AF5: =CHOOSE(Inputs!$B$12,'S1_D1_Factory'!C2,'S1_D2_Factory'!C2,'S1_D3_Factory'!C2) | AG5: =CHOOSE(Inputs!$B$12,'S1_D1_Factory'!D2,'S1_D2_Factory'!D2,'S1_D3_Factory'!D2) | AH5: =CHOOSE(Inputs!$B$12,'S1_D1_Factory'!H2,'S1_D2_Factory'!H2,'S1_D3_Factory'!H2) | AI5: =CHOOSE(Inputs!$B$12,'S1_D1_Factory'!I2,'S1_D2_Factory'!I2,'S1_D3_Factory'!I2) | AJ5: =CHOOSE(Inputs!$B$12,'S1_D1_Factory'!J2,'S1_D2_Factory'!J2,'S1_D3_Factory'!J2) | AK5: =CHOOSE(Inputs!$B$12,'S1_D1_Factory'!P2,'S1_D2_Factory'!P2,'S1_D3_Factory'!P2) | AL5: =CHOOSE(Inputs!$B$12,'S1_D1_Factory'!K2,'S1_D2_Factory'!K2,'S1_D3_Factory'!K2) | AM5: =CHOOSE(Inputs!$B$12,'S1_D1_Factory'!L2,'S1_D2_Factory'!L2,'S1_D3_Factory'!L2) | AN5: =CHOOSE(Inputs!$B$12,'S1_D1_Factory'!M2,'S1_D2_Factory'!M2,'S1_D3_Factory'!M2) | AO5: =CHOOSE(Inputs!$B$12,'S1_D1_Factory'!N2,'S1_D2_Factory'!N2,'S1_D3_Factory'!N2) | AP5: =SUM(H5,R5,AB5,AL5) | AQ5: =SUM(I5,S5,AC5,AM5) | AR5: =SUM(J5,T5,AD5,AN5) | AS5: =AR5
A6: 2 | B6: =CHOOSE(Inputs!$B$12,'S1_D1_Retailer'!C3,'S1_D2_Retailer'!C3,'S1_D3_Retailer'!C3) | C6: =CHOOSE(Inputs!$B$12,'S1_D1_Retailer'!D3,'S1_D2_Retailer'!D3,'S1_D3_Retailer'!D3) | D6: =CHOOSE(Inputs!$B$12,'S1_D1_Retailer'!H3,'S1_D2_Retailer'!H3,'S1_D3_Retailer'!H3) | E6: =CHOOSE(Inputs!$B$12,'S1_D1_Retailer'!I3,'S1_D2_Retailer'!I3,'S1_D3_Retailer'!I3) | F6: =CHOOSE(Inputs!$B$12,'S1_D1_Retailer'!J3,'S1_D2_Retailer'!J3,'S1_D3_Retailer'!J3) | G6: =CHOOSE(Inputs!$B$12,'S1_D1_Retailer'!P3,'S1_D2_Retailer'!P3,'S1_D3_Retailer'!P3) | H6: =CHOOSE(Inputs!$B$12,'S1_D1_Retailer'!K3,'S1_D2_Retailer'!K3,'S1_D3_Retailer'!K3) | I6: =CHOOSE(Inputs!$B$12,'S1_D1_Retailer'!L3,'S1_D2_Retailer'!L3,'S1_D3_Retailer'!L3) | J6: =CHOOSE(Inputs!$B$12,'S1_D1_Retailer'!M3,'S1_D2_Retailer'!M3,'S1_D3_Retailer'!M3) | K6: =CHOOSE(Inputs!$B$12,'S1_D1_Retailer'!N3,'S1_D2_Retailer'!N3,'S1_D3_Retailer'!N3) | L6: =CHOOSE(Inputs!$B$12,'S1_D1_Wholesaler'!C3,'S1_D2_Wholesaler'!C3,'S1_D3_Wholesaler'!C3) | M6: =CHOOSE(Inputs!$B$12,'S1_D1_Wholesaler'!D3,'S1_D2_Wholesaler'!D3,'S1_D3_Wholesaler'!D3) | N6: =CHOOSE(Inputs!$B$12,'S1_D1_Wholesaler'!H3,'S1_D2_Wholesaler'!H3,'S1_D3_Wholesaler'!H3) | O6: =CHOOSE(Inputs!$B$12,'S1_D1_Wholesaler'!I3,'S1_D2_Wholesaler'!I3,'S1_D3_Wholesaler'!I3) | P6: =CHOOSE(Inputs!$B$12,'S1_D1_Wholesaler'!J3,'S1_D2_Wholesaler'!J3,'S1_D3_Wholesaler'!J3) | Q6: =CHOOSE(Inputs!$B$12,'S1_D1_Wholesaler'!P3,'S1_D2_Wholesaler'!P3,'S1_D3_Wholesaler'!P3) | R6: =CHOOSE(Inputs!$B$12,'S1_D1_Wholesaler'!K3,'S1_D2_Wholesaler'!K3,'S1_D3_Wholesaler'!K3) | S6: =CHOOSE(Inputs!$B$12,'S1_D1_Wholesaler'!L3,'S1_D2_Wholesaler'!L3,'S1_D3_Wholesaler'!L3) | T6: =CHOOSE(Inputs!$B$12,'S1_D1_Wholesaler'!M3,'S1_D2_Wholesaler'!M3,'S1_D3_Wholesaler'!M3) | U6: =CHOOSE(Inputs!$B$12,'S1_D1_Wholesaler'!N3,'S1_D2_Wholesaler'!N3,'S1_D3_Wholesaler'!N3) | V6: =CHOOSE(Inputs!$B$12,'S1_D1_Distributor'!C3,'S1_D2_Distributor'!C3,'S1_D3_Distributor'!C3) | W6: =CHOOSE(Inputs!$B$12,'S1_D1_Distributor'!D3,'S1_D2_Distributor'!D3,'S1_D3_Distributor'!D3) | X6: =CHOOSE(Inputs!$B$12,'S1_D1_Distributor'!H3,'S1_D2_Distributor'!H3,'S1_D3_Distributor'!H3) | Y6: =CHOOSE(Inputs!$B$12,'S1_D1_Distributor'!I3,'S1_D2_Distributor'!I3,'S1_D3_Distributor'!I3) | Z6: =CHOOSE(Inputs!$B$12,'S1_D1_Distributor'!J3,'S1_D2_Distributor'!J3,'S1_D3_Distributor'!J3) | AA6: =CHOOSE(Inputs!$B$12,'S1_D1_Distributor'!P3,'S1_D2_Distributor'!P3,'S1_D3_Distributor'!P3) | AB6: =CHOOSE(Inputs!$B$12,'S1_D1_Distributor'!K3,'S1_D2_Distributor'!K3,'S1_D3_Distributor'!K3) | AC6: =CHOOSE(Inputs!$B$12,'S1_D1_Distributor'!L3,'S1_D2_Distributor'!L3,'S1_D3_Distributor'!L3) | AD6: =CHOOSE(Inputs!$B$12,'S1_D1_Distributor'!M3,'S1_D2_Distributor'!M3,'S1_D3_Distributor'!M3) | AE6: =CHOOSE(Inputs!$B$12,'S1_D1_Distributor'!N3,'S1_D2_Distributor'!N3,'S1_D3_Distributor'!N3) | AF6: =CHOOSE(Inputs!$B$12,'S1_D1_Factory'!C3,'S1_D2_Factory'!C3,'S1_D3_Factory'!C3) | AG6: =CHOOSE(Inputs!$B$12,'S1_D1_Factory'!D3,'S1_D2_Factory'!D3,'S1_D3_Factory'!D3) | AH6: =CHOOSE(Inputs!$B$12,'S1_D1_Factory'!H3,'S1_D2_Factory'!H3,'S1_D3_Factory'!H3) | AI6: =CHOOSE(Inputs!$B$12,'S1_D1_Factory'!I3,'S1_D2_Factory'!I3,'S1_D3_Factory'!I3) | AJ6: =CHOOSE(Inputs!$B$12,'S1_D1_Factory'!J3,'S1_D2_Factory'!J3,'S1_D3_Factory'!J3) | AK6: =CHOOSE(Inputs!$B$12,'S1_D1_Factory'!P3,'S1_D2_Factory'!P3,'S1_D3_Factory'!P3) | AL6: =CHOOSE(Inputs!$B$12,'S1_D1_Factory'!K3,'S1_D2_Factory'!K3,'S1_D3_Factory'!K3) | AM6: =CHOOSE(Inputs!$B$12,'S1_D1_Factory'!L3,'S1_D2_Factory'!L3,'S1_D3_Factory'!L3) | AN6: =CHOOSE(Inputs!$B$12,'S1_D1_Factory'!M3,'S1_D2_Factory'!M3,'S1_D3_Factory'!M3) | AO6: =CHOOSE(Inputs!$B$12,'S1_D1_Factory'!N3,'S1_D2_Factory'!N3,'S1_D3_Factory'!N3) | AP6: =SUM(H6,R6,AB6,AL6) | AQ6: =SUM(I6,S6,AC6,AM6) | AR6: =SUM(J6,T6,AD6,AN6) | AS6: =AS5+AR6
A7: 3 | B7: =CHOOSE(Inputs!$B$12,'S1_D1_Retailer'!C4,'S1_D2_Retailer'!C4,'S1_D3_Retailer'!C4) | C7: =CHOOSE(Inputs!$B$12,'S1_D1_Retailer'!D4,'S1_D2_Retailer'!D4,'S1_D3_Retailer'!D4) | D7: =CHOOSE(Inputs!$B$12,'S1_D1_Retailer'!H4,'S1_D2_Retailer'!H4,'S1_D3_Retailer'!H4) | E7: =CHOOSE(Inputs!$B$12,'S1_D1_Retailer'!I4,'S1_D2_Retailer'!I4,'S1_D3_Retailer'!I4) | F7: =CHOOSE(Inputs!$B$12,'S1_D1_Retailer'!J4,'S1_D2_Retailer'!J4,'S1_D3_Retailer'!J4) | G7: =CHOOSE(Inputs!$B$12,'S1_D1_Retailer'!P4,'S1_D2_Retailer'!P4,'S1_D3_Retailer'!P4) | H7: =CHOOSE(Inputs!$B$12,'S1_D1_Retailer'!K4,'S1_D2_Retailer'!K4,'S1_D3_Retailer'!K4) | I7: =CHOOSE(Inputs!$B$12,'S1_D1_Retailer'!L4,'S1_D2_Retailer'!L4,'S1_D3_Retailer'!L4) | J7: =CHOOSE(Inputs!$B$12,'S1_D1_Retailer'!M4,'S1_D2_Retailer'!M4,'S1_D3_Retailer'!M4) | K7: =CHOOSE(Inputs!$B$12,'S1_D1_Retailer'!N4,'S1_D2_Retailer'!N4,'S1_D3_Retailer'!N4) | L7: =CHOOSE(Inputs!$B$12,'S1_D1_Wholesaler'!C4,'S1_D2_Wholesaler'!C4,'S1_D3_Wholesaler'!C4) | M7: =CHOOSE(Inputs!$B$12,'S1_D1_Wholesaler'!D4,'S1_D2_Wholesaler'!D4,'S1_D3_Wholesaler'!D4) | N7: =CHOOSE(Inputs!$B$12,'S1_D1_Wholesaler'!H4,'S1_D2_Wholesaler'!H4,'S1_D3_Wholesaler'!H4) | O7: =CHOOSE(Inputs!$B$12,'S1_D1_Wholesaler'!I4,'S1_D2_Wholesaler'!I4,'S1_D3_Wholesaler'!I4) | P7: =CHOOSE(Inputs!$B$12,'S1_D1_Wholesaler'!J4,'S1_D2_Wholesaler'!J4,'S1_D3_Wholesaler'!J4) | Q7: =CHOOSE(Inputs!$B$12,'S1_D1_Wholesaler'!P4,'S1_D2_Wholesaler'!P4,'S1_D3_Wholesaler'!P4) | R7: =CHOOSE(Inputs!$B$12,'S1_D1_Wholesaler'!K4,'S1_D2_Wholesaler'!K4,'S1_D3_Wholesaler'!K4) | S7: =CHOOSE(Inputs!$B$12,'S1_D1_Wholesaler'!L4,'S1_D2_Wholesaler'!L4,'S1_D3_Wholesaler'!L4) | T7: =CHOOSE(Inputs!$B$12,'S1_D1_Wholesaler'!M4,'S1_D2_Wholesaler'!M4,'S1_D3_Wholesaler'!M4) | U7: =CHOOSE(Inputs!$B$12,'S1_D1_Wholesaler'!N4,'S1_D2_Wholesaler'!N4,'S1_D3_Wholesaler'!N4) | V7: =CHOOSE(Inputs!$B$12,'S1_D1_Distributor'!C4,'S1_D2_Distributor'!C4,'S1_D3_Distributor'!C4) | W7: =CHOOSE(Inputs!$B$12,'S1_D1_Distributor'!D4,'S1_D2_Distributor'!D4,'S1_D3_Distributor'!D4) | X7: =CHOOSE(Inputs!$B$12,'S1_D1_Distributor'!H4,'S1_D2_Distributor'!H4,'S1_D3_Distributor'!H4) | Y7: =CHOOSE(Inputs!$B$12,'S1_D1_Distributor'!I4,'S1_D2_Distributor'!I4,'S1_D3_Distributor'!I4) | Z7: =CHOOSE(Inputs!$B$12,'S1_D1_Distributor'!J4,'S1_D2_Distributor'!J4,'S1_D3_Distributor'!J4) | AA7: =CHOOSE(Inputs!$B$12,'S1_D1_Distributor'!P4,'S1_D2_Distributor'!P4,'S1_D3_Distributor'!P4) | AB7: =CHOOSE(Inputs!$B$12,'S1_D1_Distributor'!K4,'S1_D2_Distributor'!K4,'S1_D3_Distributor'!K4) | AC7: =CHOOSE(Inputs!$B$12,'S1_D1_Distributor'!L4,'S1_D2_Distributor'!L4,'S1_D3_Distributor'!L4) | AD7: =CHOOSE(Inputs!$B$12,'S1_D1_Distributor'!M4,'S1_D2_Distributor'!M4,'S1_D3_Distributor'!M4) | AE7: =CHOOSE(Inputs!$B$12,'S1_D1_Distributor'!N4,'S1_D2_Distributor'!N4,'S1_D3_Distributor'!N4) | AF7: =CHOOSE(Inputs!$B$12,'S1_D1_Factory'!C4,'S1_D2_Factory'!C4,'S1_D3_Factory'!C4) | AG7: =CHOOSE(Inputs!$B$12,'S1_D1_Factory'!D4,'S1_D2_Factory'!D4,'S1_D3_Factory'!D4) | AH7: =CHOOSE(Inputs!$B$12,'S1_D1_Factory'!H4,'S1_D2_Factory'!H4,'S1_D3_Factory'!H4) | AI7: =CHOOSE(Inputs!$B$12,'S1_D1_Factory'!I4,'S1_D2_Factory'!I4,'S1_D3_Factory'!I4) | AJ7: =CHOOSE(Inputs!$B$12,'S1_D1_Factory'!J4,'S1_D2_Factory'!J4,'S1_D3_Factory'!J4) | AK7: =CHOOSE(Inputs!$B$12,'S1_D1_Factory'!P4,'S1_D2_Factory'!P4,'S1_D3_Factory'!P4) | AL7: =CHOOSE(Inputs!$B$12,'S1_D1_Factory'!K4,'S1_D2_Factory'!K4,'S1_D3_Factory'!K4) | AM7: =CHOOSE(Inputs!$B$12,'S1_D1_Factory'!L4,'S1_D2_Factory'!L4,'S1_D3_Factory'!L4) | AN7: =CHOOSE(Inputs!$B$12,'S1_D1_Factory'!M4,'S1_D2_Factory'!M4,'S1_D3_Factory'!M4) | AO7: =CHOOSE(Inputs!$B$12,'S1_D1_Factory'!N4,'S1_D2_Factory'!N4,'S1_D3_Factory'!N4) | AP7: =SUM(H7,R7,AB7,AL7) | AQ7: =SUM(I7,S7,AC7,AM7) | AR7: =SUM(J7,T7,AD7,AN7) | AS7: =AS6+AR7
A8: 4 | B8: =CHOOSE(Inputs!$B$12,'S1_D1_Retailer'!C5,'S1_D2_Retailer'!C5,'S1_D3_Retailer'!C5) | C8: =CHOOSE(Inputs!$B$12,'S1_D1_Retailer'!D5,'S1_D2_Retailer'!D5,'S1_D3_Retailer'!D5) | D8: =CHOOSE(Inputs!$B$12,'S1_D1_Retailer'!H5,'S1_D2_Retailer'!H5,'S1_D3_Retailer'!H5) | E8: =CHOOSE(Inputs!$B$12,'S1_D1_Retailer'!I5,'S1_D2_Retailer'!I5,'S1_D3_Retailer'!I5) | F8: =CHOOSE(Inputs!$B$12,'S1_D1_Retailer'!J5,'S1_D2_Retailer'!J5,'S1_D3_Retailer'!J5) | G8: =CHOOSE(Inputs!$B$12,'S1_D1_Retailer'!P5,'S1_D2_Retailer'!P5,'S1_D3_Retailer'!P5) | H8: =CHOOSE(Inputs!$B$12,'S1_D1_Retailer'!K5,'S1_D2_Retailer'!K5,'S1_D3_Retailer'!K5) | I8: =CHOOSE(Inputs!$B$12,'S1_D1_Retailer'!L5,'S1_D2_Retailer'!L5,'S1_D3_Retailer'!L5) | J8: =CHOOSE(Inputs!$B$12,'S1_D1_Retailer'!M5,'S1_D2_Retailer'!M5,'S1_D3_Retailer'!M5) | K8: =CHOOSE(Inputs!$B$12,'S1_D1_Retailer'!N5,'S1_D2_Retailer'!N5,'S1_D3_Retailer'!N5) | L8: =CHOOSE(Inputs!$B$12,'S1_D1_Wholesaler'!C5,'S1_D2_Wholesaler'!C5,'S1_D3_Wholesaler'!C5) | M8: =CHOOSE(Inputs!$B$12,'S1_D1_Wholesaler'!D5,'S1_D2_Wholesaler'!D5,'S1_D3_Wholesaler'!D5) | N8: =CHOOSE(Inputs!$B$12,'S1_D1_Wholesaler'!H5,'S1_D2_Wholesaler'!H5,'S1_D3_Wholesaler'!H5) | O8: =CHOOSE(Inputs!$B$12,'S1_D1_Wholesaler'!I5,'S1_D2_Wholesaler'!I5,'S1_D3_Wholesaler'!I5) | P8: =CHOOSE(Inputs!$B$12,'S1_D1_Wholesaler'!J5,'S1_D2_Wholesaler'!J5,'S1_D3_Wholesaler'!J5) | Q8: =CHOOSE(Inputs!$B$12,'S1_D1_Wholesaler'!P5,'S1_D2_Wholesaler'!P5,'S1_D3_Wholesaler'!P5) | R8: =CHOOSE(Inputs!$B$12,'S1_D1_Wholesaler'!K5,'S1_D2_Wholesaler'!K5,'S1_D3_Wholesaler'!K5) | S8: =CHOOSE(Inputs!$B$12,'S1_D1_Wholesaler'!L5,'S1_D2_Wholesaler'!L5,'S1_D3_Wholesaler'!L5) | T8: =CHOOSE(Inputs!$B$12,'S1_D1_Wholesaler'!M5,'S1_D2_Wholesaler'!M5,'S1_D3_Wholesaler'!M5) | U8: =CHOOSE(Inputs!$B$12,'S1_D1_Wholesaler'!N5,'S1_D2_Wholesaler'!N5,'S1_D3_Wholesaler'!N5) | V8: =CHOOSE(Inputs!$B$12,'S1_D1_Distributor'!C5,'S1_D2_Distributor'!C5,'S1_D3_Distributor'!C5) | W8: =CHOOSE(Inputs!$B$12,'S1_D1_Distributor'!D5,'S1_D2_Distributor'!D5,'S1_D3_Distributor'!D5) | X8: =CHOOSE(Inputs!$B$12,'S1_D1_Distributor'!H5,'S1_D2_Distributor'!H5,'S1_D3_Distributor'!H5) | Y8: =CHOOSE(Inputs!$B$12,'S1_D1_Distributor'!I5,'S1_D2_Distributor'!I5,'S1_D3_Distributor'!I5) | Z8: =CHOOSE(Inputs!$B$12,'S1_D1_Distributor'!J5,'S1_D2_Distributor'!J5,'S1_D3_Distributor'!J5) | AA8: =CHOOSE(Inputs!$B$12,'S1_D1_Distributor'!P5,'S1_D2_Distributor'!P5,'S1_D3_Distributor'!P5) | AB8: =CHOOSE(Inputs!$B$12,'S1_D1_Distributor'!K5,'S1_D2_Distributor'!K5,'S1_D3_Distributor'!K5) | AC8: =CHOOSE(Inputs!$B$12,'S1_D1_Distributor'!L5,'S1_D2_Distributor'!L5,'S1_D3_Distributor'!L5) | AD8: =CHOOSE(Inputs!$B$12,'S1_D1_Distributor'!M5,'S1_D2_Distributor'!M5,'S1_D3_Distributor'!M5) | AE8: =CHOOSE(Inputs!$B$12,'S1_D1_Distributor'!N5,'S1_D2_Distributor'!N5,'S1_D3_Distributor'!N5) | AF8: =CHOOSE(Inputs!$B$12,'S1_D1_Factory'!C5,'S1_D2_Factory'!C5,'S1_D3_Factory'!C5) | AG8: =CHOOSE(Inputs!$B$12,'S1_D1_Factory'!D5,'S1_D2_Factory'!D5,'S1_D3_Factory'!D5) | AH8: =CHOOSE(Inputs!$B$12,'S1_D1_Factory'!H5,'S1_D2_Factory'!H5,'S1_D3_Factory'!H5) | AI8: =CHOOSE(Inputs!$B$12,'S1_D1_Factory'!I5,'S1_D2_Factory'!I5,'S1_D3_Factory'!I5) | AJ8: =CHOOSE(Inputs!$B$12,'S1_D1_Factory'!J5,'S1_D2_Factory'!J5,'S1_D3_Factory'!J5) | AK8: =CHOOSE(Inputs!$B$12,'S1_D1_Factory'!P5,'S1_D2_Factory'!P5,'S1_D3_Factory'!P5) | AL8: =CHOOSE(Inputs!$B$12,'S1_D1_Factory'!K5,'S1_D2_Factory'!K5,'S1_D3_Factory'!K5) | AM8: =CHOOSE(Inputs!$B$12,'S1_D1_Factory'!L5,'S1_D2_Factory'!L5,'S1_D3_Factory'!L5) | AN8: =CHOOSE(Inputs!$B$12,'S1_D1_Factory'!M5,'S1_D2_Factory'!M5,'S1_D3_Factory'!M5) | AO8: =CHOOSE(Inputs!$B$12,'S1_D1_Factory'!N5,'S1_D2_Factory'!N5,'S1_D3_Factory'!N5) | AP8: =SUM(H8,R8,AB8,AL8) | AQ8: =SUM(I8,S8,AC8,AM8) | AR8: =SUM(J8,T8,AD8,AN8) | AS8: =AS7+AR8
A9: 5 | B9: =CHOOSE(Inputs!$B$12,'S1_D1_Retailer'!C6,'S1_D2_Retailer'!C6,'S1_D3_Retailer'!C6) | C9: =CHOOSE(Inputs!$B$12,'S1_D1_Retailer'!D6,'S1_D2_Retailer'!D6,'S1_D3_Retailer'!D6) | D9: =CHOOSE(Inputs!$B$12,'S1_D1_Retailer'!H6,'S1_D2_Retailer'!H6,'S1_D3_Retailer'!H6) | E9: =CHOOSE(Inputs!$B$12,'S1_D1_Retailer'!I6,'S1_D2_Retailer'!I6,'S1_D3_Retailer'!I6) | F9: =CHOOSE(Inputs!$B$12,'S1_D1_Retailer'!J6,'S1_D2_Retailer'!J6,'S1_D3_Retailer'!J6) | G9: =CHOOSE(Inputs!$B$12,'S1_D1_Retailer'!P6,'S1_D2_Retailer'!P6,'S1_D3_Retailer'!P6) | H9: =CHOOSE(Inputs!$B$12,'S1_D1_Retailer'!K6,'S1_D2_Retailer'!K6,'S1_D3_Retailer'!K6) | I9: =CHOOSE(Inputs!$B$12,'S1_D1_Retailer'!L6,'S1_D2_Retailer'!L6,'S1_D3_Retailer'!L6) | J9: =CHOOSE(Inputs!$B$12,'S1_D1_Retailer'!M6,'S1_D2_Retailer'!M6,'S1_D3_Retailer'!M6) | K9: =CHOOSE(Inputs!$B$12,'S1_D1_Retailer'!N6,'S1_D2_Retailer'!N6,'S1_D3_Retailer'!N6) | L9: =CHOOSE(Inputs!$B$12,'S1_D1_Wholesaler'!C6,'S1_D2_Wholesaler'!C6,'S1_D3_Wholesaler'!C6) | M9: =CHOOSE(Inputs!$B$12,'S1_D1_Wholesaler'!D6,'S1_D2_Wholesaler'!D6,'S1_D3_Wholesaler'!D6) | N9: =CHOOSE(Inputs!$B$12,'S1_D1_Wholesaler'!H6,'S1_D2_Wholesaler'!H6,'S1_D3_Wholesaler'!H6) | O9: =CHOOSE(Inputs!$B$12,'S1_D1_Wholesaler'!I6,'S1_D2_Wholesaler'!I6,'S1_D3_Wholesaler'!I6) | P9: =CHOOSE(Inputs!$B$12,'S1_D1_Wholesaler'!J6,'S1_D2_Wholesaler'!J6,'S1_D3_Wholesaler'!J6) | Q9: =CHOOSE(Inputs!$B$12,'S1_D1_Wholesaler'!P6,'S1_D2_Wholesaler'!P6,'S1_D3_Wholesaler'!P6) | R9: =CHOOSE(Inputs!$B$12,'S1_D1_Wholesaler'!K6,'S1_D2_Wholesaler'!K6,'S1_D3_Wholesaler'!K6) | S9: =CHOOSE(Inputs!$B$12,'S1_D1_Wholesaler'!L6,'S1_D2_Wholesaler'!L6,'S1_D3_Wholesaler'!L6) | T9: =CHOOSE(Inputs!$B$12,'S1_D1_Wholesaler'!M6,'S1_D2_Wholesaler'!M6,'S1_D3_Wholesaler'!M6) | U9: =CHOOSE(Inputs!$B$12,'S1_D1_Wholesaler'!N6,'S1_D2_Wholesaler'!N6,'S1_D3_Wholesaler'!N6) | V9: =CHOOSE(Inputs!$B$12,'S1_D1_Distributor'!C6,'S1_D2_Distributor'!C6,'S1_D3_Distributor'!C6) | W9: =CHOOSE(Inputs!$B$12,'S1_D1_Distributor'!D6,'S1_D2_Distributor'!D6,'S1_D3_Distributor'!D6) | X9: =CHOOSE(Inputs!$B$12,'S1_D1_Distributor'!H6,'S1_D2_Distributor'!H6,'S1_D3_Distributor'!H6) | Y9: =CHOOSE(Inputs!$B$12,'S1_D1_Distributor'!I6,'S1_D2_Distributor'!I6,'S1_D3_Distributor'!I6) | Z9: =CHOOSE(Inputs!$B$12,'S1_D1_Distributor'!J6,'S1_D2_Distributor'!J6,'S1_D3_Distributor'!J6) | AA9: =CHOOSE(Inputs!$B$12,'S1_D1_Distributor'!P6,'S1_D2_Distributor'!P6,'S1_D3_Distributor'!P6) | AB9: =CHOOSE(Inputs!$B$12,'S1_D1_Distributor'!K6,'S1_D2_Distributor'!K6,'S1_D3_Distributor'!K6) | AC9: =CHOOSE(Inputs!$B$12,'S1_D1_Distributor'!L6,'S1_D2_Distributor'!L6,'S1_D3_Distributor'!L6) | AD9: =CHOOSE(Inputs!$B$12,'S1_D1_Distributor'!M6,'S1_D2_Distributor'!M6,'S1_D3_Distributor'!M6) | AE9: =CHOOSE(Inputs!$B$12,'S1_D1_Distributor'!N6,'S1_D2_Distributor'!N6,'S1_D3_Distributor'!N6) | AF9: =CHOOSE(Inputs!$B$12,'S1_D1_Factory'!C6,'S1_D2_Factory'!C6,'S1_D3_Factory'!C6) | AG9: =CHOOSE(Inputs!$B$12,'S1_D1_Factory'!D6,'S1_D2_Factory'!D6,'S1_D3_Factory'!D6) | AH9: =CHOOSE(Inputs!$B$12,'S1_D1_Factory'!H6,'S1_D2_Factory'!H6,'S1_D3_Factory'!H6) | AI9: =CHOOSE(Inputs!$B$12,'S1_D1_Factory'!I6,'S1_D2_Factory'!I6,'S1_D3_Factory'!I6) | AJ9: =CHOOSE(Inputs!$B$12,'S1_D1_Factory'!J6,'S1_D2_Factory'!J6,'S1_D3_Factory'!J6) | AK9: =CHOOSE(Inputs!$B$12,'S1_D1_Factory'!P6,'S1_D2_Factory'!P6,'S1_D3_Factory'!P6) | AL9: =CHOOSE(Inputs!$B$12,'S1_D1_Factory'!K6,'S1_D2_Factory'!K6,'S1_D3_Factory'!K6) | AM9: =CHOOSE(Inputs!$B$12,'S1_D1_Factory'!L6,'S1_D2_Factory'!L6,'S1_D3_Factory'!L6) | AN9: =CHOOSE(Inputs!$B$12,'S1_D1_Factory'!M6,'S1_D2_Factory'!M6,'S1_D3_Factory'!M6) | AO9: =CHOOSE(Inputs!$B$12,'S1_D1_Factory'!N6,'S1_D2_Factory'!N6,'S1_D3_Factory'!N6) | AP9: =SUM(H9,R9,AB9,AL9) | AQ9: =SUM(I9,S9,AC9,AM9) | AR9: =SUM(J9,T9,AD9,AN9) | AS9: =AS8+AR9
A10: 6 | B10: =CHOOSE(Inputs!$B$12,'S1_D1_Retailer'!C7,'S1_D2_Retailer'!C7,'S1_D3_Retailer'!C7) | C10: =CHOOSE(Inputs!$B$12,'S1_D1_Retailer'!D7,'S1_D2_Retailer'!D7,'S1_D3_Retailer'!D7) | D10: =CHOOSE(Inputs!$B$12,'S1_D1_Retailer'!H7,'S1_D2_Retailer'!H7,'S1_D3_Retailer'!H7) | E10: =CHOOSE(Inputs!$B$12,'S1_D1_Retailer'!I7,'S1_D2_Retailer'!I7,'S1_D3_Retailer'!I7) | F10: =CHOOSE(Inputs!$B$12,'S1_D1_Retailer'!J7,'S1_D2_Retailer'!J7,'S1_D3_Retailer'!J7) | G10: =CHOOSE(Inputs!$B$12,'S1_D1_Retailer'!P7,'S1_D2_Retailer'!P7,'S1_D3_Retailer'!P7) | H10: =CHOOSE(Inputs!$B$12,'S1_D1_Retailer'!K7,'S1_D2_Retailer'!K7,'S1_D3_Retailer'!K7) | I10: =CHOOSE(Inputs!$B$12,'S1_D1_Retailer'!L7,'S1_D2_Retailer'!L7,'S1_D3_Retailer'!L7) | J10: =CHOOSE(Inputs!$B$12,'S1_D1_Retailer'!M7,'S1_D2_Retailer'!M7,'S1_D3_Retailer'!M7) | K10: =CHOOSE(Inputs!$B$12,'S1_D1_Retailer'!N7,'S1_D2_Retailer'!N7,'S1_D3_Retailer'!N7) | L10: =CHOOSE(Inputs!$B$12,'S1_D1_Wholesaler'!C7,'S1_D2_Wholesaler'!C7,'S1_D3_Wholesaler'!C7) | M10: =CHOOSE(Inputs!$B$12,'S1_D1_Wholesaler'!D7,'S1_D2_Wholesaler'!D7,'S1_D3_Wholesaler'!D7) | N10: =CHOOSE(Inputs!$B$12,'S1_D1_Wholesaler'!H7,'S1_D2_Wholesaler'!H7,'S1_D3_Wholesaler'!H7) | O10: =CHOOSE(Inputs!$B$12,'S1_D1_Wholesaler'!I7,'S1_D2_Wholesaler'!I7,'S1_D3_Wholesaler'!I7) | P10: =CHOOSE(Inputs!$B$12,'S1_D1_Wholesaler'!J7,'S1_D2_Wholesaler'!J7,'S1_D3_Wholesaler'!J7) | Q10: =CHOOSE(Inputs!$B$12,'S1_D1_Wholesaler'!P7,'S1_D2_Wholesaler'!P7,'S1_D3_Wholesaler'!P7) | R10: =CHOOSE(Inputs!$B$12,'S1_D1_Wholesaler'!K7,'S1_D2_Wholesaler'!K7,'S1_D3_Wholesaler'!K7) | S10: =CHOOSE(Inputs!$B$12,'S1_D1_Wholesaler'!L7,'S1_D2_Wholesaler'!L7,'S1_D3_Wholesaler'!L7) | T10: =CHOOSE(Inputs!$B$12,'S1_D1_Wholesaler'!M7,'S1_D2_Wholesaler'!M7,'S1_D3_Wholesaler'!M7) | U10: =CHOOSE(Inputs!$B$12,'S1_D1_Wholesaler'!N7,'S1_D2_Wholesaler'!N7,'S1_D3_Wholesaler'!N7) | V10: =CHOOSE(Inputs!$B$12,'S1_D1_Distributor'!C7,'S1_D2_Distributor'!C7,'S1_D3_Distributor'!C7) | W10: =CHOOSE(Inputs!$B$12,'S1_D1_Distributor'!D7,'S1_D2_Distributor'!D7,'S1_D3_Distributor'!D7) | X10: =CHOOSE(Inputs!$B$12,'S1_D1_Distributor'!H7,'S1_D2_Distributor'!H7,'S1_D3_Distributor'!H7) | Y10: =CHOOSE(Inputs!$B$12,'S1_D1_Distributor'!I7,'S1_D2_Distributor'!I7,'S1_D3_Distributor'!I7) | Z10: =CHOOSE(Inputs!$B$12,'S1_D1_Distributor'!J7,'S1_D2_Distributor'!J7,'S1_D3_Distributor'!J7) | AA10: =CHOOSE(Inputs!$B$12,'S1_D1_Distributor'!P7,'S1_D2_Distributor'!P7,'S1_D3_Distributor'!P7) | AB10: =CHOOSE(Inputs!$B$12,'S1_D1_Distributor'!K7,'S1_D2_Distributor'!K7,'S1_D3_Distributor'!K7) | AC10: =CHOOSE(Inputs!$B$12,'S1_D1_Distributor'!L7,'S1_D2_Distributor'!L7,'S1_D3_Distributor'!L7) | AD10: =CHOOSE(Inputs!$B$12,'S1_D1_Distributor'!M7,'S1_D2_Distributor'!M7,'S1_D3_Distributor'!M7) | AE10: =CHOOSE(Inputs!$B$12,'S1_D1_Distributor'!N7,'S1_D2_Distributor'!N7,'S1_D3_Distributor'!N7) | AF10: =CHOOSE(Inputs!$B$12,'S1_D1_Factory'!C7,'S1_D2_Factory'!C7,'S1_D3_Factory'!C7) | AG10: =CHOOSE(Inputs!$B$12,'S1_D1_Factory'!D7,'S1_D2_Factory'!D7,'S1_D3_Factory'!D7) | AH10: =CHOOSE(Inputs!$B$12,'S1_D1_Factory'!H7,'S1_D2_Factory'!H7,'S1_D3_Factory'!H7) | AI10: =CHOOSE(Inputs!$B$12,'S1_D1_Factory'!I7,'S1_D2_Factory'!I7,'S1_D3_Factory'!I7) | AJ10: =CHOOSE(Inputs!$B$12,'S1_D1_Factory'!J7,'S1_D2_Factory'!J7,'S1_D3_Factory'!J7) | AK10: =CHOOSE(Inputs!$B$12,'S1_D1_Factory'!P7,'S1_D2_Factory'!P7,'S1_D3_Factory'!P7) | AL10: =CHOOSE(Inputs!$B$12,'S1_D1_Factory'!K7,'S1_D2_Factory'!K7,'S1_D3_Factory'!K7) | AM10: =CHOOSE(Inputs!$B$12,'S1_D1_Factory'!L7,'S1_D2_Factory'!L7,'S1_D3_Factory'!L7) | AN10: =CHOOSE(Inputs!$B$12,'S1_D1_Factory'!M7,'S1_D2_Factory'!M7,'S1_D3_Factory'!M7) | AO10: =CHOOSE(Inputs!$B$12,'S1_D1_Factory'!N7,'S1_D2_Factory'!N7,'S1_D3_Factory'!N7) | AP10: =SUM(H10,R10,AB10,AL10) | AQ10: =SUM(I10,S10,AC10,AM10) | AR10: =SUM(J10,T10,AD10,AN10) | AS10: =AS9+AR10
A11: 7 | B11: =CHOOSE(Inputs!$B$12,'S1_D1_Retailer'!C8,'S1_D2_Retailer'!C8,'S1_D3_Retailer'!C8) | C11: =CHOOSE(Inputs!$B$12,'S1_D1_Retailer'!D8,'S1_D2_Retailer'!D8,'S1_D3_Retailer'!D8) | D11: =CHOOSE(Inputs!$B$12,'S1_D1_Retailer'!H8,'S1_D2_Retailer'!H8,'S1_D3_Retailer'!H8) | E11: =CHOOSE(Inputs!$B$12,'S1_D1_Retailer'!I8,'S1_D2_Retailer'!I8,'S1_D3_Retailer'!I8) | F11: =CHOOSE(Inputs!$B$12,'S1_D1_Retailer'!J8,'S1_D2_Retailer'!J8,'S1_D3_Retailer'!J8) | G11: =CHOOSE(Inputs!$B$12,'S1_D1_Retailer'!P8,'S1_D2_Retailer'!P8,'S1_D3_Retailer'!P8) | H11: =CHOOSE(Inputs!$B$12,'S1_D1_Retailer'!K8,'S1_D2_Retailer'!K8,'S1_D3_Retailer'!K8) | I11: =CHOOSE(Inputs!$B$12,'S1_D1_Retailer'!L8,'S1_D2_Retailer'!L8,'S1_D3_Retailer'!L8) | J11: =CHOOSE(Inputs!$B$12,'S1_D1_Retailer'!M8,'S1_D2_Retailer'!M8,'S1_D3_Retailer'!M8) | K11: =CHOOSE(Inputs!$B$12,'S1_D1_Retailer'!N8,'S1_D2_Retailer'!N8,'S1_D3_Retailer'!N8) | L11: =CHOOSE(Inputs!$B$12,'S1_D1_Wholesaler'!C8,'S1_D2_Wholesaler'!C8,'S1_D3_Wholesaler'!C8) | M11: =CHOOSE(Inputs!$B$12,'S1_D1_Wholesaler'!D8,'S1_D2_Wholesaler'!D8,'S1_D3_Wholesaler'!D8) | N11: =CHOOSE(Inputs!$B$12,'S1_D1_Wholesaler'!H8,'S1_D2_Wholesaler'!H8,'S1_D3_Wholesaler'!H8) | O11: =CHOOSE(Inputs!$B$12,'S1_D1_Wholesaler'!I8,'S1_D2_Wholesaler'!I8,'S1_D3_Wholesaler'!I8) | P11: =CHOOSE(Inputs!$B$12,'S1_D1_Wholesaler'!J8,'S1_D2_Wholesaler'!J8,'S1_D3_Wholesaler'!J8) | Q11: =CHOOSE(Inputs!$B$12,'S1_D1_Wholesaler'!P8,'S1_D2_Wholesaler'!P8,'S1_D3_Wholesaler'!P8) | R11: =CHOOSE(Inputs!$B$12,'S1_D1_Wholesaler'!K8,'S1_D2_Wholesaler'!K8,'S1_D3_Wholesaler'!K8) | S11: =CHOOSE(Inputs!$B$12,'S1_D1_Wholesaler'!L8,'S1_D2_Wholesaler'!L8,'S1_D3_Wholesaler'!L8) | T11: =CHOOSE(Inputs!$B$12,'S1_D1_Wholesaler'!M8,'S1_D2_Wholesaler'!M8,'S1_D3_Wholesaler'!M8) | U11: =CHOOSE(Inputs!$B$12,'S1_D1_Wholesaler'!N8,'S1_D2_Wholesaler'!N8,'S1_D3_Wholesaler'!N8) | V11: =CHOOSE(Inputs!$B$12,'S1_D1_Distributor'!C8,'S1_D2_Distributor'!C8,'S1_D3_Distributor'!C8) | W11: =CHOOSE(Inputs!$B$12,'S1_D1_Distributor'!D8,'S1_D2_Distributor'!D8,'S1_D3_Distributor'!D8) | X11: =CHOOSE(Inputs!$B$12,'S1_D1_Distributor'!H8,'S1_D2_Distributor'!H8,'S1_D3_Distributor'!H8) | Y11: =CHOOSE(Inputs!$B$12,'S1_D1_Distributor'!I8,'S1_D2_Distributor'!I8,'S1_D3_Distributor'!I8) | Z11: =CHOOSE(Inputs!$B$12,'S1_D1_Distributor'!J8,'S1_D2_Distributor'!J8,'S1_D3_Distributor'!J8) | AA11: =CHOOSE(Inputs!$B$12,'S1_D1_Distributor'!P8,'S1_D2_Distributor'!P8,'S1_D3_Distributor'!P8) | AB11: =CHOOSE(Inputs!$B$12,'S1_D1_Distributor'!K8,'S1_D2_Distributor'!K8,'S1_D3_Distributor'!K8) | AC11: =CHOOSE(Inputs!$B$12,'S1_D1_Distributor'!L8,'S1_D2_Distributor'!L8,'S1_D3_Distributor'!L8) | AD11: =CHOOSE(Inputs!$B$12,'S1_D1_Distributor'!M8,'S1_D2_Distributor'!M8,'S1_D3_Distributor'!M8) | AE11: =CHOOSE(Inputs!$B$12,'S1_D1_Distributor'!N8,'S1_D2_Distributor'!N8,'S1_D3_Distributor'!N8) | AF11: =CHOOSE(Inputs!$B$12,'S1_D1_Factory'!C8,'S1_D2_Factory'!C8,'S1_D3_Factory'!C8) | AG11: =CHOOSE(Inputs!$B$12,'S1_D1_Factory'!D8,'S1_D2_Factory'!D8,'S1_D3_Factory'!D8) | AH11: =CHOOSE(Inputs!$B$12,'S1_D1_Factory'!H8,'S1_D2_Factory'!H8,'S1_D3_Factory'!H8) | AI11: =CHOOSE(Inputs!$B$12,'S1_D1_Factory'!I8,'S1_D2_Factory'!I8,'S1_D3_Factory'!I8) | AJ11: =CHOOSE(Inputs!$B$12,'S1_D1_Factory'!J8,'S1_D2_Factory'!J8,'S1_D3_Factory'!J8) | AK11: =CHOOSE(Inputs!$B$12,'S1_D1_Factory'!P8,'S1_D2_Factory'!P8,'S1_D3_Factory'!P8) | AL11: =CHOOSE(Inputs!$B$12,'S1_D1_Factory'!K8,'S1_D2_Factory'!K8,'S1_D3_Factory'!K8) | AM11: =CHOOSE(Inputs!$B$12,'S1_D1_Factory'!L8,'S1_D2_Factory'!L8,'S1_D3_Factory'!L8) | AN11: =CHOOSE(Inputs!$B$12,'S1_D1_Factory'!M8,'S1_D2_Factory'!M8,'S1_D3_Factory'!M8) | AO11: =CHOOSE(Inputs!$B$12,'S1_D1_Factory'!N8,'S1_D2_Factory'!N8,'S1_D3_Factory'!N8) | AP11: =SUM(H11,R11,AB11,AL11) | AQ11: =SUM(I11,S11,AC11,AM11) | AR11: =SUM(J11,T11,AD11,AN11) | AS11: =AS10+AR11
A12: 8 | B12: =CHOOSE(Inputs!$B$12,'S1_D1_Retailer'!C9,'S1_D2_Retailer'!C9,'S1_D3_Retailer'!C9) | C12: =CHOOSE(Inputs!$B$12,'S1_D1_Retailer'!D9,'S1_D2_Retailer'!D9,'S1_D3_Retailer'!D9) | D12: =CHOOSE(Inputs!$B$12,'S1_D1_Retailer'!H9,'S1_D2_Retailer'!H9,'S1_D3_Retailer'!H9) | E12: =CHOOSE(Inputs!$B$12,'S1_D1_Retailer'!I9,'S1_D2_Retailer'!I9,'S1_D3_Retailer'!I9) | F12: =CHOOSE(Inputs!$B$12,'S1_D1_Retailer'!J9,'S1_D2_Retailer'!J9,'S1_D3_Retailer'!J9) | G12: =CHOOSE(Inputs!$B$12,'S1_D1_Retailer'!P9,'S1_D2_Retailer'!P9,'S1_D3_Retailer'!P9) | H12: =CHOOSE(Inputs!$B$12,'S1_D1_Retailer'!K9,'S1_D2_Retailer'!K9,'S1_D3_Retailer'!K9) | I12: =CHOOSE(Inputs!$B$12,'S1_D1_Retailer'!L9,'S1_D2_Retailer'!L9,'S1_D3_Retailer'!L9) | J12: =CHOOSE(Inputs!$B$12,'S1_D1_Retailer'!M9,'S1_D2_Retailer'!M9,'S1_D3_Retailer'!M9) | K12: =CHOOSE(Inputs!$B$12,'S1_D1_Retailer'!N9,'S1_D2_Retailer'!N9,'S1_D3_Retailer'!N9) | L12: =CHOOSE(Inputs!$B$12,'S1_D1_Wholesaler'!C9,'S1_D2_Wholesaler'!C9,'S1_D3_Wholesaler'!C9) | M12: =CHOOSE(Inputs!$B$12,'S1_D1_Wholesaler'!D9,'S1_D2_Wholesaler'!D9,'S1_D3_Wholesaler'!D9) | N12: =CHOOSE(Inputs!$B$12,'S1_D1_Wholesaler'!H9,'S1_D2_Wholesaler'!H9,'S1_D3_Wholesaler'!H9) | O12: =CHOOSE(Inputs!$B$12,'S1_D1_Wholesaler'!I9,'S1_D2_Wholesaler'!I9,'S1_D3_Wholesaler'!I9) | P12: =CHOOSE(Inputs!$B$12,'S1_D1_Wholesaler'!J9,'S1_D2_Wholesaler'!J9,'S1_D3_Wholesaler'!J9) | Q12: =CHOOSE(Inputs!$B$12,'S1_D1_Wholesaler'!P9,'S1_D2_Wholesaler'!P9,'S1_D3_Wholesaler'!P9) | R12: =CHOOSE(Inputs!$B$12,'S1_D1_Wholesaler'!K9,'S1_D2_Wholesaler'!K9,'S1_D3_Wholesaler'!K9) | S12: =CHOOSE(Inputs!$B$12,'S1_D1_Wholesaler'!L9,'S1_D2_Wholesaler'!L9,'S1_D3_Wholesaler'!L9) | T12: =CHOOSE(Inputs!$B$12,'S1_D1_Wholesaler'!M9,'S1_D2_Wholesaler'!M9,'S1_D3_Wholesaler'!M9) | U12: =CHOOSE(Inputs!$B$12,'S1_D1_Wholesaler'!N9,'S1_D2_Wholesaler'!N9,'S1_D3_Wholesaler'!N9) | V12: =CHOOSE(Inputs!$B$12,'S1_D1_Distributor'!C9,'S1_D2_Distributor'!C9,'S1_D3_Distributor'!C9) | W12: =CHOOSE(Inputs!$B$12,'S1_D1_Distributor'!D9,'S1_D2_Distributor'!D9,'S1_D3_Distributor'!D9) | X12: =CHOOSE(Inputs!$B$12,'S1_D1_Distributor'!H9,'S1_D2_Distributor'!H9,'S1_D3_Distributor'!H9) | Y12: =CHOOSE(Inputs!$B$12,'S1_D1_Distributor'!I9,'S1_D2_Distributor'!I9,'S1_D3_Distributor'!I9) | Z12: =CHOOSE(Inputs!$B$12,'S1_D1_Distributor'!J9,'S1_D2_Distributor'!J9,'S1_D3_Distributor'!J9) | AA12: =CHOOSE(Inputs!$B$12,'S1_D1_Distributor'!P9,'S1_D2_Distributor'!P9,'S1_D3_Distributor'!P9) | AB12: =CHOOSE(Inputs!$B$12,'S1_D1_Distributor'!K9,'S1_D2_Distributor'!K9,'S1_D3_Distributor'!K9) | AC12: =CHOOSE(Inputs!$B$12,'S1_D1_Distributor'!L9,'S1_D2_Distributor'!L9,'S1_D3_Distributor'!L9) | AD12: =CHOOSE(Inputs!$B$12,'S1_D1_Distributor'!M9,'S1_D2_Distributor'!M9,'S1_D3_Distributor'!M9) | AE12: =CHOOSE(Inputs!$B$12,'S1_D1_Distributor'!N9,'S1_D2_Distributor'!N9,'S1_D3_Distributor'!N9) | AF12: =CHOOSE(Inputs!$B$12,'S1_D1_Factory'!C9,'S1_D2_Factory'!C9,'S1_D3_Factory'!C9) | AG12: =CHOOSE(Inputs!$B$12,'S1_D1_Factory'!D9,'S1_D2_Factory'!D9,'S1_D3_Factory'!D9) | AH12: =CHOOSE(Inputs!$B$12,'S1_D1_Factory'!H9,'S1_D2_Factory'!H9,'S1_D3_Factory'!H9) | AI12: =CHOOSE(Inputs!$B$12,'S1_D1_Factory'!I9,'S1_D2_Factory'!I9,'S1_D3_Factory'!I9) | AJ12: =CHOOSE(Inputs!$B$12,'S1_D1_Factory'!J9,'S1_D2_Factory'!J9,'S1_D3_Factory'!J9) | AK12: =CHOOSE(Inputs!$B$12,'S1_D1_Factory'!P9,'S1_D2_Factory'!P9,'S1_D3_Factory'!P9) | AL12: =CHOOSE(Inputs!$B$12,'S1_D1_Factory'!K9,'S1_D2_Factory'!K9,'S1_D3_Factory'!K9) | AM12: =CHOOSE(Inputs!$B$12,'S1_D1_Factory'!L9,'S1_D2_Factory'!L9,'S1_D3_Factory'!L9) | AN12: =CHOOSE(Inputs!$B$12,'S1_D1_Factory'!M9,'S1_D2_Factory'!M9,'S1_D3_Factory'!M9) | AO12: =CHOOSE(Inputs!$B$12,'S1_D1_Factory'!N9,'S1_D2_Factory'!N9,'S1_D3_Factory'!N9) | AP12: =SUM(H12,R12,AB12,AL12) | AQ12: =SUM(I12,S12,AC12,AM12) | AR12: =SUM(J12,T12,AD12,AN12) | AS12: =AS11+AR12
A13: 9 | B13: =CHOOSE(Inputs!$B$12,'S1_D1_Retailer'!C10,'S1_D2_Retailer'!C10,'S1_D3_Retailer'!C10) | C13: =CHOOSE(Inputs!$B$12,'S1_D1_Retailer'!D10,'S1_D2_Retailer'!D10,'S1_D3_Retailer'!D10) | D13: =CHOOSE(Inputs!$B$12,'S1_D1_Retailer'!H10,'S1_D2_Retailer'!H10,'S1_D3_Retailer'!H10) | E13: =CHOOSE(Inputs!$B$12,'S1_D1_Retailer'!I10,'S1_D2_Retailer'!I10,'S1_D3_Retailer'!I10) | F13: =CHOOSE(Inputs!$B$12,'S1_D1_Retailer'!J10,'S1_D2_Retailer'!J10,'S1_D3_Retailer'!J10) | G13: =CHOOSE(Inputs!$B$12,'S1_D1_Retailer'!P10,'S1_D2_Retailer'!P10,'S1_D3_Retailer'!P10) | H13: =CHOOSE(Inputs!$B$12,'S1_D1_Retailer'!K10,'S1_D2_Retailer'!K10,'S1_D3_Retailer'!K10) | I13: =CHOOSE(Inputs!$B$12,'S1_D1_Retailer'!L10,'S1_D2_Retailer'!L10,'S1_D3_Retailer'!L10) | J13: =CHOOSE(Inputs!$B$12,'S1_D1_Retailer'!M10,'S1_D2_Retailer'!M10,'S1_D3_Retailer'!M10) | K13: =CHOOSE(Inputs!$B$12,'S1_D1_Retailer'!N10,'S1_D2_Retailer'!N10,'S1_D3_Retailer'!N10) | L13: =CHOOSE(Inputs!$B$12,'S1_D1_Wholesaler'!C10,'S1_D2_Wholesaler'!C10,'S1_D3_Wholesaler'!C10) | M13: =CHOOSE(Inputs!$B$12,'S1_D1_Wholesaler'!D10,'S1_D2_Wholesaler'!D10,'S1_D3_Wholesaler'!D10) | N13: =CHOOSE(Inputs!$B$12,'S1_D1_Wholesaler'!H10,'S1_D2_Wholesaler'!H10,'S1_D3_Wholesaler'!H10) | O13: =CHOOSE(Inputs!$B$12,'S1_D1_Wholesaler'!I10,'S1_D2_Wholesaler'!I10,'S1_D3_Wholesaler'!I10) | P13: =CHOOSE(Inputs!$B$12,'S1_D1_Wholesaler'!J10,'S1_D2_Wholesaler'!J10,'S1_D3_Wholesaler'!J10) | Q13: =CHOOSE(Inputs!$B$12,'S1_D1_Wholesaler'!P10,'S1_D2_Wholesaler'!P10,'S1_D3_Wholesaler'!P10) | R13: =CHOOSE(Inputs!$B$12,'S1_D1_Wholesaler'!K10,'S1_D2_Wholesaler'!K10,'S1_D3_Wholesaler'!K10) | S13: =CHOOSE(Inputs!$B$12,'S1_D1_Wholesaler'!L10,'S1_D2_Wholesaler'!L10,'S1_D3_Wholesaler'!L10) | T13: =CHOOSE(Inputs!$B$12,'S1_D1_Wholesaler'!M10,'S1_D2_Wholesaler'!M10,'S1_D3_Wholesaler'!M10) | U13: =CHOOSE(Inputs!$B$12,'S1_D1_Wholesaler'!N10,'S1_D2_Wholesaler'!N10,'S1_D3_Wholesaler'!N10) | V13: =CHOOSE(Inputs!$B$12,'S1_D1_Distributor'!C10,'S1_D2_Distributor'!C10,'S1_D3_Distributor'!C10) | W13: =CHOOSE(Inputs!$B$12,'S1_D1_Distributor'!D10,'S1_D2_Distributor'!D10,'S1_D3_Distributor'!D10) | X13: =CHOOSE(Inputs!$B$12,'S1_D1_Distributor'!H10,'S1_D2_Distributor'!H10,'S1_D3_Distributor'!H10) | Y13: =CHOOSE(Inputs!$B$12,'S1_D1_Distributor'!I10,'S1_D2_Distributor'!I10,'S1_D3_Distributor'!I10) | Z13: =CHOOSE(Inputs!$B$12,'S1_D1_Distributor'!J10,'S1_D2_Distributor'!J10,'S1_D3_Distributor'!J10) | AA13: =CHOOSE(Inputs!$B$12,'S1_D1_Distributor'!P10,'S1_D2_Distributor'!P10,'S1_D3_Distributor'!P10) | AB13: =CHOOSE(Inputs!$B$12,'S1_D1_Distributor'!K10,'S1_D2_Distributor'!K10,'S1_D3_Distributor'!K10) | AC13: =CHOOSE(Inputs!$B$12,'S1_D1_Distributor'!L10,'S1_D2_Distributor'!L10,'S1_D3_Distributor'!L10) | AD13: =CHOOSE(Inputs!$B$12,'S1_D1_Distributor'!M10,'S1_D2_Distributor'!M10,'S1_D3_Distributor'!M10) | AE13: =CHOOSE(Inputs!$B$12,'S1_D1_Distributor'!N10,'S1_D2_Distributor'!N10,'S1_D3_Distributor'!N10) | AF13: =CHOOSE(Inputs!$B$12,'S1_D1_Factory'!C10,'S1_D2_Factory'!C10,'S1_D3_Factory'!C10) | AG13: =CHOOSE(Inputs!$B$12,'S1_D1_Factory'!D10,'S1_D2_Factory'!D10,'S1_D3_Factory'!D10) | AH13: =CHOOSE(Inputs!$B$12,'S1_D1_Factory'!H10,'S1_D2_Factory'!H10,'S1_D3_Factory'!H10) | AI13: =CHOOSE(Inputs!$B$12,'S1_D1_Factory'!I10,'S1_D2_Factory'!I10,'S1_D3_Factory'!I10) | AJ13: =CHOOSE(Inputs!$B$12,'S1_D1_Factory'!J10,'S1_D2_Factory'!J10,'S1_D3_Factory'!J10) | AK13: =CHOOSE(Inputs!$B$12,'S1_D1_Factory'!P10,'S1_D2_Factory'!P10,'S1_D3_Factory'!P10) | AL13: =CHOOSE(Inputs!$B$12,'S1_D1_Factory'!K10,'S1_D2_Factory'!K10,'S1_D3_Factory'!K10) | AM13: =CHOOSE(Inputs!$B$12,'S1_D1_Factory'!L10,'S1_D2_Factory'!L10,'S1_D3_Factory'!L10) | AN13: =CHOOSE(Inputs!$B$12,'S1_D1_Factory'!M10,'S1_D2_Factory'!M10,'S1_D3_Factory'!M10) | AO13: =CHOOSE(Inputs!$B$12,'S1_D1_Factory'!N10,'S1_D2_Factory'!N10,'S1_D3_Factory'!N10) | AP13: =SUM(H13,R13,AB13,AL13) | AQ13: =SUM(I13,S13,AC13,AM13) | AR13: =SUM(J13,T13,AD13,AN13) | AS13: =AS12+AR13
A14: 10 | B14: =CHOOSE(Inputs!$B$12,'S1_D1_Retailer'!C11,'S1_D2_Retailer'!C11,'S1_D3_Retailer'!C11) | C14: =CHOOSE(Inputs!$B$12,'S1_D1_Retailer'!D11,'S1_D2_Retailer'!D11,'S1_D3_Retailer'!D11) | D14: =CHOOSE(Inputs!$B$12,'S1_D1_Retailer'!H11,'S1_D2_Retailer'!H11,'S1_D3_Retailer'!H11) | E14: =CHOOSE(Inputs!$B$12,'S1_D1_Retailer'!I11,'S1_D2_Retailer'!I11,'S1_D3_Retailer'!I11) | F14: =CHOOSE(Inputs!$B$12,'S1_D1_Retailer'!J11,'S1_D2_Retailer'!J11,'S1_D3_Retailer'!J11) | G14: =CHOOSE(Inputs!$B$12,'S1_D1_Retailer'!P11,'S1_D2_Retailer'!P11,'S1_D3_Retailer'!P11) | H14: =CHOOSE(Inputs!$B$12,'S1_D1_Retailer'!K11,'S1_D2_Retailer'!K11,'S1_D3_Retailer'!K11) | I14: =CHOOSE(Inputs!$B$12,'S1_D1_Retailer'!L11,'S1_D2_Retailer'!L11,'S1_D3_Retailer'!L11) | J14: =CHOOSE(Inputs!$B$12,'S1_D1_Retailer'!M11,'S1_D2_Retailer'!M11,'S1_D3_Retailer'!M11) | K14: =CHOOSE(Inputs!$B$12,'S1_D1_Retailer'!N11,'S1_D2_Retailer'!N11,'S1_D3_Retailer'!N11) | L14: =CHOOSE(Inputs!$B$12,'S1_D1_Wholesaler'!C11,'S1_D2_Wholesaler'!C11,'S1_D3_Wholesaler'!C11) | M14: =CHOOSE(Inputs!$B$12,'S1_D1_Wholesaler'!D11,'S1_D2_Wholesaler'!D11,'S1_D3_Wholesaler'!D11) | N14: =CHOOSE(Inputs!$B$12,'S1_D1_Wholesaler'!H11,'S1_D2_Wholesaler'!H11,'S1_D3_Wholesaler'!H11) | O14: =CHOOSE(Inputs!$B$12,'S1_D1_Wholesaler'!I11,'S1_D2_Wholesaler'!I11,'S1_D3_Wholesaler'!I11) | P14: =CHOOSE(Inputs!$B$12,'S1_D1_Wholesaler'!J11,'S1_D2_Wholesaler'!J11,'S1_D3_Wholesaler'!J11) | Q14: =CHOOSE(Inputs!$B$12,'S1_D1_Wholesaler'!P11,'S1_D2_Wholesaler'!P11,'S1_D3_Wholesaler'!P11) | R14: =CHOOSE(Inputs!$B$12,'S1_D1_Wholesaler'!K11,'S1_D2_Wholesaler'!K11,'S1_D3_Wholesaler'!K11) | S14: =CHOOSE(Inputs!$B$12,'S1_D1_Wholesaler'!L11,'S1_D2_Wholesaler'!L11,'S1_D3_Wholesaler'!L11) | T14: =CHOOSE(Inputs!$B$12,'S1_D1_Wholesaler'!M11,'S1_D2_Wholesaler'!M11,'S1_D3_Wholesaler'!M11) | U14: =CHOOSE(Inputs!$B$12,'S1_D1_Wholesaler'!N11,'S1_D2_Wholesaler'!N11,'S1_D3_Wholesaler'!N11) | V14: =CHOOSE(Inputs!$B$12,'S1_D1_Distributor'!C11,'S1_D2_Distributor'!C11,'S1_D3_Distributor'!C11) | W14: =CHOOSE(Inputs!$B$12,'S1_D1_Distributor'!D11,'S1_D2_Distributor'!D11,'S1_D3_Distributor'!D11) | X14: =CHOOSE(Inputs!$B$12,'S1_D1_Distributor'!H11,'S1_D2_Distributor'!H11,'S1_D3_Distributor'!H11) | Y14: =CHOOSE(Inputs!$B$12,'S1_D1_Distributor'!I11,'S1_D2_Distributor'!I11,'S1_D3_Distributor'!I11) | Z14: =CHOOSE(Inputs!$B$12,'S1_D1_Distributor'!J11,'S1_D2_Distributor'!J11,'S1_D3_Distributor'!J11) | AA14: =CHOOSE(Inputs!$B$12,'S1_D1_Distributor'!P11,'S1_D2_Distributor'!P11,'S1_D3_Distributor'!P11) | AB14: =CHOOSE(Inputs!$B$12,'S1_D1_Distributor'!K11,'S1_D2_Distributor'!K11,'S1_D3_Distributor'!K11) | AC14: =CHOOSE(Inputs!$B$12,'S1_D1_Distributor'!L11,'S1_D2_Distributor'!L11,'S1_D3_Distributor'!L11) | AD14: =CHOOSE(Inputs!$B$12,'S1_D1_Distributor'!M11,'S1_D2_Distributor'!M11,'S1_D3_Distributor'!M11) | AE14: =CHOOSE(Inputs!$B$12,'S1_D1_Distributor'!N11,'S1_D2_Distributor'!N11,'S1_D3_Distributor'!N11) | AF14: =CHOOSE(Inputs!$B$12,'S1_D1_Factory'!C11,'S1_D2_Factory'!C11,'S1_D3_Factory'!C11) | AG14: =CHOOSE(Inputs!$B$12,'S1_D1_Factory'!D11,'S1_D2_Factory'!D11,'S1_D3_Factory'!D11) | AH14: =CHOOSE(Inputs!$B$12,'S1_D1_Factory'!H11,'S1_D2_Factory'!H11,'S1_D3_Factory'!H11) | AI14: =CHOOSE(Inputs!$B$12,'S1_D1_Factory'!I11,'S1_D2_Factory'!I11,'S1_D3_Factory'!I11) | AJ14: =CHOOSE(Inputs!$B$12,'S1_D1_Factory'!J11,'S1_D2_Factory'!J11,'S1_D3_Factory'!J11) | AK14: =CHOOSE(Inputs!$B$12,'S1_D1_Factory'!P11,'S1_D2_Factory'!P11,'S1_D3_Factory'!P11) | AL14: =CHOOSE(Inputs!$B$12,'S1_D1_Factory'!K11,'S1_D2_Factory'!K11,'S1_D3_Factory'!K11) | AM14: =CHOOSE(Inputs!$B$12,'S1_D1_Factory'!L11,'S1_D2_Factory'!L11,'S1_D3_Factory'!L11) | AN14: =CHOOSE(Inputs!$B$12,'S1_D1_Factory'!M11,'S1_D2_Factory'!M11,'S1_D3_Factory'!M11) | AO14: =CHOOSE(Inputs!$B$12,'S1_D1_Factory'!N11,'S1_D2_Factory'!N11,'S1_D3_Factory'!N11) | AP14: =SUM(H14,R14,AB14,AL14) | AQ14: =SUM(I14,S14,AC14,AM14) | AR14: =SUM(J14,T14,AD14,AN14) | AS14: =AS13+AR14
A15: 11 | B15: =CHOOSE(Inputs!$B$12,'S1_D1_Retailer'!C12,'S1_D2_Retailer'!C12,'S1_D3_Retailer'!C12) | C15: =CHOOSE(Inputs!$B$12,'S1_D1_Retailer'!D12,'S1_D2_Retailer'!D12,'S1_D3_Retailer'!D12) | D15: =CHOOSE(Inputs!$B$12,'S1_D1_Retailer'!H12,'S1_D2_Retailer'!H12,'S1_D3_Retailer'!H12) | E15: =CHOOSE(Inputs!$B$12,'S1_D1_Retailer'!I12,'S1_D2_Retailer'!I12,'S1_D3_Retailer'!I12) | F15: =CHOOSE(Inputs!$B$12,'S1_D1_Retailer'!J12,'S1_D2_Retailer'!J12,'S1_D3_Retailer'!J12) | G15: =CHOOSE(Inputs!$B$12,'S1_D1_Retailer'!P12,'S1_D2_Retailer'!P12,'S1_D3_Retailer'!P12) | H15: =CHOOSE(Inputs!$B$12,'S1_D1_Retailer'!K12,'S1_D2_Retailer'!K12,'S1_D3_Retailer'!K12) | I15: =CHOOSE(Inputs!$B$12,'S1_D1_Retailer'!L12,'S1_D2_Retailer'!L12,'S1_D3_Retailer'!L12) | J15: =CHOOSE(Inputs!$B$12,'S1_D1_Retailer'!M12,'S1_D2_Retailer'!M12,'S1_D3_Retailer'!M12) | K15: =CHOOSE(Inputs!$B$12,'S1_D1_Retailer'!N12,'S1_D2_Retailer'!N12,'S1_D3_Retailer'!N12) | L15: =CHOOSE(Inputs!$B$12,'S1_D1_Wholesaler'!C12,'S1_D2_Wholesaler'!C12,'S1_D3_Wholesaler'!C12) | M15: =CHOOSE(Inputs!$B$12,'S1_D1_Wholesaler'!D12,'S1_D2_Wholesaler'!D12,'S1_D3_Wholesaler'!D12) | N15: =CHOOSE(Inputs!$B$12,'S1_D1_Wholesaler'!H12,'S1_D2_Wholesaler'!H12,'S1_D3_Wholesaler'!H12) | O15: =CHOOSE(Inputs!$B$12,'S1_D1_Wholesaler'!I12,'S1_D2_Wholesaler'!I12,'S1_D3_Wholesaler'!I12) | P15: =CHOOSE(Inputs!$B$12,'S1_D1_Wholesaler'!J12,'S1_D2_Wholesaler'!J12,'S1_D3_Wholesaler'!J12) | Q15: =CHOOSE(Inputs!$B$12,'S1_D1_Wholesaler'!P12,'S1_D2_Wholesaler'!P12,'S1_D3_Wholesaler'!P12) | R15: =CHOOSE(Inputs!$B$12,'S1_D1_Wholesaler'!K12,'S1_D2_Wholesaler'!K12,'S1_D3_Wholesaler'!K12) | S15: =CHOOSE(Inputs!$B$12,'S1_D1_Wholesaler'!L12,'S1_D2_Wholesaler'!L12,'S1_D3_Wholesaler'!L12) | T15: =CHOOSE(Inputs!$B$12,'S1_D1_Wholesaler'!M12,'S1_D2_Wholesaler'!M12,'S1_D3_Wholesaler'!M12) | U15: =CHOOSE(Inputs!$B$12,'S1_D1_Wholesaler'!N12,'S1_D2_Wholesaler'!N12,'S1_D3_Wholesaler'!N12) | V15: =CHOOSE(Inputs!$B$12,'S1_D1_Distributor'!C12,'S1_D2_Distributor'!C12,'S1_D3_Distributor'!C12) | W15: =CHOOSE(Inputs!$B$12,'S1_D1_Distributor'!D12,'S1_D2_Distributor'!D12,'S1_D3_Distributor'!D12) | X15: =CHOOSE(Inputs!$B$12,'S1_D1_Distributor'!H12,'S1_D2_Distributor'!H12,'S1_D3_Distributor'!H12) | Y15: =CHOOSE(Inputs!$B$12,'S1_D1_Distributor'!I12,'S1_D2_Distributor'!I12,'S1_D3_Distributor'!I12) | Z15: =CHOOSE(Inputs!$B$12,'S1_D1_Distributor'!J12,'S1_D2_Distributor'!J12,'S1_D3_Distributor'!J12) | AA15: =CHOOSE(Inputs!$B$12,'S1_D1_Distributor'!P12,'S1_D2_Distributor'!P12,'S1_D3_Distributor'!P12) | AB15: =CHOOSE(Inputs!$B$12,'S1_D1_Distributor'!K12,'S1_D2_Distributor'!K12,'S1_D3_Distributor'!K12) | AC15: =CHOOSE(Inputs!$B$12,'S1_D1_Distributor'!L12,'S1_D2_Distributor'!L12,'S1_D3_Distributor'!L12) | AD15: =CHOOSE(Inputs!$B$12,'S1_D1_Distributor'!M12,'S1_D2_Distributor'!M12,'S1_D3_Distributor'!M12) | AE15: =CHOOSE(Inputs!$B$12,'S1_D1_Distributor'!N12,'S1_D2_Distributor'!N12,'S1_D3_Distributor'!N12) | AF15: =CHOOSE(Inputs!$B$12,'S1_D1_Factory'!C12,'S1_D2_Factory'!C12,'S1_D3_Factory'!C12) | AG15: =CHOOSE(Inputs!$B$12,'S1_D1_Factory'!D12,'S1_D2_Factory'!D12,'S1_D3_Factory'!D12) | AH15: =CHOOSE(Inputs!$B$12,'S1_D1_Factory'!H12,'S1_D2_Factory'!H12,'S1_D3_Factory'!H12) | AI15: =CHOOSE(Inputs!$B$12,'S1_D1_Factory'!I12,'S1_D2_Factory'!I12,'S1_D3_Factory'!I12) | AJ15: =CHOOSE(Inputs!$B$12,'S1_D1_Factory'!J12,'S1_D2_Factory'!J12,'S1_D3_Factory'!J12) | AK15: =CHOOSE(Inputs!$B$12,'S1_D1_Factory'!P12,'S1_D2_Factory'!P12,'S1_D3_Factory'!P12) | AL15: =CHOOSE(Inputs!$B$12,'S1_D1_Factory'!K12,'S1_D2_Factory'!K12,'S1_D3_Factory'!K12) | AM15: =CHOOSE(Inputs!$B$12,'S1_D1_Factory'!L12,'S1_D2_Factory'!L12,'S1_D3_Factory'!L12) | AN15: =CHOOSE(Inputs!$B$12,'S1_D1_Factory'!M12,'S1_D2_Factory'!M12,'S1_D3_Factory'!M12) | AO15: =CHOOSE(Inputs!$B$12,'S1_D1_Factory'!N12,'S1_D2_Factory'!N12,'S1_D3_Factory'!N12) | AP15: =SUM(H15,R15,AB15,AL15) | AQ15: =SUM(I15,S15,AC15,AM15) | AR15: =SUM(J15,T15,AD15,AN15) | AS15: =AS14+AR15
A16: 12 | B16: =CHOOSE(Inputs!$B$12,'S1_D1_Retailer'!C13,'S1_D2_Retailer'!C13,'S1_D3_Retailer'!C13) | C16: =CHOOSE(Inputs!$B$12,'S1_D1_Retailer'!D13,'S1_D2_Retailer'!D13,'S1_D3_Retailer'!D13) | D16: =CHOOSE(Inputs!$B$12,'S1_D1_Retailer'!H13,'S1_D2_Retailer'!H13,'S1_D3_Retailer'!H13) | E16: =CHOOSE(Inputs!$B$12,'S1_D1_Retailer'!I13,'S1_D2_Retailer'!I13,'S1_D3_Retailer'!I13) | F16: =CHOOSE(Inputs!$B$12,'S1_D1_Retailer'!J13,'S1_D2_Retailer'!J13,'S1_D3_Retailer'!J13) | G16: =CHOOSE(Inputs!$B$12,'S1_D1_Retailer'!P13,'S1_D2_Retailer'!P13,'S1_D3_Retailer'!P13) | H16: =CHOOSE(Inputs!$B$12,'S1_D1_Retailer'!K13,'S1_D2_Retailer'!K13,'S1_D3_Retailer'!K13) | I16: =CHOOSE(Inputs!$B$12,'S1_D1_Retailer'!L13,'S1_D2_Retailer'!L13,'S1_D3_Retailer'!L13) | J16: =CHOOSE(Inputs!$B$12,'S1_D1_Retailer'!M13,'S1_D2_Retailer'!M13,'S1_D3_Retailer'!M13) | K16: =CHOOSE(Inputs!$B$12,'S1_D1_Retailer'!N13,'S1_D2_Retailer'!N13,'S1_D3_Retailer'!N13) | L16: =CHOOSE(Inputs!$B$12,'S1_D1_Wholesaler'!C13,'S1_D2_Wholesaler'!C13,'S1_D3_Wholesaler'!C13) | M16: =CHOOSE(Inputs!$B$12,'S1_D1_Wholesaler'!D13,'S1_D2_Wholesaler'!D13,'S1_D3_Wholesaler'!D13) | N16: =CHOOSE(Inputs!$B$12,'S1_D1_Wholesaler'!H13,'S1_D2_Wholesaler'!H13,'S1_D3_Wholesaler'!H13) | O16: =CHOOSE(Inputs!$B$12,'S1_D1_Wholesaler'!I13,'S1_D2_Wholesaler'!I13,'S1_D3_Wholesaler'!I13) | P16: =CHOOSE(Inputs!$B$12,'S1_D1_Wholesaler'!J13,'S1_D2_Wholesaler'!J13,'S1_D3_Wholesaler'!J13) | Q16: =CHOOSE(Inputs!$B$12,'S1_D1_Wholesaler'!P13,'S1_D2_Wholesaler'!P13,'S1_D3_Wholesaler'!P13) | R16: =CHOOSE(Inputs!$B$12,'S1_D1_Wholesaler'!K13,'S1_D2_Wholesaler'!K13,'S1_D3_Wholesaler'!K13) | S16: =CHOOSE(Inputs!$B$12,'S1_D1_Wholesaler'!L13,'S1_D2_Wholesaler'!L13,'S1_D3_Wholesaler'!L13) | T16: =CHOOSE(Inputs!$B$12,'S1_D1_Wholesaler'!M13,'S1_D2_Wholesaler'!M13,'S1_D3_Wholesaler'!M13) | U16: =CHOOSE(Inputs!$B$12,'S1_D1_Wholesaler'!N13,'S1_D2_Wholesaler'!N13,'S1_D3_Wholesaler'!N13) | V16: =CHOOSE(Inputs!$B$12,'S1_D1_Distributor'!C13,'S1_D2_Distributor'!C13,'S1_D3_Distributor'!C13) | W16: =CHOOSE(Inputs!$B$12,'S1_D1_Distributor'!D13,'S1_D2_Distributor'!D13,'S1_D3_Distributor'!D13) | X16: =CHOOSE(Inputs!$B$12,'S1_D1_Distributor'!H13,'S1_D2_Distributor'!H13,'S1_D3_Distributor'!H13) | Y16: =CHOOSE(Inputs!$B$12,'S1_D1_Distributor'!I13,'S1_D2_Distributor'!I13,'S1_D3_Distributor'!I13) | Z16: =CHOOSE(Inputs!$B$12,'S1_D1_Distributor'!J13,'S1_D2_Distributor'!J13,'S1_D3_Distributor'!J13) | AA16: =CHOOSE(Inputs!$B$12,'S1_D1_Distributor'!P13,'S1_D2_Distributor'!P13,'S1_D3_Distributor'!P13) | AB16: =CHOOSE(Inputs!$B$12,'S1_D1_Distributor'!K13,'S1_D2_Distributor'!K13,'S1_D3_Distributor'!K13) | AC16: =CHOOSE(Inputs!$B$12,'S1_D1_Distributor'!L13,'S1_D2_Distributor'!L13,'S1_D3_Distributor'!L13) | AD16: =CHOOSE(Inputs!$B$12,'S1_D1_Distributor'!M13,'S1_D2_Distributor'!M13,'S1_D3_Distributor'!M13) | AE16: =CHOOSE(Inputs!$B$12,'S1_D1_Distributor'!N13,'S1_D2_Distributor'!N13,'S1_D3_Distributor'!N13) | AF16: =CHOOSE(Inputs!$B$12,'S1_D1_Factory'!C13,'S1_D2_Factory'!C13,'S1_D3_Factory'!C13) | AG16: =CHOOSE(Inputs!$B$12,'S1_D1_Factory'!D13,'S1_D2_Factory'!D13,'S1_D3_Factory'!D13) | AH16: =CHOOSE(Inputs!$B$12,'S1_D1_Factory'!H13,'S1_D2_Factory'!H13,'S1_D3_Factory'!H13) | AI16: =CHOOSE(Inputs!$B$12,'S1_D1_Factory'!I13,'S1_D2_Factory'!I13,'S1_D3_Factory'!I13) | AJ16: =CHOOSE(Inputs!$B$12,'S1_D1_Factory'!J13,'S1_D2_Factory'!J13,'S1_D3_Factory'!J13) | AK16: =CHOOSE(Inputs!$B$12,'S1_D1_Factory'!P13,'S1_D2_Factory'!P13,'S1_D3_Factory'!P13) | AL16: =CHOOSE(Inputs!$B$12,'S1_D1_Factory'!K13,'S1_D2_Factory'!K13,'S1_D3_Factory'!K13) | AM16: =CHOOSE(Inputs!$B$12,'S1_D1_Factory'!L13,'S1_D2_Factory'!L13,'S1_D3_Factory'!L13) | AN16: =CHOOSE(Inputs!$B$12,'S1_D1_Factory'!M13,'S1_D2_Factory'!M13,'S1_D3_Factory'!M13) | AO16: =CHOOSE(Inputs!$B$12,'S1_D1_Factory'!N13,'S1_D2_Factory'!N13,'S1_D3_Factory'!N13) | AP16: =SUM(H16,R16,AB16,AL16) | AQ16: =SUM(I16,S16,AC16,AM16) | AR16: =SUM(J16,T16,AD16,AN16) | AS16: =AS15+AR16
A17: 13 | B17: =CHOOSE(Inputs!$B$12,'S1_D1_Retailer'!C14,'S1_D2_Retailer'!C14,'S1_D3_Retailer'!C14) | C17: =CHOOSE(Inputs!$B$12,'S1_D1_Retailer'!D14,'S1_D2_Retailer'!D14,'S1_D3_Retailer'!D14) | D17: =CHOOSE(Inputs!$B$12,'S1_D1_Retailer'!H14,'S1_D2_Retailer'!H14,'S1_D3_Retailer'!H14) | E17: =CHOOSE(Inputs!$B$12,'S1_D1_Retailer'!I14,'S1_D2_Retailer'!I14,'S1_D3_Retailer'!I14) | F17: =CHOOSE(Inputs!$B$12,'S1_D1_Retailer'!J14,'S1_D2_Retailer'!J14,'S1_D3_Retailer'!J14) | G17: =CHOOSE(Inputs!$B$12,'S1_D1_Retailer'!P14,'S1_D2_Retailer'!P14,'S1_D3_Retailer'!P14) | H17: =CHOOSE(Inputs!$B$12,'S1_D1_Retailer'!K14,'S1_D2_Retailer'!K14,'S1_D3_Retailer'!K14) | I17: =CHOOSE(Inputs!$B$12,'S1_D1_Retailer'!L14,'S1_D2_Retailer'!L14,'S1_D3_Retailer'!L14) | J17: =CHOOSE(Inputs!$B$12,'S1_D1_Retailer'!M14,'S1_D2_Retailer'!M14,'S1_D3_Retailer'!M14) | K17: =CHOOSE(Inputs!$B$12,'S1_D1_Retailer'!N14,'S1_D2_Retailer'!N14,'S1_D3_Retailer'!N14) | L17: =CHOOSE(Inputs!$B$12,'S1_D1_Wholesaler'!C14,'S1_D2_Wholesaler'!C14,'S1_D3_Wholesaler'!C14) | M17: =CHOOSE(Inputs!$B$12,'S1_D1_Wholesaler'!D14,'S1_D2_Wholesaler'!D14,'S1_D3_Wholesaler'!D14) | N17: =CHOOSE(Inputs!$B$12,'S1_D1_Wholesaler'!H14,'S1_D2_Wholesaler'!H14,'S1_D3_Wholesaler'!H14) | O17: =CHOOSE(Inputs!$B$12,'S1_D1_Wholesaler'!I14,'S1_D2_Wholesaler'!I14,'S1_D3_Wholesaler'!I14) | P17: =CHOOSE(Inputs!$B$12,'S1_D1_Wholesaler'!J14,'S1_D2_Wholesaler'!J14,'S1_D3_Wholesaler'!J14) | Q17: =CHOOSE(Inputs!$B$12,'S1_D1_Wholesaler'!P14,'S1_D2_Wholesaler'!P14,'S1_D3_Wholesaler'!P14) | R17: =CHOOSE(Inputs!$B$12,'S1_D1_Wholesaler'!K14,'S1_D2_Wholesaler'!K14,'S1_D3_Wholesaler'!K14) | S17: =CHOOSE(Inputs!$B$12,'S1_D1_Wholesaler'!L14,'S1_D2_Wholesaler'!L14,'S1_D3_Wholesaler'!L14) | T17: =CHOOSE(Inputs!$B$12,'S1_D1_Wholesaler'!M14,'S1_D2_Wholesaler'!M14,'S1_D3_Wholesaler'!M14) | U17: =CHOOSE(Inputs!$B$12,'S1_D1_Wholesaler'!N14,'S1_D2_Wholesaler'!N14,'S1_D3_Wholesaler'!N14) | V17: =CHOOSE(Inputs!$B$12,'S1_D1_Distributor'!C14,'S1_D2_Distributor'!C14,'S1_D3_Distributor'!C14) | W17: =CHOOSE(Inputs!$B$12,'S1_D1_Distributor'!D14,'S1_D2_Distributor'!D14,'S1_D3_Distributor'!D14) | X17: =CHOOSE(Inputs!$B$12,'S1_D1_Distributor'!H14,'S1_D2_Distributor'!H14,'S1_D3_Distributor'!H14) | Y17: =CHOOSE(Inputs!$B$12,'S1_D1_Distributor'!I14,'S1_D2_Distributor'!I14,'S1_D3_Distributor'!I14) | Z17: =CHOOSE(Inputs!$B$12,'S1_D1_Distributor'!J14,'S1_D2_Distributor'!J14,'S1_D3_Distributor'!J14) | AA17: =CHOOSE(Inputs!$B$12,'S1_D1_Distributor'!P14,'S1_D2_Distributor'!P14,'S1_D3_Distributor'!P14) | AB17: =CHOOSE(Inputs!$B$12,'S1_D1_Distributor'!K14,'S1_D2_Distributor'!K14,'S1_D3_Distributor'!K14) | AC17: =CHOOSE(Inputs!$B$12,'S1_D1_Distributor'!L14,'S1_D2_Distributor'!L14,'S1_D3_Distributor'!L14) | AD17: =CHOOSE(Inputs!$B$12,'S1_D1_Distributor'!M14,'S1_D2_Distributor'!M14,'S1_D3_Distributor'!M14) | AE17: =CHOOSE(Inputs!$B$12,'S1_D1_Distributor'!N14,'S1_D2_Distributor'!N14,'S1_D3_Distributor'!N14) | AF17: =CHOOSE(Inputs!$B$12,'S1_D1_Factory'!C14,'S1_D2_Factory'!C14,'S1_D3_Factory'!C14) | AG17: =CHOOSE(Inputs!$B$12,'S1_D1_Factory'!D14,'S1_D2_Factory'!D14,'S1_D3_Factory'!D14) | AH17: =CHOOSE(Inputs!$B$12,'S1_D1_Factory'!H14,'S1_D2_Factory'!H14,'S1_D3_Factory'!H14) | AI17: =CHOOSE(Inputs!$B$12,'S1_D1_Factory'!I14,'S1_D2_Factory'!I14,'S1_D3_Factory'!I14) | AJ17: =CHOOSE(Inputs!$B$12,'S1_D1_Factory'!J14,'S1_D2_Factory'!J14,'S1_D3_Factory'!J14) | AK17: =CHOOSE(Inputs!$B$12,'S1_D1_Factory'!P14,'S1_D2_Factory'!P14,'S1_D3_Factory'!P14) | AL17: =CHOOSE(Inputs!$B$12,'S1_D1_Factory'!K14,'S1_D2_Factory'!K14,'S1_D3_Factory'!K14) | AM17: =CHOOSE(Inputs!$B$12,'S1_D1_Factory'!L14,'S1_D2_Factory'!L14,'S1_D3_Factory'!L14) | AN17: =CHOOSE(Inputs!$B$12,'S1_D1_Factory'!M14,'S1_D2_Factory'!M14,'S1_D3_Factory'!M14) | AO17: =CHOOSE(Inputs!$B$12,'S1_D1_Factory'!N14,'S1_D2_Factory'!N14,'S1_D3_Factory'!N14) | AP17: =SUM(H17,R17,AB17,AL17) | AQ17: =SUM(I17,S17,AC17,AM17) | AR17: =SUM(J17,T17,AD17,AN17) | AS17: =AS16+AR17
... A39: 35 | B39: =CHOOSE(Inputs!$B$12,'S1_D1_Retailer'!C36,'S1_D2_Retailer'!C36,'S1_D3_Retailer'!C36) | C39: =CHOOSE(Inputs!$B$12,'S1_D1_Retailer'!D36,'S1_D2_Retailer'!D36,'S1_D3_Retailer'!D36) | D39: =CHOOSE(Inputs!$B$12,'S1_D1_Retailer'!H36,'S1_D2_Retailer'!H36,'S1_D3_Retailer'!H36) | E39: =CHOOSE(Inputs!$B$12,'S1_D1_Retailer'!I36,'S1_D2_Retailer'!I36,'S1_D3_Retailer'!I36) | F39: =CHOOSE(Inputs!$B$12,'S1_D1_Retailer'!J36,'S1_D2_Retailer'!J36,'S1_D3_Retailer'!J36) | G39: =CHOOSE(Inputs!$B$12,'S1_D1_Retailer'!P36,'S1_D2_Retailer'!P36,'S1_D3_Retailer'!P36) | H39: =CHOOSE(Inputs!$B$12,'S1_D1_Retailer'!K36,'S1_D2_Retailer'!K36,'S1_D3_Retailer'!K36) | I39: =CHOOSE(Inputs!$B$12,'S1_D1_Retailer'!L36,'S1_D2_Retailer'!L36,'S1_D3_Retailer'!L36) | J39: =CHOOSE(Inputs!$B$12,'S1_D1_Retailer'!M36,'S1_D2_Retailer'!M36,'S1_D3_Retailer'!M36) | K39: =CHOOSE(Inputs!$B$12,'S1_D1_Retailer'!N36,'S1_D2_Retailer'!N36,'S1_D3_Retailer'!N36) | L39: =CHOOSE(Inputs!$B$12,'S1_D1_Wholesaler'!C36,'S1_D2_Wholesaler'!C36,'S1_D3_Wholesaler'!C36) | M39: =CHOOSE(Inputs!$B$12,'S1_D1_Wholesaler'!D36,'S1_D2_Wholesaler'!D36,'S1_D3_Wholesaler'!D36) | N39: =CHOOSE(Inputs!$B$12,'S1_D1_Wholesaler'!H36,'S1_D2_Wholesaler'!H36,'S1_D3_Wholesaler'!H36) | O39: =CHOOSE(Inputs!$B$12,'S1_D1_Wholesaler'!I36,'S1_D2_Wholesaler'!I36,'S1_D3_Wholesaler'!I36) | P39: =CHOOSE(Inputs!$B$12,'S1_D1_Wholesaler'!J36,'S1_D2_Wholesaler'!J36,'S1_D3_Wholesaler'!J36) | Q39: =CHOOSE(Inputs!$B$12,'S1_D1_Wholesaler'!P36,'S1_D2_Wholesaler'!P36,'S1_D3_Wholesaler'!P36) | R39: =CHOOSE(Inputs!$B$12,'S1_D1_Wholesaler'!K36,'S1_D2_Wholesaler'!K36,'S1_D3_Wholesaler'!K36) | S39: =CHOOSE(Inputs!$B$12,'S1_D1_Wholesaler'!L36,'S1_D2_Wholesaler'!L36,'S1_D3_Wholesaler'!L36) | T39: =CHOOSE(Inputs!$B$12,'S1_D1_Wholesaler'!M36,'S1_D2_Wholesaler'!M36,'S1_D3_Wholesaler'!M36) | U39: =CHOOSE(Inputs!$B$12,'S1_D1_Wholesaler'!N36,'S1_D2_Wholesaler'!N36,'S1_D3_Wholesaler'!N36) | V39: =CHOOSE(Inputs!$B$12,'S1_D1_Distributor'!C36,'S1_D2_Distributor'!C36,'S1_D3_Distributor'!C36) | W39: =CHOOSE(Inputs!$B$12,'S1_D1_Distributor'!D36,'S1_D2_Distributor'!D36,'S1_D3_Distributor'!D36) | X39: =CHOOSE(Inputs!$B$12,'S1_D1_Distributor'!H36,'S1_D2_Distributor'!H36,'S1_D3_Distributor'!H36) | Y39: =CHOOSE(Inputs!$B$12,'S1_D1_Distributor'!I36,'S1_D2_Distributor'!I36,'S1_D3_Distributor'!I36) | Z39: =CHOOSE(Inputs!$B$12,'S1_D1_Distributor'!J36,'S1_D2_Distributor'!J36,'S1_D3_Distributor'!J36) | AA39: =CHOOSE(Inputs!$B$12,'S1_D1_Distributor'!P36,'S1_D2_Distributor'!P36,'S1_D3_Distributor'!P36) | AB39: =CHOOSE(Inputs!$B$12,'S1_D1_Distributor'!K36,'S1_D2_Distributor'!K36,'S1_D3_Distributor'!K36) | AC39: =CHOOSE(Inputs!$B$12,'S1_D1_Distributor'!L36,'S1_D2_Distributor'!L36,'S1_D3_Distributor'!L36) | AD39: =CHOOSE(Inputs!$B$12,'S1_D1_Distributor'!M36,'S1_D2_Distributor'!M36,'S1_D3_Distributor'!M36) | AE39: =CHOOSE(Inputs!$B$12,'S1_D1_Distributor'!N36,'S1_D2_Distributor'!N36,'S1_D3_Distributor'!N36) | AF39: =CHOOSE(Inputs!$B$12,'S1_D1_Factory'!C36,'S1_D2_Factory'!C36,'S1_D3_Factory'!C36) | AG39: =CHOOSE(Inputs!$B$12,'S1_D1_Factory'!D36,'S1_D2_Factory'!D36,'S1_D3_Factory'!D36) | AH39: =CHOOSE(Inputs!$B$12,'S1_D1_Factory'!H36,'S1_D2_Factory'!H36,'S1_D3_Factory'!H36) | AI39: =CHOOSE(Inputs!$B$12,'S1_D1_Factory'!I36,'S1_D2_Factory'!I36,'S1_D3_Factory'!I36) | AJ39: =CHOOSE(Inputs!$B$12,'S1_D1_Factory'!J36,'S1_D2_Factory'!J36,'S1_D3_Factory'!J36) | AK39: =CHOOSE(Inputs!$B$12,'S1_D1_Factory'!P36,'S1_D2_Factory'!P36,'S1_D3_Factory'!P36) | AL39: =CHOOSE(Inputs!$B$12,'S1_D1_Factory'!K36,'S1_D2_Factory'!K36,'S1_D3_Factory'!K36) | AM39: =CHOOSE(Inputs!$B$12,'S1_D1_Factory'!L36,'S1_D2_Factory'!L36,'S1_D3_Factory'!L36) | AN39: =CHOOSE(Inputs!$B$12,'S1_D1_Factory'!M36,'S1_D2_Factory'!M36,'S1_D3_Factory'!M36) | AO39: =CHOOSE(Inputs!$B$12,'S1_D1_Factory'!N36,'S1_D2_Factory'!N36,'S1_D3_Factory'!N36) | AP39: =SUM(H39,R39,AB39,AL39) | AQ39: =SUM(I39,S39,AC39,AM39) | AR39: =SUM(J39,T39,AD39,AN39) | AS39: =AS38+AR39

Sheet S2_D1_Retailer
A1: Week | B1: CustomerDemand | C1: In | D1: Recv | E1: BegInv | F1: BegBacklog | G1: TotalReq | H1: Ship | I1: EndInv | J1: EndBacklog | K1: InvCost | L1: BackCost | M1: WeekCost | N1: CumulativeCost | O1: OrderManual | P1: OrderPlaced | Q1: OrderPipe1 | R1: OrderPipe2 | S1: ShipPipe1 | T1: ShipPipe2 | U1: InventoryPos | V1: TargetLevel | W1: SuggestedOrder
A2: 1 | B2: 64 | C2: 64 | D2: 50 | E2: 100 | F2: 0 | G2: 64 | H2: 64 | I2: 86 | J2: 0 | K2: 21.5 | L2: 0 | M2: 21.5 | N2: 21.5 | P2: 64 | Q2: 0 | R2: 0 | S2: 0 | T2: 0 | U2: 0 | V2: 0 | W2: 0
A3: 2 | B3: 96 | C3: 96 | D3: 50 | E3: 86 | F3: 0 | G3: 96 | H3: 96 | I3: 40 | J3: 0 | K3: 10 | L3: 0 | M3: 10 | N3: 31.5 | P3: 160 | Q3: 0 | R3: 0 | S3: 0 | T3: 0 | U3: 0 | V3: 0 | W3: 0
A4: 3 | B4: 76 | C4: 76 | D4: 0 | E4: 40 | F4: 0 | G4: 76 | H4: 40 | I4: 0 | J4: 36 | K4: 0 | L4: 36 | M4: 36 | N4: 67.5 | P4: 236 | Q4: 0 | R4: 0 | S4: 0 | T4: 0 | U4: 0 | V4: 0 | W4: 0
A5: 4 | B5: 88 | C5: 88 | D5: 0 | E5: 0 | F5: 36 | G5: 124 | H5: 0 | I5: 0 | J5: 124 | K5: 0 | L5: 124 | M5: 124 | N5: 191.5 | P5: 260 | Q5: 0 | R5: 0 | S5: 0 | T5: 0 | U5: 0 | V5: 0 | W5: 0
A6: 5 | B6: 72 | C6: 72 | D6: 64 | E6: 0 | F6: 124 | G6: 196 | H6: 64 | I6: 0 | J6: 132 | K6: 0 | L6: 132 | M6: 132 | N6: 323.5 | P6: 196 | Q6: 0 | R6: 0 | S6: 0 | T6: 0 | U6: 0 | V6: 0 | W6: 0
A7: 6 | B7: 104 | C7: 104 | D7: 136 | E7: 0 | F7: 132 | G7: 236 | H7: 136 | I7: 0 | J7: 100 | K7: 0 | L7: 100 | M7: 100 | N7: 423.5 | P7: 200 | Q7: 0 | R7: 0 | S7: 0 | T7: 0 | U7: 0 | V7: 0 | W7: 0
A8: 7 | B8: 68 | C8: 68 | D8: 100 | E8: 0 | F8: 100 | G8: 168 | H8: 100 | I8: 0 | J8: 68 | K8: 0 | L8: 68 | M8: 68 | N8: 491.5 | P8: 168 | Q8: 0 | R8: 0 | S8: 0 | T8: 0 | U8: 0 | V8: 0 | W8: 0
A9: 8 | B9: 92 | C9: 92 | D9: 100 | E9: 0 | F9: 68 | G9: 160 | H9: 100 | I9: 0 | J9: 60 | K9: 0 | L9: 60 | M9: 60 | N9: 551.5 | P9: 96 | Q9: 0 | R9: 0 | S9: 0 | T9: 0 | U9: 0 | V9: 0 | W9: 0
A10: 9 | B10: 80 | C10: 80 | D10: 164 | E10: 0 | F10: 60 | G10: 140 | H10: 140 | I10: 24 | J10: 0 | K10: 6 | L10: 0 | M10: 6 | N10: 557.5 | P10: 252 | Q10: 0 | R10: 0 | S10: 0 | T10: 0 | U10: 0 | V10: 0 | W10: 0
A11: 10 | B11: 84 | C11: 84 | D11: 124 | E11: 24 | F11: 0 | G11: 84 | H11: 84 | I11: 64 | J11: 0 | K11: 16 | L11: 0 | M11: 16 | N11: 573.5 | P11: 76 | Q11: 0 | R11: 0 | S11: 0 | T11: 0 | U11: 0 | V11: 0 | W11: 0
A12: 11 | B12: 60 | C12: 60 | D12: 260 | E12: 64 | F12: 0 | G12: 60 | H12: 60 | I12: 264 | J12: 0 | K12: 66 | L12: 0 | M12: 66 | N12: 639.5 | P12: 0 | Q12: 0 | R12: 0 | S12: 0 | T12: 0 | U12: 0 | V12: 0 | W12: 0
A13: 12 | B13: 100 | C13: 100 | D13: 352 | E13: 264 | F13: 0 | G13: 100 | H13: 100 | I13: 516 | J13: 0 | K13: 129 | L13: 0 | M13: 129 | N13: 768.5 | P13: 0 | Q13: 0 | R13: 0 | S13: 0 | T13: 0 | U13: 0 | V13: 0 | W13: 0
... A36: 35 | B36: 48 | C36: 48 | D36: 231 | E36: 280 | F36: 0 | G36: 48 | H36: 48 | I36: 463 | J36: 0 | K36: 115.75 | L36: 0 | M36: 115.75 | N36: 3200.25 | P36: 0 | Q36: 0 | R36: 0 | S36: 0 | T36: 0 | U36: 0 | V36: 0 | W36: 0

Sheet S2_D1_Wholesaler
A1: Week | B1: CustomerDemand | C1: In | D1: Recv | E1: BegInv | F1: BegBacklog | G1: TotalReq | H1: Ship | I1: EndInv | J1: EndBacklog | K1: InvCost | L1: BackCost | M1: WeekCost | N1: CumulativeCost | O1: OrderManual | P1: OrderPlaced | Q1: OrderPipe1 | R1: OrderPipe2 | S1: ShipPipe1 | T1: ShipPipe2 | U1: InventoryPos | V1: TargetLevel | W1: SuggestedOrder
A2: 1 | B2: 0 | C2: 0 | D2: 50 | E2: 100 | F2: 0 | G2: 0 | H2: 0 | I2: 150 | J2: 0 | K2: 37.5 | L2: 0 | M2: 37.5 | N2: 37.5 | P2: 100 | Q2: 0 | R2: 0 | S2: 0 | T2: 0 | U2: 0 | V2: 0 | W2: 0
A3: 2 | B3: 0 | C3: 0 | D3: 50 | E3: 150 | F3: 0 | G3: 0 | H3: 0 | I3: 200 | J3: 0 | K3: 50 | L3: 0 | M3: 50 | N3: 87.5 | P3: 100 | Q3: 0 | R3: 0 | S3: 0 | T3: 0 | U3: 0 | V3: 0 | W3: 0
A4: 3 | B4: 64 | C4: 64 | D4: 0 | E4: 200 | F4: 0 | G4: 64 | H4: 64 | I4: 136 | J4: 0 | K4: 34 | L4: 0 | M4: 34 | N4: 121.5 | P4: 164 | Q4: 0 | R4: 0 | S4: 0 | T4: 0 | U4: 0 | V4: 0 | W4: 0
A5: 4 | B5: 160 | C5: 160 | D5: 0 | E5: 136 | F5: 0 | G5: 160 | H5: 136 | I5: 0 | J5: 24 | K5: 0 | L5: 24 | M5: 24 | N5: 145.5 | P5: 124 | Q5: 0 | R5: 0 | S5: 0 | T5: 0 | U5: 0 | V5: 0 | W5: 0
A6: 5 | B6: 236 | C6: 236 | D6: 100 | E6: 0 | F6: 24 | G6: 260 | H6: 100 | I6: 0 | J6: 160 | K6: 0 | L6: 160 | M6: 160 | N6: 305.5 | P6: 260 | Q6: 0 | R6: 0 | S6: 0 | T6: 0 | U6: 0 | V6: 0 | W6: 0
A7: 6 | B7: 260 | C7: 260 | D7: 100 | E7: 0 | F7: 160 | G7: 420 | H7: 100 | I7: 0 | J7: 320 | K7: 0 | L7: 320 | M7: 320 | N7: 625.5 | P7: 356 | Q7: 0 | R7: 0 | S7: 0 | T7: 0 | U7: 0 | V7: 0 | W7: 0
A8: 7 | B8: 196 | C8: 196 | D8: 164 | E8: 0 | F8: 320 | G8: 516 | H8: 164 | I8: 0 | J8: 352 | K8: 0 | L8: 352 | M8: 352 | N8: 977.5 | P8: 428 | Q8: 0 | R8: 0 | S8: 0 | T8: 0 | U8: 0 | V8: 0 | W8: 0
A9: 8 | B9: 200 | C9: 200 | D9: 124 | E9: 0 | F9: 352 | G9: 552 | H9: 124 | I9: 0 | J9: 428 | K9: 0 | L9: 428 | M9: 428 | N9: 1405.5 | P9: 368 | Q9: 0 | R9: 0 | S9: 0 | T9: 0 | U9: 0 | V9: 0 | W9: 0
A10: 9 | B10: 168 | C10: 168 | D10: 260 | E10: 0 | F10: 428 | G10: 596 | H10: 260 | I10: 0 | J10: 336 | K10: 0 | L10: 336 | M10: 336 | N10: 1741.5 | P10: 184 | Q10: 0 | R10: 0 | S10: 0 | T10: 0 | U10: 0 | V10: 0 | W10: 0
A11: 10 | B11: 96 | C11: 96 | D11: 352 | E11: 0 | F11: 336 | G11: 432 | H11: 352 | I11: 0 | J11: 80 | K11: 0 | L11: 80 | M11: 80 | N11: 1821.5 | P11: 0 | Q11: 0 | R11: 0 | S11: 0 | T11: 0 | U11: 0 | V11: 0 | W11: 0
A12: 11 | B12: 252 | C12: 252 | D12: 300 | E12: 0 | F12: 80 | G12: 332 | H12: 300 | I12: 0 | J12: 32 | K12: 0 | L12: 32 | M12: 32 | N12: 1853.5 | P12: 80 | Q12: 0 | R12: 0 | S12: 0 | T12: 0 | U12: 0 | V12: 0 | W12: 0
A13: 12 | B13: 76 | C13: 76 | D13: 152 | E13: 0 | F13: 32 | G13: 108 | H13: 108 | I13: 44 | J13: 0 | K13: 11 | L13: 0 | M13: 11 | N13: 1864.5 | P13: 108 | Q13: 0 | R13: 0 | S13: 0 | T13: 0 | U13: 0 | V13: 0 | W13: 0
... A36: 35 | B36: 134 | C36: 134 | D36: 0 | E36: 373 | F36: 0 | G36: 134 | H36: 134 | I36: 239 | J36: 0 | K36: 59.75 | L36: 0 | M36: 59.75 | N36: 5232.25 | P36: 61 | Q36: 0 | R36: 0 | S36: 0 | T36: 0 | U36: 0 | V36: 0 | W36: 0

Sheet S2_D1_Distributor
A1: Week | B1: CustomerDemand | C1: In | D1: Recv | E1: BegInv | F1: BegBacklog | G1: TotalReq | H1: Ship | I1: EndInv | J1: EndBacklog | K1: InvCost | L1: BackCost | M1: WeekCost | N1: CumulativeCost | O1: OrderManual | P1: OrderPlaced | Q1: OrderPipe1 | R1: OrderPipe2 | S1: ShipPipe1 | T1: ShipPipe2 | U1: InventoryPos | V1: TargetLevel | W1: SuggestedOrder
A2: 1 | B2: 0 | C2: 0 | D2: 50 | E2: 100 | F2: 0 | G2: 0 | H2: 0 | I2: 150 | J2: 0 | K2: 37.5 | L2: 0 | M2: 37.5 | N2: 37.5 | P2: 200 | Q2: 0 | R2: 0 | S2: 0 | T2: 0 | U2: 0 | V2: 0 | W2: 0
A3: 2 | B3: 0 | C3: 0 | D3: 50 | E3: 150 | F3: 0 | G3: 0 | H3: 0 | I3: 200 | J3: 0 | K3: 50 | L3: 0 | M3: 50 | N3: 87.5 | P3: 200 | Q3: 0 | R3: 0 | S3: 0 | T3: 0 | U3: 0 | V3: 0 | W3: 0
A4: 3 | B4: 100 | C4: 100 | D4: 0 | E4: 200 | F4: 0 | G4: 100 | H4: 100 | I4: 100 | J4: 0 | K4: 25 | L4: 0 | M4: 25 | N4: 112.5 | P4: 300 | Q4: 0 | R4: 0 | S4: 0 | T4: 0 | U4: 0 | V4: 0 | W4: 0
A5: 4 | B5: 100 | C5: 100 | D5: 0 | E5: 100 | F5: 0 | G5: 100 | H5: 100 | I5: 0 | J5: 0 | K5: 0 | L5: 0 | M5: 0 | N5: 112.5 | P5: 300 | Q5: 0 | R5: 0 | S5: 0 | T5: 0 | U5: 0 | V5: 0 | W5: 0
A6: 5 | B6: 164 | C6: 164 | D6: 200 | E6: 0 | F6: 0 | G6: 164 | H6: 164 | I6: 36 | J6: 0 | K6: 9 | L6: 0 | M6: 9 | N6: 121.5 | P6: 264 | Q6: 0 | R6: 0 | S6: 0 | T6: 0 | U6: 0 | V6: 0 | W6: 0
A7: 6 | B7: 124 | C7: 124 | D7: 200 | E7: 36 | F7: 0 | G7: 124 | H7: 124 | I7: 112 | J7: 0 | K7: 28 | L7: 0 | M7: 28 | N7: 149.5 | P7: 88 | Q7: 0 | R7: 0 | S7: 0 | T7: 0 | U7: 0 | V7: 0 | W7: 0
A8: 7 | B8: 260 | C8: 260 | D8: 300 | E8: 112 | F8: 0 | G8: 260 | H8: 260 | I8: 152 | J8: 0 | K8: 38 | L8: 0 | M8: 38 | N8: 187.5 | P8: 148 | Q8: 0 | R8: 0 | S8: 0 | T8: 0 | U8: 0 | V8: 0 | W8: 0
A9: 8 | B9: 356 | C9: 356 | D9: 200 | E9: 152 | F9: 0 | G9: 356 | H9: 352 | I9: 0 | J9: 4 | K9: 0 | L9: 4 | M9: 4 | N9: 191.5 | P9: 0 | Q9: 0 | R9: 0 | S9: 0 | T9: 0 | U9: 0 | V9: 0 | W9: 0
A10: 9 | B10: 428 | C10: 428 | D10: 300 | E10: 0 | F10: 4 | G10: 432 | H10: 300 | I10: 0 | J10: 132 | K10: 0 | L10: 132 | M10: 132 | N10: 323.5 | P10: 180 | Q10: 0 | R10: 0 | S10: 0 | T10: 0 | U10: 0 | V10: 0 | W10: 0
A11: 10 | B11: 368 | C11: 368 | D11: 152 | E11: 0 | F11: 132 | G11: 500 | H11: 152 | I11: 0 | J11: 348 | K11: 0 | L11: 348 | M11: 348 | N11: 671.5 | P11: 400 | Q11: 0 | R11: 0 | S11: 0 | T11: 0 | U11: 0 | V11: 0 | W11: 0
A12: 11 | B12: 184 | C12: 184 | D12: 148 | E12: 0 | F12: 348 | G12: 532 | H12: 148 | I12: 0 | J12: 384 | K12: 0 | L12: 384 | M12: 384 | N12: 1055.5 | P12: 584 | Q12: 0 | R12: 0 | S12: 0 | T12: 0 | U12: 0 | V12: 0 | W12: 0
A13: 12 | B13: 0 | C13: 0 | D13: 0 | E13: 0 | F13: 384 | G13: 384 | H13: 0 | I13: 0 | J13: 384 | K13: 0 | L13: 384 | M13: 384 | N13: 1439.5 | P13: 404 | Q13: 0 | R13: 0 | S13: 0 | T13: 0 | U13: 0 | V13: 0 | W13: 0
... A36: 35 | B36: 0 | C36: 0 | D36: 0 | E36: 486 | F36: 0 | G36: 0 | H36: 0 | I36: 486 | J36: 0 | K36: 121.5 | L36: 0 | M36: 121.5 | N36: 4696.75 | P36: 0 | Q36: 0 | R36: 0 | S36: 0 | T36: 0 | U36: 0 | V36: 0 | W36: 0

Sheet S2_D1_Factory
A1: Week | B1: CustomerDemand | C1: In | D1: Recv | E1: BegInv | F1: BegBacklog | G1: TotalReq | H1: Ship | I1: EndInv | J1: EndBacklog | K1: InvCost | L1: BackCost | M1: WeekCost | N1: CumulativeCost | O1: OrderManual | P1: OrderPlaced | Q1: OrderPipe1 | R1: OrderPipe2 | S1: ShipPipe1 | T1: ShipPipe2 | U1: InventoryPos | V1: TargetLevel | W1: SuggestedOrder
A2: 1 | B2: 0 | C2: 0 | D2: 50 | E2: 100 | F2: 0 | G2: 0 | H2: 0 | I2: 150 | J2: 0 | K2: 37.5 | L2: 0 | M2: 37.5 | N2: 37.5 | P2: 300 | Q2: 0 | R2: 0 | S2: 0 | T2: 0 | U2: 0 | V2: 0 | W2: 0
A3: 2 | B3: 0 | C3: 0 | D3: 50 | E3: 150 | F3: 0 | G3: 0 | H3: 0 | I3: 200 | J3: 0 | K3: 50 | L3: 0 | M3: 50 | N3: 87.5 | P3: 0 | Q3: 0 | R3: 0 | S3: 0 | T3: 0 | U3: 0 | V3: 0 | W3: 0
A4: 3 | B4: 200 | C4: 200 | D4: 300 | E4: 200 | F4: 0 | G4: 200 | H4: 200 | I4: 300 | J4: 0 | K4: 75 | L4: 0 | M4: 75 | N4: 162.5 | P4: 200 | Q4: 0 | R4: 0 | S4: 0 | T4: 0 | U4: 0 | V4: 0 | W4: 0
A5: 4 | B5: 200 | C5: 200 | D5: 0 | E5: 300 | F5: 0 | G5: 200 | H5: 200 | I5: 100 | J5: 0 | K5: 25 | L5: 0 | M5: 25 | N5: 187.5 | P5: 200 | Q5: 0 | R5: 0 | S5: 0 | T5: 0 | U5: 0 | V5: 0 | W5: 0
A6: 5 | B6: 300 | C6: 300 | D6: 200 | E6: 100 | F6: 0 | G6: 300 | H6: 300 | I6: 0 | J6: 0 | K6: 0 | L6: 0 | M6: 0 | N6: 187.5 | P6: 300 | Q6: 0 | R6: 0 | S6: 0 | T6: 0 | U6: 0 | V6: 0 | W6: 0
A7: 6 | B7: 300 | C7: 300 | D7: 200 | E7: 0 | F7: 0 | G7: 300 | H7: 200 | I7: 0 | J7: 100 | K7: 0 | L7: 100 | M7: 100 | N7: 287.5 | P7: 200 | Q7: 0 | R7: 0 | S7: 0 | T7: 0 | U7: 0 | V7: 0 | W7: 0
A8: 7 | B8: 264 | C8: 264 | D8: 300 | E8: 0 | F8: 100 | G8: 364 | H8: 300 | I8: 0 | J8: 64 | K8: 0 | L8: 64 | M8: 64 | N8: 351.5 | P8: 364 | Q8: 0 | R8: 0 | S8: 0 | T8: 0 | U8: 0 | V8: 0 | W8: 0
A9: 8 | B9: 88 | C9: 88 | D9: 200 | E9: 0 | F9: 64 | G9: 152 | H9: 152 | I9: 48 | J9: 0 | K9: 12 | L9: 0 | M9: 12 | N9: 363.5 | P9: 88 | Q9: 0 | R9: 0 | S9: 0 | T9: 0 | U9: 0 | V9: 0 | W9: 0
A10: 9 | B10: 148 | C10: 148 | D10: 364 | E10: 48 | F10: 0 | G10: 148 | H10: 148 | I10: 264 | J10: 0 | K10: 66 | L10: 0 | M10: 66 | N10: 429.5 | P10: 148 | Q10: 0 | R10: 0 | S10: 0 | T10: 0 | U10: 0 | V10: 0 | W10: 0
A11: 10 | B11: 0 | C11: 0 | D11: 88 | E11: 264 | F11: 0 | G11: 0 | H11: 0 | I11: 352 | J11: 0 | K11: 88 | L11: 0 | M11: 88 | N11: 517.5 | P11: 0 | Q11: 0 | R11: 0 | S11: 0 | T11: 0 | U11: 0 | V11: 0 | W11: 0
A12: 11 | B12: 180 | C12: 180 | D12: 148 | E12: 352 | F12: 0 | G12: 180 | H12: 180 | I12: 320 | J12: 0 | K12: 80 | L12: 0 | M12: 80 | N12: 597.5 | P12: 180 | Q12: 0 | R12: 0 | S12: 0 | T12: 0 | U12: 0 | V12: 0 | W12: 0
A13: 12 | B13: 400 | C13: 400 | D13: 0 | E13: 320 | F13: 0 | G13: 400 | H13: 320 | I13: 0 | J13: 80 | K13: 0 | L13: 80 | M13: 80 | N13: 677.5 | P13: 400 | Q13: 0 | R13: 0 | S13: 0 | T13: 0 | U13: 0 | V13: 0 | W13: 0
... A36: 35 | B36: 0 | C36: 0 | D36: 0 | E36: 43 | F36: 0 | G36: 0 | H36: 0 | I36: 43 | J36: 0 | K36: 10.75 | L36: 0 | M36: 10.75 | N36: 2532.5 | P36: 0 | Q36: 0 | R36: 0 | S36: 0 | T36: 0 | U36: 0 | V36: 0 | W36: 0

Sheet S2_D2_Retailer
A1: Week | B1: CustomerDemand | C1: In | D1: Recv | E1: BegInv | F1: BegBacklog | G1: TotalReq | H1: Ship | I1: EndInv | J1: EndBacklog | K1: InvCost | L1: BackCost | M1: WeekCost | N1: CumulativeCost | O1: OrderManual | P1: OrderPlaced | Q1: OrderPipe1 | R1: OrderPipe2 | S1: ShipPipe1 | T1: ShipPipe2 | U1: InventoryPos | V1: TargetLevel | W1: SuggestedOrder
A2: 1 | B2: 100 | C2: 100 | D2: 50 | E2: 100 | F2: 0 | G2: 100 | H2: 100 | I2: 50 | J2: 0 | K2: 12.5 | L2: 0 | M2: 12.5 | N2: 12.5 | P2: 100 | Q2: 0 | R2: 0 | S2: 0 | T2: 0 | U2: 0 | V2: 0 | W2: 0
A3: 2 | B3: 100 | C3: 100 | D3: 50 | E3: 50 | F3: 0 | G3: 100 | H3: 100 | I3: 0 | J3: 0 | K3: 0 | L3: 0 | M3: 0 | N3: 12.5 | P3: 200 | Q3: 0 | R3: 0 | S3: 0 | T3: 0 | U3: 0 | V3: 0 | W3: 0
A4: 3 | B4: 100 | C4: 100 | D4: 0 | E4: 0 | F4: 0 | G4: 100 | H4: 0 | I4: 0 | J4: 100 | K4: 0 | L4: 100 | M4: 100 | N4: 112.5 | P4: 300 | Q4: 0 | R4: 0 | S4: 0 | T4: 0 | U4: 0 | V4: 0 | W4: 0
A5: 4 | B5: 100 | C5: 100 | D5: 0 | E5: 0 | F5: 100 | G5: 200 | H5: 0 | I5: 0 | J5: 200 | K5: 0 | L5: 200 | M5: 200 | N5: 312.5 | P5: 300 | Q5: 0 | R5: 0 | S5: 0 | T5: 0 | U5: 0 | V5: 0 | W5: 0
A6: 5 | B6: 100 | C6: 100 | D6: 100 | E6: 0 | F6: 200 | G6: 300 | H6: 100 | I6: 0 | J6: 200 | K6: 0 | L6: 200 | M6: 200 | N6: 512.5 | P6: 300 | Q6: 0 | R6: 0 | S6: 0 | T6: 0 | U6: 0 | V6: 0 | W6: 0
A7: 6 | B7: 100 | C7: 100 | D7: 100 | E7: 0 | F7: 200 | G7: 300 | H7: 100 | I7: 0 | J7: 200 | K7: 0 | L7: 200 | M7: 200 | N7: 712.5 | P7: 300 | Q7: 0 | R7: 0 | S7: 0 | T7: 0 | U7: 0 | V7: 0 | W7: 0
A8: 7 | B8: 100 | C8: 100 | D8: 100 | E8: 0 | F8: 200 | G8: 300 | H8: 100 | I8: 0 | J8: 200 | K8: 0 | L8: 200 | M8: 200 | N8: 912.5 | P8: 300 | Q8: 0 | R8: 0 | S8: 0 | T8: 0 | U8: 0 | V8: 0 | W8: 0
A9: 8 | B9: 100 | C9: 100 | D9: 100 | E9: 0 | F9: 200 | G9: 300 | H9: 100 | I9: 0 | J9: 200 | K9: 0 | L9: 200 | M9: 200 | N9: 1112.5 | P9: 300 | Q9: 0 | R9: 0 | S9: 0 | T9: 0 | U9: 0 | V9: 0 | W9: 0
A10: 9 | B10: 100 | C10: 100 | D10: 100 | E10: 0 | F10: 200 | G10: 300 | H10: 100 | I10: 0 | J10: 200 | K10: 0 | L10: 200 | M10: 200 | N10: 1312.5 | P10: 200 | Q10: 0 | R10: 0 | S10: 0 | T10: 0 | U10: 0 | V10: 0 | W10: 0
A11: 10 | B11: 100 | C11: 100 | D11: 200 | E11: 0 | F11: 200 | G11: 300 | H11: 200 | I11: 0 | J11: 100 | K11: 0 | L11: 100 | M11: 100 | N11: 1412.5 | P11: 0 | Q11: 0 | R11: 0 | S11: 0 | T11: 0 | U11: 0 | V11: 0 | W11: 0
A12: 11 | B12: 100 | C12: 100 | D12: 400 | E12: 0 | F12: 100 | G12: 200 | H12: 200 | I12: 200 | J12: 0 | K12: 50 | L12: 0 | M12: 50 | N12: 1462.5 | P12: 0 | Q12: 0 | R12: 0 | S12: 0 | T12: 0 | U12: 0 | V12: 0 | W12: 0
A13: 12 | B13: 100 | C13: 100 | D13: 200 | E13: 200 | F13: 0 | G13: 100 | H13: 100 | I13: 300 | J13: 0 | K13: 75 | L13: 0 | M13: 75 | N13: 1537.5 | P13: 0 | Q13: 0 | R13: 0 | S13: 0 | T13: 0 | U13: 0 | V13: 0 | W13: 0
... A36: 35 | B36: 100 | C36: 100 | D36: 0 | E36: 200 | F36: 0 | G36: 100 | H36: 100 | I36: 100 | J36: 0 | K36: 25 | L36: 0 | M36: 25 | N36: 3912.5 | P36: 0 | Q36: 0 | R36: 0 | S36: 0 | T36: 0 | U36: 0 | V36: 0 | W36: 0

Sheet S2_D2_Wholesaler
A1: Week | B1: CustomerDemand | C1: In | D1: Recv | E1: BegInv | F1: BegBacklog | G1: TotalReq | H1: Ship | I1: EndInv | J1: EndBacklog | K1: InvCost | L1: BackCost | M1: WeekCost | N1: CumulativeCost | O1: OrderManual | P1: OrderPlaced | Q1: OrderPipe1 | R1: OrderPipe2 | S1: ShipPipe1 | T1: ShipPipe2 | U1: InventoryPos | V1: TargetLevel | W1: SuggestedOrder
A2: 1 | B2: 0 | C2: 0 | D2: 50 | E2: 100 | F2: 0 | G2: 0 | H2: 0 | I2: 150 | J2: 0 | K2: 37.5 | L2: 0 | M2: 37.5 | N2: 37.5 | P2: 100 | Q2: 0 | R2: 0 | S2: 0 | T2: 0 | U2: 0 | V2: 0 | W2: 0
A3: 2 | B3: 0 | C3: 0 | D3: 50 | E3: 150 | F3: 0 | G3: 0 | H3: 0 | I3: 200 | J3: 0 | K3: 50 | L3: 0 | M3: 50 | N3: 87.5 | P3: 100 | Q3: 0 | R3: 0 | S3: 0 | T3: 0 | U3: 0 | V3: 0 | W3: 0
A4: 3 | B4: 100 | C4: 100 | D4: 0 | E4: 200 | F4: 0 | G4: 100 | H4: 100 | I4: 100 | J4: 0 | K4: 25 | L4: 0 | M4: 25 | N4: 112.5 | P4: 100 | Q4: 0 | R4: 0 | S4: 0 | T4: 0 | U4: 0 | V4: 0 | W4: 0
A5: 4 | B5: 200 | C5: 200 | D5: 0 | E5: 100 | F5: 0 | G5: 200 | H5: 100 | I5: 0 | J5: 100 | K5: 0 | L5: 100 | M5: 100 | N5: 212.5 | P5: 200 | Q5: 0 | R5: 0 | S5: 0 | T5: 0 | U5: 0 | V5: 0 | W5: 0
A6: 5 | B6: 300 | C6: 300 | D6: 100 | E6: 0 | F6: 100 | G6: 400 | H6: 100 | I6: 0 | J6: 300 | K6: 0 | L6: 300 | M6: 300 | N6: 512.5 | P6: 400 | Q6: 0 | R6: 0 | S6: 0 | T6: 0 | U6: 0 | V6: 0 | W6: 0
A7: 6 | B7: 300 | C7: 300 | D7: 100 | E7: 0 | F7: 300 | G7: 600 | H7: 100 | I7: 0 | J7: 500 | K7: 0 | L7: 500 | M7: 500 | N7: 1012.5 | P7: 600 | Q7: 0 | R7: 0 | S7: 0 | T7: 0 | U7: 0 | V7: 0 | W7: 0
A8: 7 | B8: 300 | C8: 300 | D8: 100 | E8: 0 | F8: 500 | G8: 800 | H8: 100 | I8: 0 | J8: 700 | K8: 0 | L8: 700 | M8: 700 | N8: 1712.5 | P8: 700 | Q8: 0 | R8: 0 | S8: 0 | T8: 0 | U8: 0 | V8: 0 | W8: 0
A9: 8 | B9: 300 | C9: 300 | D9: 200 | E9: 0 | F9: 700 | G9: 1000 | H9: 200 | I9: 0 | J9: 800 | K9: 0 | L9: 800 | M9: 800 | N9: 2512.5 | P9: 600 | Q9: 0 | R9: 0 | S9: 0 | T9: 0 | U9: 0 | V9: 0 | W9: 0
A10: 9 | B10: 300 | C10: 300 | D10: 400 | E10: 0 | F10: 800 | G10: 1100 | H10: 400 | I10: 0 | J10: 700 | K10: 0 | L10: 700 | M10: 700 | N10: 3212.5 | P10: 700 | Q10: 0 | R10: 0 | S10: 0 | T10: 0 | U10: 0 | V10: 0 | W10: 0
A11: 10 | B11: 300 | C11: 300 | D11: 200 | E11: 0 | F11: 700 | G11: 1000 | H11: 200 | I11: 0 | J11: 800 | K11: 0 | L11: 800 | M11: 800 | N11: 4012.5 | P11: 700 | Q11: 0 | R11: 0 | S11: 0 | T11: 0 | U11: 0 | V11: 0 | W11: 0
A12: 11 | B12: 200 | C12: 200 | D12: 300 | E12: 0 | F12: 800 | G12: 1000 | H12: 300 | I12: 0 | J12: 700 | K12: 0 | L12: 700 | M12: 700 | N12: 4712.5 | P12: 900 | Q12: 0 | R12: 0 | S12: 0 | T12: 0 | U12: 0 | V12: 0 | W12: 0
A13: 12 | B13: 0 | C13: 0 | D13: 0 | E13: 0 | F13: 700 | G13: 700 | H13: 0 | I13: 0 | J13: 700 | K13: 0 | L13: 700 | M13: 700 | N13: 5412.5 | P13: 800 | Q13: 0 | R13: 0 | S13: 0 | T13: 0 | U13: 0 | V13: 0 | W13: 0
... A36: 35 | B36: 200 | C36: 200 | D36: 0 | E36: 3600 | F36: 0 | G36: 200 | H36: 200 | I36: 3400 | J36: 0 | K36: 850 | L36: 0 | M36: 850 | N36: 24737.5 | P36: 0 | Q36: 0 | R36: 0 | S36: 0 | T36: 0 | U36: 0 | V36: 0 | W36: 0

Sheet S2_D2_Distributor
A1: Week | B1: CustomerDemand | C1: In | D1: Recv | E1: BegInv | F1: BegBacklog | G1: TotalReq | H1: Ship | I1: EndInv | J1: EndBacklog | K1: InvCost | L1: BackCost | M1: WeekCost | N1: CumulativeCost | O1: OrderManual | P1: OrderPlaced | Q1: OrderPipe1 | R1: OrderPipe2 | S1: ShipPipe1 | T1: ShipPipe2 | U1: InventoryPos | V1: TargetLevel | W1: SuggestedOrder
A2: 1 | B2: 0 | C2: 0 | D2: 50 | E2: 100 | F2: 0 | G2: 0 | H2: 0 | I2: 150 | J2: 0 | K2: 37.5 | L2: 0 | M2: 37.5 | N2: 37.5 | P2: 200 | Q2: 0 | R2: 0 | S2: 0 | T2: 0 | U2: 0 | V2: 0 | W2: 0
A3: 2 | B3: 0 | C3: 0 | D3: 50 | E3: 150 | F3: 0 | G3: 0 | H3: 0 | I3: 200 | J3: 0 | K3: 50 | L3: 0 | M3: 50 | N3: 87.5 | P3: 200 | Q3: 0 | R3: 0 | S3: 0 | T3: 0 | U3: 0 | V3: 0 | W3: 0
A4: 3 | B4: 100 | C4: 100 | D4: 0 | E4: 200 | F4: 0 | G4: 100 | H4: 100 | I4: 100 | J4: 0 | K4: 25 | L4: 0 | M4: 25 | N4: 112.5 | P4: 300 | Q4: 0 | R4: 0 | S4: 0 | T4: 0 | U4: 0 | V4: 0 | W4: 0
A5: 4 | B5: 100 | C5: 100 | D5: 0 | E5: 100 | F5: 0 | G5: 100 | H5: 100 | I5: 0 | J5: 0 | K5: 0 | L5: 0 | M5: 0 | N5: 112.5 | P5: 300 | Q5: 0 | R5: 0 | S5: 0 | T5: 0 | U5: 0 | V5: 0 | W5: 0
A6: 5 | B6: 100 | C6: 100 | D6: 200 | E6: 0 | F6: 0 | G6: 100 | H6: 100 | I6: 100 | J6: 0 | K6: 25 | L6: 0 | M6: 25 | N6: 137.5 | P6: 200 | Q6: 0 | R6: 0 | S6: 0 | T6: 0 | U6: 0 | V6: 0 | W6: 0
A7: 6 | B7: 200 | C7: 200 | D7: 200 | E7: 100 | F7: 0 | G7: 200 | H7: 200 | I7: 100 | J7: 0 | K7: 25 | L7: 0 | M7: 25 | N7: 162.5 | P7: 0 | Q7: 0 | R7: 0 | S7: 0 | T7: 0 | U7: 0 | V7: 0 | W7: 0
A8: 7 | B8: 400 | C8: 400 | D8: 300 | E8: 100 | F8: 0 | G8: 400 | H8: 400 | I8: 0 | J8: 0 | K8: 0 | L8: 0 | M8: 0 | N8: 162.5 | P8: 100 | Q8: 0 | R8: 0 | S8: 0 | T8: 0 | U8: 0 | V8: 0 | W8: 0
A9: 8 | B9: 600 | C9: 600 | D9: 200 | E9: 0 | F9: 0 | G9: 600 | H9: 200 | I9: 0 | J9: 400 | K9: 0 | L9: 400 | M9: 400 | N9: 562.5 | P9: 300 | Q9: 0 | R9: 0 | S9: 0 | T9: 0 | U9: 0 | V9: 0 | W9: 0
A10: 9 | B10: 700 | C10: 700 | D10: 300 | E10: 0 | F10: 400 | G10: 1100 | H10: 300 | I10: 0 | J10: 800 | K10: 0 | L10: 800 | M10: 800 | N10: 1362.5 | P10: 1000 | Q10: 0 | R10: 0 | S10: 0 | T10: 0 | U10: 0 | V10: 0 | W10: 0
A11: 10 | B11: 600 | C11: 600 | D11: 0 | E11: 0 | F11: 800 | G11: 1400 | H11: 0 | I11: 0 | J11: 1400 | K11: 0 | L11: 1400 | M11: 1400 | N11: 2762.5 | P11: 1500 | Q11: 0 | R11: 0 | S11: 0 | T11: 0 | U11: 0 | V11: 0 | W11: 0
A12: 11 | B12: 700 | C12: 700 | D12: 100 | E12: 0 | F12: 1400 | G12: 2100 | H12: 100 | I12: 0 | J12: 2000 | K12: 0 | L12: 2000 | M12: 2000 | N12: 4762.5 | P12: 1900 | Q12: 0 | R12: 0 | S12: 0 | T12: 0 | U12: 0 | V12: 0 | W12: 0
A13: 12 | B13: 700 | C13: 700 | D13: 300 | E13: 0 | F13: 2000 | G13: 2700 | H13: 300 | I13: 0 | J13: 2400 | K13: 0 | L13: 2400 | M13: 2400 | N13: 7162.5 | P13: 2400 | Q13: 0 | R13: 0 | S13: 0 | T13: 0 | U13: 0 | V13: 0 | W13: 0
... A36: 35 | B36: 0 | C36: 0 | D36: 0 | E36: 9600 | F36: 0 | G36: 0 | H36: 0 | I36: 9600 | J36: 0 | K36: 2400 | L36: 0 | M36: 2400 | N36: 59012.5 | P36: 0 | Q36: 0 | R36: 0 | S36: 0 | T36: 0 | U36: 0 | V36: 0 | W36: 0

Sheet S2_D2_Factory
A1: Week | B1: CustomerDemand | C1: In | D1: Recv | E1: BegInv | F1: BegBacklog | G1: TotalReq | H1: Ship | I1: EndInv | J1: EndBacklog | K1: InvCost | L1: BackCost | M1: WeekCost | N1: CumulativeCost | O1: OrderManual | P1: OrderPlaced | Q1: OrderPipe1 | R1: OrderPipe2 | S1: ShipPipe1 | T1: ShipPipe2 | U1: InventoryPos | V1: TargetLevel | W1: SuggestedOrder
A2: 1 | B2: 0 | C2: 0 | D2: 50 | E2: 100 | F2: 0 | G2: 0 | H2: 0 | I2: 150 | J2: 0 | K2: 37.5 | L2: 0 | M2: 37.5 | N2: 37.5 | P2: 300 | Q2: 0 | R2: 0 | S2: 0 | T2: 0 | U2: 0 | V2: 0 | W2: 0
A3: 2 | B3: 0 | C3: 0 | D3: 50 | E3: 150 | F3: 0 | G3: 0 | H3: 0 | I3: 200 | J3: 0 | K3: 50 | L3: 0 | M3: 50 | N3: 87.5 | P3: 0 | Q3: 0 | R3: 0 | S3: 0 | T3: 0 | U3: 0 | V3: 0 | W3: 0
A4: 3 | B4: 200 | C4: 200 | D4: 300 | E4: 200 | F4: 0 | G4: 200 | H4: 200 | I4: 300 | J4: 0 | K4: 75 | L4: 0 | M4: 75 | N4: 162.5 | P4: 200 | Q4: 0 | R4: 0 | S4: 0 | T4: 0 | U4: 0 | V4: 0 | W4: 0
A5: 4 | B5: 200 | C5: 200 | D5: 0 | E5: 300 | F5: 0 | G5: 200 | H5: 200 | I5: 100 | J5: 0 | K5: 25 | L5: 0 | M5: 25 | N5: 187.5 | P5: 200 | Q5: 0 | R5: 0 | S5: 0 | T5: 0 | U5: 0 | V5: 0 | W5: 0
A6: 5 | B6: 300 | C6: 300 | D6: 200 | E6: 100 | F6: 0 | G6: 300 | H6: 300 | I6: 0 | J6: 0 | K6: 0 | L6: 0 | M6: 0 | N6: 187.5 | P6: 300 | Q6: 0 | R6: 0 | S6: 0 | T6: 0 | U6: 0 | V6: 0 | W6: 0
A7: 6 | B7: 300 | C7: 300 | D7: 200 | E7: 0 | F7: 0 | G7: 300 | H7: 200 | I7: 0 | J7: 100 | K7: 0 | L7: 100 | M7: 100 | N7: 287.5 | P7: 300 | Q7: 0 | R7: 0 | S7: 0 | T7: 0 | U7: 0 | V7: 0 | W7: 0
A8: 7 | B8: 200 | C8: 200 | D8: 300 | E8: 0 | F8: 100 | G8: 300 | H8: 300 | I8: 0 | J8: 0 | K8: 0 | L8: 0 | M8: 0 | N8: 287.5 | P8: 200 | Q8: 0 | R8: 0 | S8: 0 | T8: 0 | U8: 0 | V8: 0 | W8: 0
A9: 8 | B9: 0 | C9: 0 | D9: 300 | E9: 0 | F9: 0 | G9: 0 | H9: 0 | I9: 300 | J9: 0 | K9: 75 | L9: 0 | M9: 75 | N9: 362.5 | P9: 0 | Q9: 0 | R9: 0 | S9: 0 | T9: 0 | U9: 0 | V9: 0 | W9: 0
A10: 9 | B10: 100 | C10: 100 | D10: 200 | E10: 300 | F10: 0 | G10: 100 | H10: 100 | I10: 400 | J10: 0 | K10: 100 | L10: 0 | M10: 100 | N10: 462.5 | P10: 100 | Q10: 0 | R10: 0 | S10: 0 | T10: 0 | U10: 0 | V10: 0 | W10: 0
A11: 10 | B11: 300 | C11: 300 | D11: 0 | E11: 400 | F11: 0 | G11: 300 | H11: 300 | I11: 100 | J11: 0 | K11: 25 | L11: 0 | M11: 25 | N11: 487.5 | P11: 300 | Q11: 0 | R11: 0 | S11: 0 | T11: 0 | U11: 0 | V11: 0 | W11: 0
A12: 11 | B12: 1000 | C12: 1000 | D12: 100 | E12: 100 | F12: 0 | G12: 1000 | H12: 200 | I12: 0 | J12: 800 | K12: 0 | L12: 800 | M12: 800 | N12: 1287.5 | P12: 1000 | Q12: 0 | R12: 0 | S12: 0 | T12: 0 | U12: 0 | V12: 0 | W12: 0
A13: 12 | B13: 1500 | C13: 1500 | D13: 300 | E13: 0 | F13: 800 | G13: 2300 | H13: 300 | I13: 0 | J13: 2000 | K13: 0 | L13: 2000 | M13: 2000 | N13: 3287.5 | P13: 1500 | Q13: 0 | R13: 0 | S13: 0 | T13: 0 | U13: 0 | V13: 0 | W13: 0
... A36: 35 | B36: 0 | C36: 0 | D36: 0 | E36: 200 | F36: 0 | G36: 0 | H36: 0 | I36: 200 | J36: 0 | K36: 50 | L36: 0 | M36: 50 | N36: 26687.5 | P36: 0 | Q36: 0 | R36: 0 | S36: 0 | T36: 0 | U36: 0 | V36: 0 | W36: 0

Sheet S2_D3_Retailer
A1: Week | B1: CustomerDemand | C1: In | D1: Recv | E1: BegInv | F1: BegBacklog | G1: TotalReq | H1: Ship | I1: EndInv | J1: EndBacklog | K1: InvCost | L1: BackCost | M1: WeekCost | N1: CumulativeCost | O1: OrderManual | P1: OrderPlaced | Q1: OrderPipe1 | R1: OrderPipe2 | S1: ShipPipe1 | T1: ShipPipe2 | U1: InventoryPos | V1: TargetLevel | W1: SuggestedOrder
A2: 1 | B2: 91 | C2: 91 | D2: 50 | E2: 100 | F2: 0 | G2: 91 | H2: 91 | I2: 59 | J2: 0 | K2: 14.75 | L2: 0 | M2: 14.75 | N2: 14.75 | P2: 91 | Q2: 0 | R2: 0 | S2: 0 | T2: 0 | U2: 0 | V2: 0 | W2: 0
A3: 2 | B3: 139 | C3: 139 | D3: 50 | E3: 59 | F3: 0 | G3: 139 | H3: 109 | I3: 0 | J3: 30 | K3: 0 | L3: 30 | M3: 30 | N3: 44.75 | P3: 230 | Q3: 0 | R3: 0 | S3: 0 | T3: 0 | U3: 0 | V3: 0 | W3: 0
A4: 3 | B4: 109 | C4: 109 | D4: 0 | E4: 0 | F4: 30 | G4: 139 | H4: 0 | I4: 0 | J4: 139 | K4: 0 | L4: 139 | M4: 139 | N4: 183.75 | P4: 339 | Q4: 0 | R4: 0 | S4: 0 | T4: 0 | U4: 0 | V4: 0 | W4: 0
A5: 4 | B5: 127 | C5: 127 | D5: 0 | E5: 0 | F5: 139 | G5: 266 | H5: 0 | I5: 0 | J5: 266 | K5: 0 | L5: 266 | M5: 266 | N5: 449.75 | P5: 375 | Q5: 0 | R5: 0 | S5: 0 | T5: 0 | U5: 0 | V5: 0 | W5: 0
A6: 5 | B6: 103 | C6: 103 | D6: 91 | E6: 0 | F6: 266 | G6: 369 | H6: 91 | I6: 0 | J6: 278 | K6: 0 | L6: 278 | M6: 278 | N6: 727.75 | P6: 369 | Q6: 0 | R6: 0 | S6: 0 | T6: 0 | U6: 0 | V6: 0 | W6: 0
A7: 6 | B7: 151 | C7: 151 | D7: 109 | E7: 0 | F7: 278 | G7: 429 | H7: 109 | I7: 0 | J7: 320 | K7: 0 | L7: 320 | M7: 320 | N7: 1047.75 | P7: 420 | Q7: 0 | R7: 0 | S7: 0 | T7: 0 | U7: 0 | V7: 0 | W7: 0
A8: 7 | B8: 97 | C8: 97 | D8: 100 | E8: 0 | F8: 320 | G8: 417 | H8: 100 | I8: 0 | J8: 317 | K8: 0 | L8: 317 | M8: 317 | N8: 1364.75 | P8: 417 | Q8: 0 | R8: 0 | S8: 0 | T8: 0 | U8: 0 | V8: 0 | W8: 0
A9: 8 | B9: 133 | C9: 133 | D9: 100 | E9: 0 | F9: 317 | G9: 450 | H9: 100 | I9: 0 | J9: 350 | K9: 0 | L9: 350 | M9: 350 | N9: 1714.75 | P9: 459 | Q9: 0 | R9: 0 | S9: 0 | T9: 0 | U9: 0 | V9: 0 | W9: 0
A10: 9 | B10: 115 | C10: 115 | D10: 91 | E10: 0 | F10: 350 | G10: 465 | H10: 91 | I10: 0 | J10: 374 | K10: 0 | L10: 374 | M10: 374 | N10: 2088.75 | P10: 353 | Q10: 0 | R10: 0 | S10: 0 | T10: 0 | U10: 0 | V10: 0 | W10: 0
A11: 10 | B11: 121 | C11: 121 | D11: 221 | E11: 0 | F11: 374 | G11: 495 | H11: 221 | I11: 0 | J11: 274 | K11: 0 | L11: 274 | M11: 274 | N11: 2362.75 | P11: 86 | Q11: 0 | R11: 0 | S11: 0 | T11: 0 | U11: 0 | V11: 0 | W11: 0
A12: 11 | B12: 85 | C12: 85 | D12: 388 | E12: 0 | F12: 274 | G12: 359 | H12: 359 | I12: 29 | J12: 0 | K12: 7.25 | L12: 0 | M12: 7.25 | N12: 2370 | P12: 71 | Q12: 0 | R12: 0 | S12: 0 | T12: 0 | U12: 0 | V12: 0 | W12: 0
A13: 12 | B13: 145 | C13: 145 | D13: 200 | E13: 29 | F13: 0 | G13: 145 | H13: 145 | I13: 84 | J13: 0 | K13: 21 | L13: 0 | M13: 21 | N13: 2391 | P13: 25 | Q13: 0 | R13: 0 | S13: 0 | T13: 0 | U13: 0 | V13: 0 | W13: 0
... A36: 35 | B36: 67 | C36: 67 | D36: 332 | E36: 175 | F36: 0 | G36: 67 | H36: 67 | I36: 440 | J36: 0 | K36: 110 | L36: 0 | M36: 110 | N36: 5830.5 | P36: 0 | Q36: 0 | R36: 0 | S36: 0 | T36: 0 | U36: 0 | V36: 0 | W36: 0

Sheet S2_D3_Wholesaler
A1: Week | B1: CustomerDemand | C1: In | D1: Recv | E1: BegInv | F1: BegBacklog | G1: TotalReq | H1: Ship | I1: EndInv | J1: EndBacklog | K1: InvCost | L1: BackCost | M1: WeekCost | N1: CumulativeCost | O1: OrderManual | P1: OrderPlaced | Q1: OrderPipe1 | R1: OrderPipe2 | S1: ShipPipe1 | T1: ShipPipe2 | U1: InventoryPos | V1: TargetLevel | W1: SuggestedOrder
A2: 1 | B2: 0 | C2: 0 | D2: 50 | E2: 100 | F2: 0 | G2: 0 | H2: 0 | I2: 150 | J2: 0 | K2: 37.5 | L2: 0 | M2: 37.5 | N2: 37.5 | P2: 100 | Q2: 0 | R2: 0 | S2: 0 | T2: 0 | U2: 0 | V2: 0 | W2: 0
A3: 2 | B3: 0 | C3: 0 | D3: 50 | E3: 150 | F3: 0 | G3: 0 | H3: 0 | I3: 200 | J3: 0 | K3: 50 | L3: 0 | M3: 50 | N3: 87.5 | P3: 100 | Q3: 0 | R3: 0 | S3: 0 | T3: 0 | U3: 0 | V3: 0 | W3: 0
A4: 3 | B4: 91 | C4: 91 | D4: 0 | E4: 200 | F4: 0 | G4: 91 | H4: 91 | I4: 109 | J4: 0 | K4: 27.25 | L4: 0 | M4: 27.25 | N4: 114.75 | P4: 91 | Q4: 0 | R4: 0 | S4: 0 | T4: 0 | U4: 0 | V4: 0 | W4: 0
A5: 4 | B5: 230 | C5: 230 | D5: 0 | E5: 109 | F5: 0 | G5: 230 | H5: 109 | I5: 0 | J5: 121 | K5: 0 | L5: 121 | M5: 121 | N5: 235.75 | P5: 221 | Q5: 0 | R5: 0 | S5: 0 | T5: 0 | U5: 0 | V5: 0 | W5: 0
A6: 5 | B6: 339 | C6: 339 | D6: 100 | E6: 0 | F6: 121 | G6: 460 | H6: 100 | I6: 0 | J6: 360 | K6: 0 | L6: 360 | M6: 360 | N6: 595.75 | P6: 460 | Q6: 0 | R6: 0 | S6: 0 | T6: 0 | U6: 0 | V6: 0 | W6: 0
A7: 6 | B7: 375 | C7: 375 | D7: 100 | E7: 0 | F7: 360 | G7: 735 | H7: 100 | I7: 0 | J7: 635 | K7: 0 | L7: 635 | M7: 635 | N7: 1230.75 | P7: 744 | Q7: 0 | R7: 0 | S7: 0 | T7: 0 | U7: 0 | V7: 0 | W7: 0
A8: 7 | B8: 369 | C8: 369 | D8: 91 | E8: 0 | F8: 635 | G8: 1004 | H8: 91 | I8: 0 | J8: 913 | K8: 0 | L8: 913 | M8: 913 | N8: 2143.75 | P8: 892 | Q8: 0 | R8: 0 | S8: 0 | T8: 0 | U8: 0 | V8: 0 | W8: 0
A9: 8 | B9: 420 | C9: 420 | D9: 221 | E9: 0 | F9: 913 | G9: 1333 | H9: 221 | I9: 0 | J9: 1112 | K9: 0 | L9: 1112 | M9: 1112 | N9: 3255.75 | P9: 924 | Q9: 0 | R9: 0 | S9: 0 | T9: 0 | U9: 0 | V9: 0 | W9: 0
A10: 9 | B10: 417 | C10: 417 | D10: 388 | E10: 0 | F10: 1112 | G10: 1529 | H10: 388 | I10: 0 | J10: 1141 | K10: 0 | L10: 1141 | M10: 1141 | N10: 4396.75 | P10: 1141 | Q10: 0 | R10: 0 | S10: 0 | T10: 0 | U10: 0 | V10: 0 | W10: 0
A11: 10 | B11: 459 | C11: 459 | D11: 200 | E11: 0 | F11: 1141 | G11: 1600 | H11: 200 | I11: 0 | J11: 1400 | K11: 0 | L11: 1400 | M11: 1400 | N11: 5796.75 | P11: 1309 | Q11: 0 | R11: 0 | S11: 0 | T11: 0 | U11: 0 | V11: 0 | W11: 0
A12: 11 | B12: 353 | C12: 353 | D12: 291 | E12: 0 | F12: 1400 | G12: 1753 | H12: 291 | I12: 0 | J12: 1462 | K12: 0 | L12: 1462 | M12: 1462 | N12: 7258.75 | P12: 1662 | Q12: 0 | R12: 0 | S12: 0 | T12: 0 | U12: 0 | V12: 0 | W12: 0
A13: 12 | B13: 86 | C13: 86 | D13: 0 | E13: 0 | F13: 1462 | G13: 1548 | H13: 0 | I13: 0 | J13: 1548 | K13: 0 | L13: 1548 | M13: 1548 | N13: 8806.75 | P13: 1676 | Q13: 0 | R13: 0 | S13: 0 | T13: 0 | U13: 0 | V13: 0 | W13: 0
... A36: 35 | B36: 202 | C36: 202 | D36: 0 | E36: 8594 | F36: 0 | G36: 202 | H36: 202 | I36: 8392 | J36: 0 | K36: 2098 | L36: 0 | M36: 2098 | N36: 53545.75 | P36: 0 | Q36: 0 | R36: 0 | S36: 0 | T36: 0 | U36: 0 | V36: 0 | W36: 0

Sheet S2_D3_Distributor
A1: Week | B1: CustomerDemand | C1: In | D1: Recv | E1: BegInv | F1: BegBacklog | G1: TotalReq | H1: Ship | I1: EndInv | J1: EndBacklog | K1: InvCost | L1: BackCost | M1: WeekCost | N1: CumulativeCost | O1: OrderManual | P1: OrderPlaced | Q1: OrderPipe1 | R1: OrderPipe2 | S1: ShipPipe1 | T1: ShipPipe2 | U1: InventoryPos | V1: TargetLevel | W1: SuggestedOrder
A2: 1 | B2: 0 | C2: 0 | D2: 50 | E2: 100 | F2: 0 | G2: 0 | H2: 0 | I2: 150 | J2: 0 | K2: 37.5 | L2: 0 | M2: 37.5 | N2: 37.5 | P2: 200 | Q2: 0 | R2: 0 | S2: 0 | T2: 0 | U2: 0 | V2: 0 | W2: 0
A3: 2 | B3: 0 | C3: 0 | D3: 50 | E3: 150 | F3: 0 | G3: 0 | H3: 0 | I3: 200 | J3: 0 | K3: 50 | L3: 0 | M3: 50 | N3: 87.5 | P3: 200 | Q3: 0 | R3: 0 | S3: 0 | T3: 0 | U3: 0 | V3: 0 | W3: 0
A4: 3 | B4: 100 | C4: 100 | D4: 0 | E4: 200 | F4: 0 | G4: 100 | H4: 100 | I4: 100 | J4: 0 | K4: 25 | L4: 0 | M4: 25 | N4: 112.5 | P4: 300 | Q4: 0 | R4: 0 | S4: 0 | T4: 0 | U4: 0 | V4: 0 | W4: 0
A5: 4 | B5: 100 | C5: 100 | D5: 0 | E5: 100 | F5: 0 | G5: 100 | H5: 100 | I5: 0 | J5: 0 | K5: 0 | L5: 0 | M5: 0 | N5: 112.5 | P5: 300 | Q5: 0 | R5: 0 | S5: 0 | T5: 0 | U5: 0 | V5: 0 | W5: 0
A6: 5 | B6: 91 | C6: 91 | D6: 200 | E6: 0 | F6: 0 | G6: 91 | H6: 91 | I6: 109 | J6: 0 | K6: 27.25 | L6: 0 | M6: 27.25 | N6: 139.75 | P6: 191 | Q6: 0 | R6: 0 | S6: 0 | T6: 0 | U6: 0 | V6: 0 | W6: 0
A7: 6 | B7: 221 | C7: 221 | D7: 200 | E7: 109 | F7: 0 | G7: 221 | H7: 221 | I7: 88 | J7: 0 | K7: 22 | L7: 0 | M7: 22 | N7: 161.75 | P7: 0 | Q7: 0 | R7: 0 | S7: 0 | T7: 0 | U7: 0 | V7: 0 | W7: 0
A8: 7 | B8: 460 | C8: 460 | D8: 300 | E8: 88 | F8: 0 | G8: 460 | H8: 388 | I8: 0 | J8: 72 | K8: 0 | L8: 72 | M8: 72 | N8: 233.75 | P8: 72 | Q8: 0 | R8: 0 | S8: 0 | T8: 0 | U8: 0 | V8: 0 | W8: 0
A9: 8 | B9: 744 | C9: 744 | D9: 200 | E9: 0 | F9: 72 | G9: 816 | H9: 200 | I9: 0 | J9: 616 | K9: 0 | L9: 616 | M9: 616 | N9: 849.75 | P9: 525 | Q9: 0 | R9: 0 | S9: 0 | T9: 0 | U9: 0 | V9: 0 | W9: 0
A10: 9 | B10: 892 | C10: 892 | D10: 291 | E10: 0 | F10: 616 | G10: 1508 | H10: 291 | I10: 0 | J10: 1217 | K10: 0 | L10: 1217 | M10: 1217 | N10: 2066.75 | P10: 1417 | Q10: 0 | R10: 0 | S10: 0 | T10: 0 | U10: 0 | V10: 0 | W10: 0
A11: 10 | B11: 924 | C11: 924 | D11: 0 | E11: 0 | F11: 1217 | G11: 2141 | H11: 0 | I11: 0 | J11: 2141 | K11: 0 | L11: 2141 | M11: 2141 | N11: 4207.75 | P11: 2269 | Q11: 0 | R11: 0 | S11: 0 | T11: 0 | U11: 0 | V11: 0 | W11: 0
A12: 11 | B12: 1141 | C12: 1141 | D12: 72 | E12: 0 | F12: 2141 | G12: 3282 | H12: 72 | I12: 0 | J12: 3210 | K12: 0 | L12: 3210 | M12: 3210 | N12: 7417.75 | P12: 2982 | Q12: 0 | R12: 0 | S12: 0 | T12: 0 | U12: 0 | V12: 0 | W12: 0
A13: 12 | B13: 1309 | C13: 1309 | D13: 428 | E13: 0 | F13: 3210 | G13: 4519 | H13: 428 | I13: 0 | J13: 4091 | K13: 0 | L13: 4091 | M13: 4091 | N13: 11508.75 | P13: 4219 | Q13: 0 | R13: 0 | S13: 0 | T13: 0 | U13: 0 | V13: 0 | W13: 0
... A36: 35 | B36: 0 | C36: 0 | D36: 0 | E36: 18570 | F36: 0 | G36: 0 | H36: 0 | I36: 18570 | J36: 0 | K36: 4642.5 | L36: 0 | M36: 4642.5 | N36: 113797.5 | P36: 0 | Q36: 0 | R36: 0 | S36: 0 | T36: 0 | U36: 0 | V36: 0 | W36: 0

Sheet S2_D3_Factory
A1: Week | B1: CustomerDemand | C1: In | D1: Recv | E1: BegInv | F1: BegBacklog | G1: TotalReq | H1: Ship | I1: EndInv | J1: EndBacklog | K1: InvCost | L1: BackCost | M1: WeekCost | N1: CumulativeCost | O1: OrderManual | P1: OrderPlaced | Q1: OrderPipe1 | R1: OrderPipe2 | S1: ShipPipe1 | T1: ShipPipe2 | U1: InventoryPos | V1: TargetLevel | W1: SuggestedOrder
A2: 1 | B2: 0 | C2: 0 | D2: 50 | E2: 100 | F2: 0 | G2: 0 | H2: 0 | I2: 150 | J2: 0 | K2: 37.5 | L2: 0 | M2: 37.5 | N2: 37.5 | P2: 300 | Q2: 0 | R2: 0 | S2: 0 | T2: 0 | U2: 0 | V2: 0 | W2: 0
A3: 2 | B3: 0 | C3: 0 | D3: 50 | E3: 150 | F3: 0 | G3: 0 | H3: 0 | I3: 200 | J3: 0 | K3: 50 | L3: 0 | M3: 50 | N3: 87.5 | P3: 0 | Q3: 0 | R3: 0 | S3: 0 | T3: 0 | U3: 0 | V3: 0 | W3: 0
A4: 3 | B4: 200 | C4: 200 | D4: 300 | E4: 200 | F4: 0 | G4: 200 | H4: 200 | I4: 300 | J4: 0 | K4: 75 | L4: 0 | M4: 75 | N4: 162.5 | P4: 200 | Q4: 0 | R4: 0 | S4: 0 | T4: 0 | U4: 0 | V4: 0 | W4: 0
A5: 4 | B5: 200 | C5: 200 | D5: 0 | E5: 300 | F5: 0 | G5: 200 | H5: 200 | I5: 100 | J5: 0 | K5: 25 | L5: 0 | M5: 25 | N5: 187.5 | P5: 200 | Q5: 0 | R5: 0 | S5: 0 | T5: 0 | U5: 0 | V5: 0 | W5: 0
A6: 5 | B6: 300 | C6: 300 | D6: 200 | E6: 100 | F6: 0 | G6: 300 | H6: 300 | I6: 0 | J6: 0 | K6: 0 | L6: 0 | M6: 0 | N6: 187.5 | P6: 300 | Q6: 0 | R6: 0 | S6: 0 | T6: 0 | U6: 0 | V6: 0 | W6: 0
A7: 6 | B7: 300 | C7: 300 | D7: 200 | E7: 0 | F7: 0 | G7: 300 | H7: 200 | I7: 0 | J7: 100 | K7: 0 | L7: 100 | M7: 100 | N7: 287.5 | P7: 300 | Q7: 0 | R7: 0 | S7: 0 | T7: 0 | U7: 0 | V7: 0 | W7: 0
A8: 7 | B8: 191 | C8: 191 | D8: 300 | E8: 0 | F8: 100 | G8: 291 | H8: 291 | I8: 9 | J8: 0 | K8: 2.25 | L8: 0 | M8: 2.25 | N8: 289.75 | P8: 191 | Q8: 0 | R8: 0 | S8: 0 | T8: 0 | U8: 0 | V8: 0 | W8: 0
A9: 8 | B9: 0 | C9: 0 | D9: 300 | E9: 9 | F9: 0 | G9: 0 | H9: 0 | I9: 309 | J9: 0 | K9: 77.25 | L9: 0 | M9: 77.25 | N9: 367 | P9: 0 | Q9: 0 | R9: 0 | S9: 0 | T9: 0 | U9: 0 | V9: 0 | W9: 0
A10: 9 | B10: 72 | C10: 72 | D10: 191 | E10: 309 | F10: 0 | G10: 72 | H10: 72 | I10: 428 | J10: 0 | K10: 107 | L10: 0 | M10: 107 | N10: 474 | P10: 72 | Q10: 0 | R10: 0 | S10: 0 | T10: 0 | U10: 0 | V10: 0 | W10: 0
A11: 10 | B11: 525 | C11: 525 | D11: 0 | E11: 428 | F11: 0 | G11: 525 | H11: 428 | I11: 0 | J11: 97 | K11: 0 | L11: 97 | M11: 97 | N11: 571 | P11: 525 | Q11: 0 | R11: 0 | S11: 0 | T11: 0 | U11: 0 | V11: 0 | W11: 0
A12: 11 | B12: 1417 | C12: 1417 | D12: 72 | E12: 0 | F12: 97 | G12: 1514 | H12: 72 | I12: 0 | J12: 1442 | K12: 0 | L12: 1442 | M12: 1442 | N12: 2013 | P12: 1417 | Q12: 0 | R12: 0 | S12: 0 | T12: 0 | U12: 0 | V12: 0 | W12: 0
A13: 12 | B13: 2269 | C13: 2269 | D13: 525 | E13: 0 | F13: 1442 | G13: 3711 | H13: 525 | I13: 0 | J13: 3186 | K13: 0 | L13: 3186 | M13: 3186 | N13: 5199 | P13: 2269 | Q13: 0 | R13: 0 | S13: 0 | T13: 0 | U13: 0 | V13: 0 | W13: 0
... A36: 35 | B36: 0 | C36: 0 | D36: 0 | E36: 200 | F36: 0 | G36: 0 | H36: 0 | I36: 200 | J36: 0 | K36: 50 | L36: 0 | M36: 50 | N36: 56552 | P36: 0 | Q36: 0 | R36: 0 | S36: 0 | T36: 0 | U36: 0 | V36: 0 | W36: 0

Sheet Scn2_View
A1: Simulation - Scenario 2 - Balanced
A2: Edit Inputs to change demand, costs, and policy parameters.
B3: Retailer | L3: Wholesaler | V3: Distributor | AF3: Factory | AP3: Total
B4: Incoming order | C4: Incoming shipment | D4: Outgoing shipment | E4: Inventory | F4: Backlog | G4: Order placed | H4: InvCost | I4: BackCost | J4: WeekCost | K4: Cumulative | L4: Incoming order | M4: Incoming shipment | N4: Outgoing shipment | O4: Inventory | P4: Backlog | Q4: Order placed | R4: InvCost | S4: BackCost | T4: WeekCost | U4: Cumulative | V4: Incoming order | W4: Incoming shipment | X4: Outgoing shipment | Y4: Inventory | Z4: Backlog | AA4: Order placed | AB4: InvCost | AC4: BackCost | AD4: WeekCost | AE4: Cumulative | AF4: Incoming order | AG4: Incoming shipment | AH4: Outgoing shipment | AI4: Inventory | AJ4: Backlog | AK4: Order placed | AL4: InvCost | AM4: BackCost | AN4: WeekCost | AO4: Cumulative | AP4: TotInvCost | AQ4: TotBackCost | AR4: TotWeekCost | AS4: CumCost
A5: 1 | B5: =CHOOSE(Inputs!$B$12,'S2_D1_Retailer'!C2,'S2_D2_Retailer'!C2,'S2_D3_Retailer'!C2) | C5: =CHOOSE(Inputs!$B$12,'S2_D1_Retailer'!D2,'S2_D2_Retailer'!D2,'S2_D3_Retailer'!D2) | D5: =CHOOSE(Inputs!$B$12,'S2_D1_Retailer'!H2,'S2_D2_Retailer'!H2,'S2_D3_Retailer'!H2) | E5: =CHOOSE(Inputs!$B$12,'S2_D1_Retailer'!I2,'S2_D2_Retailer'!I2,'S2_D3_Retailer'!I2) | F5: =CHOOSE(Inputs!$B$12,'S2_D1_Retailer'!J2,'S2_D2_Retailer'!J2,'S2_D3_Retailer'!J2) | G5: =CHOOSE(Inputs!$B$12,'S2_D1_Retailer'!P2,'S2_D2_Retailer'!P2,'S2_D3_Retailer'!P2) | H5: =CHOOSE(Inputs!$B$12,'S2_D1_Retailer'!K2,'S2_D2_Retailer'!K2,'S2_D3_Retailer'!K2) | I5: =CHOOSE(Inputs!$B$12,'S2_D1_Retailer'!L2,'S2_D2_Retailer'!L2,'S2_D3_Retailer'!L2) | J5: =CHOOSE(Inputs!$B$12,'S2_D1_Retailer'!M2,'S2_D2_Retailer'!M2,'S2_D3_Retailer'!M2) | K5: =CHOOSE(Inputs!$B$12,'S2_D1_Retailer'!N2,'S2_D2_Retailer'!N2,'S2_D3_Retailer'!N2) | L5: =CHOOSE(Inputs!$B$12,'S2_D1_Wholesaler'!C2,'S2_D2_Wholesaler'!C2,'S2_D3_Wholesaler'!C2) | M5: =CHOOSE(Inputs!$B$12,'S2_D1_Wholesaler'!D2,'S2_D2_Wholesaler'!D2,'S2_D3_Wholesaler'!D2) | N5: =CHOOSE(Inputs!$B$12,'S2_D1_Wholesaler'!H2,'S2_D2_Wholesaler'!H2,'S2_D3_Wholesaler'!H2) | O5: =CHOOSE(Inputs!$B$12,'S2_D1_Wholesaler'!I2,'S2_D2_Wholesaler'!I2,'S2_D3_Wholesaler'!I2) | P5: =CHOOSE(Inputs!$B$12,'S2_D1_Wholesaler'!J2,'S2_D2_Wholesaler'!J2,'S2_D3_Wholesaler'!J2) | Q5: =CHOOSE(Inputs!$B$12,'S2_D1_Wholesaler'!P2,'S2_D2_Wholesaler'!P2,'S2_D3_Wholesaler'!P2) | R5: =CHOOSE(Inputs!$B$12,'S2_D1_Wholesaler'!K2,'S2_D2_Wholesaler'!K2,'S2_D3_Wholesaler'!K2) | S5: =CHOOSE(Inputs!$B$12,'S2_D1_Wholesaler'!L2,'S2_D2_Wholesaler'!L2,'S2_D3_Wholesaler'!L2) | T5: =CHOOSE(Inputs!$B$12,'S2_D1_Wholesaler'!M2,'S2_D2_Wholesaler'!M2,'S2_D3_Wholesaler'!M2) | U5: =CHOOSE(Inputs!$B$12,'S2_D1_Wholesaler'!N2,'S2_D2_Wholesaler'!N2,'S2_D3_Wholesaler'!N2) | V5: =CHOOSE(Inputs!$B$12,'S2_D1_Distributor'!C2,'S2_D2_Distributor'!C2,'S2_D3_Distributor'!C2) | W5: =CHOOSE(Inputs!$B$12,'S2_D1_Distributor'!D2,'S2_D2_Distributor'!D2,'S2_D3_Distributor'!D2) | X5: =CHOOSE(Inputs!$B$12,'S2_D1_Distributor'!H2,'S2_D2_Distributor'!H2,'S2_D3_Distributor'!H2) | Y5: =CHOOSE(Inputs!$B$12,'S2_D1_Distributor'!I2,'S2_D2_Distributor'!I2,'S2_D3_Distributor'!I2) | Z5: =CHOOSE(Inputs!$B$12,'S2_D1_Distributor'!J2,'S2_D2_Distributor'!J2,'S2_D3_Distributor'!J2) | AA5: =CHOOSE(Inputs!$B$12,'S2_D1_Distributor'!P2,'S2_D2_Distributor'!P2,'S2_D3_Distributor'!P2) | AB5: =CHOOSE(Inputs!$B$12,'S2_D1_Distributor'!K2,'S2_D2_Distributor'!K2,'S2_D3_Distributor'!K2) | AC5: =CHOOSE(Inputs!$B$12,'S2_D1_Distributor'!L2,'S2_D2_Distributor'!L2,'S2_D3_Distributor'!L2) | AD5: =CHOOSE(Inputs!$B$12,'S2_D1_Distributor'!M2,'S2_D2_Distributor'!M2,'S2_D3_Distributor'!M2) | AE5: =CHOOSE(Inputs!$B$12,'S2_D1_Distributor'!N2,'S2_D2_Distributor'!N2,'S2_D3_Distributor'!N2) | AF5: =CHOOSE(Inputs!$B$12,'S2_D1_Factory'!C2,'S2_D2_Factory'!C2,'S2_D3_Factory'!C2) | AG5: =CHOOSE(Inputs!$B$12,'S2_D1_Factory'!D2,'S2_D2_Factory'!D2,'S2_D3_Factory'!D2) | AH5: =CHOOSE(Inputs!$B$12,'S2_D1_Factory'!H2,'S2_D2_Factory'!H2,'S2_D3_Factory'!H2) | AI5: =CHOOSE(Inputs!$B$12,'S2_D1_Factory'!I2,'S2_D2_Factory'!I2,'S2_D3_Factory'!I2) | AJ5: =CHOOSE(Inputs!$B$12,'S2_D1_Factory'!J2,'S2_D2_Factory'!J2,'S2_D3_Factory'!J2) | AK5: =CHOOSE(Inputs!$B$12,'S2_D1_Factory'!P2,'S2_D2_Factory'!P2,'S2_D3_Factory'!P2) | AL5: =CHOOSE(Inputs!$B$12,'S2_D1_Factory'!K2,'S2_D2_Factory'!K2,'S2_D3_Factory'!K2) | AM5: =CHOOSE(Inputs!$B$12,'S2_D1_Factory'!L2,'S2_D2_Factory'!L2,'S2_D3_Factory'!L2) | AN5: =CHOOSE(Inputs!$B$12,'S2_D1_Factory'!M2,'S2_D2_Factory'!M2,'S2_D3_Factory'!M2) | AO5: =CHOOSE(Inputs!$B$12,'S2_D1_Factory'!N2,'S2_D2_Factory'!N2,'S2_D3_Factory'!N2) | AP5: =SUM(H5,R5,AB5,AL5) | AQ5: =SUM(I5,S5,AC5,AM5) | AR5: =SUM(J5,T5,AD5,AN5) | AS5: =AR5
A6: 2 | B6: =CHOOSE(Inputs!$B$12,'S2_D1_Retailer'!C3,'S2_D2_Retailer'!C3,'S2_D3_Retailer'!C3) | C6: =CHOOSE(Inputs!$B$12,'S2_D1_Retailer'!D3,'S2_D2_Retailer'!D3,'S2_D3_Retailer'!D3) | D6: =CHOOSE(Inputs!$B$12,'S2_D1_Retailer'!H3,'S2_D2_Retailer'!H3,'S2_D3_Retailer'!H3) | E6: =CHOOSE(Inputs!$B$12,'S2_D1_Retailer'!I3,'S2_D2_Retailer'!I3,'S2_D3_Retailer'!I3) | F6: =CHOOSE(Inputs!$B$12,'S2_D1_Retailer'!J3,'S2_D2_Retailer'!J3,'S2_D3_Retailer'!J3) | G6: =CHOOSE(Inputs!$B$12,'S2_D1_Retailer'!P3,'S2_D2_Retailer'!P3,'S2_D3_Retailer'!P3) | H6: =CHOOSE(Inputs!$B$12,'S2_D1_Retailer'!K3,'S2_D2_Retailer'!K3,'S2_D3_Retailer'!K3) | I6: =CHOOSE(Inputs!$B$12,'S2_D1_Retailer'!L3,'S2_D2_Retailer'!L3,'S2_D3_Retailer'!L3) | J6: =CHOOSE(Inputs!$B$12,'S2_D1_Retailer'!M3,'S2_D2_Retailer'!M3,'S2_D3_Retailer'!M3) | K6: =CHOOSE(Inputs!$B$12,'S2_D1_Retailer'!N3,'S2_D2_Retailer'!N3,'S2_D3_Retailer'!N3) | L6: =CHOOSE(Inputs!$B$12,'S2_D1_Wholesaler'!C3,'S2_D2_Wholesaler'!C3,'S2_D3_Wholesaler'!C3) | M6: =CHOOSE(Inputs!$B$12,'S2_D1_Wholesaler'!D3,'S2_D2_Wholesaler'!D3,'S2_D3_Wholesaler'!D3) | N6: =CHOOSE(Inputs!$B$12,'S2_D1_Wholesaler'!H3,'S2_D2_Wholesaler'!H3,'S2_D3_Wholesaler'!H3) | O6: =CHOOSE(Inputs!$B$12,'S2_D1_Wholesaler'!I3,'S2_D2_Wholesaler'!I3,'S2_D3_Wholesaler'!I3) | P6: =CHOOSE(Inputs!$B$12,'S2_D1_Wholesaler'!J3,'S2_D2_Wholesaler'!J3,'S2_D3_Wholesaler'!J3) | Q6: =CHOOSE(Inputs!$B$12,'S2_D1_Wholesaler'!P3,'S2_D2_Wholesaler'!P3,'S2_D3_Wholesaler'!P3) | R6: =CHOOSE(Inputs!$B$12,'S2_D1_Wholesaler'!K3,'S2_D2_Wholesaler'!K3,'S2_D3_Wholesaler'!K3) | S6: =CHOOSE(Inputs!$B$12,'S2_D1_Wholesaler'!L3,'S2_D2_Wholesaler'!L3,'S2_D3_Wholesaler'!L3) | T6: =CHOOSE(Inputs!$B$12,'S2_D1_Wholesaler'!M3,'S2_D2_Wholesaler'!M3,'S2_D3_Wholesaler'!M3) | U6: =CHOOSE(Inputs!$B$12,'S2_D1_Wholesaler'!N3,'S2_D2_Wholesaler'!N3,'S2_D3_Wholesaler'!N3) | V6: =CHOOSE(Inputs!$B$12,'S2_D1_Distributor'!C3,'S2_D2_Distributor'!C3,'S2_D3_Distributor'!C3) | W6: =CHOOSE(Inputs!$B$12,'S2_D1_Distributor'!D3,'S2_D2_Distributor'!D3,'S2_D3_Distributor'!D3) | X6: =CHOOSE(Inputs!$B$12,'S2_D1_Distributor'!H3,'S2_D2_Distributor'!H3,'S2_D3_Distributor'!H3) | Y6: =CHOOSE(Inputs!$B$12,'S2_D1_Distributor'!I3,'S2_D2_Distributor'!I3,'S2_D3_Distributor'!I3) | Z6: =CHOOSE(Inputs!$B$12,'S2_D1_Distributor'!J3,'S2_D2_Distributor'!J3,'S2_D3_Distributor'!J3) | AA6: =CHOOSE(Inputs!$B$12,'S2_D1_Distributor'!P3,'S2_D2_Distributor'!P3,'S2_D3_Distributor'!P3) | AB6: =CHOOSE(Inputs!$B$12,'S2_D1_Distributor'!K3,'S2_D2_Distributor'!K3,'S2_D3_Distributor'!K3) | AC6: =CHOOSE(Inputs!$B$12,'S2_D1_Distributor'!L3,'S2_D2_Distributor'!L3,'S2_D3_Distributor'!L3) | AD6: =CHOOSE(Inputs!$B$12,'S2_D1_Distributor'!M3,'S2_D2_Distributor'!M3,'S2_D3_Distributor'!M3) | AE6: =CHOOSE(Inputs!$B$12,'S2_D1_Distributor'!N3,'S2_D2_Distributor'!N3,'S2_D3_Distributor'!N3) | AF6: =CHOOSE(Inputs!$B$12,'S2_D1_Factory'!C3,'S2_D2_Factory'!C3,'S2_D3_Factory'!C3) | AG6: =CHOOSE(Inputs!$B$12,'S2_D1_Factory'!D3,'S2_D2_Factory'!D3,'S2_D3_Factory'!D3) | AH6: =CHOOSE(Inputs!$B$12,'S2_D1_Factory'!H3,'S2_D2_Factory'!H3,'S2_D3_Factory'!H3) | AI6: =CHOOSE(Inputs!$B$12,'S2_D1_Factory'!I3,'S2_D2_Factory'!I3,'S2_D3_Factory'!I3) | AJ6: =CHOOSE(Inputs!$B$12,'S2_D1_Factory'!J3,'S2_D2_Factory'!J3,'S2_D3_Factory'!J3) | AK6: =CHOOSE(Inputs!$B$12,'S2_D1_Factory'!P3,'S2_D2_Factory'!P3,'S2_D3_Factory'!P3) | AL6: =CHOOSE(Inputs!$B$12,'S2_D1_Factory'!K3,'S2_D2_Factory'!K3,'S2_D3_Factory'!K3) | AM6: =CHOOSE(Inputs!$B$12,'S2_D1_Factory'!L3,'S2_D2_Factory'!L3,'S2_D3_Factory'!L3) | AN6: =CHOOSE(Inputs!$B$12,'S2_D1_Factory'!M3,'S2_D2_Factory'!M3,'S2_D3_Factory'!M3) | AO6: =CHOOSE(Inputs!$B$12,'S2_D1_Factory'!N3,'S2_D2_Factory'!N3,'S2_D3_Factory'!N3) | AP6: =SUM(H6,R6,AB6,AL6) | AQ6: =SUM(I6,S6,AC6,AM6) | AR6: =SUM(J6,T6,AD6,AN6) | AS6: =AS5+AR6
A7: 3 | B7: =CHOOSE(Inputs!$B$12,'S2_D1_Retailer'!C4,'S2_D2_Retailer'!C4,'S2_D3_Retailer'!C4) | C7: =CHOOSE(Inputs!$B$12,'S2_D1_Retailer'!D4,'S2_D2_Retailer'!D4,'S2_D3_Retailer'!D4) | D7: =CHOOSE(Inputs!$B$12,'S2_D1_Retailer'!H4,'S2_D2_Retailer'!H4,'S2_D3_Retailer'!H4) | E7: =CHOOSE(Inputs!$B$12,'S2_D1_Retailer'!I4,'S2_D2_Retailer'!I4,'S2_D3_Retailer'!I4) | F7: =CHOOSE(Inputs!$B$12,'S2_D1_Retailer'!J4,'S2_D2_Retailer'!J4,'S2_D3_Retailer'!J4) | G7: =CHOOSE(Inputs!$B$12,'S2_D1_Retailer'!P4,'S2_D2_Retailer'!P4,'S2_D3_Retailer'!P4) | H7: =CHOOSE(Inputs!$B$12,'S2_D1_Retailer'!K4,'S2_D2_Retailer'!K4,'S2_D3_Retailer'!K4) | I7: =CHOOSE(Inputs!$B$12,'S2_D1_Retailer'!L4,'S2_D2_Retailer'!L4,'S2_D3_Retailer'!L4) | J7: =CHOOSE(Inputs!$B$12,'S2_D1_Retailer'!M4,'S2_D2_Retailer'!M4,'S2_D3_Retailer'!M4) | K7: =CHOOSE(Inputs!$B$12,'S2_D1_Retailer'!N4,'S2_D2_Retailer'!N4,'S2_D3_Retailer'!N4) | L7: =CHOOSE(Inputs!$B$12,'S2_D1_Wholesaler'!C4,'S2_D2_Wholesaler'!C4,'S2_D3_Wholesaler'!C4) | M7: =CHOOSE(Inputs!$B$12,'S2_D1_Wholesaler'!D4,'S2_D2_Wholesaler'!D4,'S2_D3_Wholesaler'!D4) | N7: =CHOOSE(Inputs!$B$12,'S2_D1_Wholesaler'!H4,'S2_D2_Wholesaler'!H4,'S2_D3_Wholesaler'!H4) | O7: =CHOOSE(Inputs!$B$12,'S2_D1_Wholesaler'!I4,'S2_D2_Wholesaler'!I4,'S2_D3_Wholesaler'!I4) | P7: =CHOOSE(Inputs!$B$12,'S2_D1_Wholesaler'!J4,'S2_D2_Wholesaler'!J4,'S2_D3_Wholesaler'!J4) | Q7: =CHOOSE(Inputs!$B$12,'S2_D1_Wholesaler'!P4,'S2_D2_Wholesaler'!P4,'S2_D3_Wholesaler'!P4) | R7: =CHOOSE(Inputs!$B$12,'S2_D1_Wholesaler'!K4,'S2_D2_Wholesaler'!K4,'S2_D3_Wholesaler'!K4) | S7: =CHOOSE(Inputs!$B$12,'S2_D1_Wholesaler'!L4,'S2_D2_Wholesaler'!L4,'S2_D3_Wholesaler'!L4) | T7: =CHOOSE(Inputs!$B$12,'S2_D1_Wholesaler'!M4,'S2_D2_Wholesaler'!M4,'S2_D3_Wholesaler'!M4) | U7: =CHOOSE(Inputs!$B$12,'S2_D1_Wholesaler'!N4,'S2_D2_Wholesaler'!N4,'S2_D3_Wholesaler'!N4) | V7: =CHOOSE(Inputs!$B$12,'S2_D1_Distributor'!C4,'S2_D2_Distributor'!C4,'S2_D3_Distributor'!C4) | W7: =CHOOSE(Inputs!$B$12,'S2_D1_Distributor'!D4,'S2_D2_Distributor'!D4,'S2_D3_Distributor'!D4) | X7: =CHOOSE(Inputs!$B$12,'S2_D1_Distributor'!H4,'S2_D2_Distributor'!H4,'S2_D3_Distributor'!H4) | Y7: =CHOOSE(Inputs!$B$12,'S2_D1_Distributor'!I4,'S2_D2_Distributor'!I4,'S2_D3_Distributor'!I4) | Z7: =CHOOSE(Inputs!$B$12,'S2_D1_Distributor'!J4,'S2_D2_Distributor'!J4,'S2_D3_Distributor'!J4) | AA7: =CHOOSE(Inputs!$B$12,'S2_D1_Distributor'!P4,'S2_D2_Distributor'!P4,'S2_D3_Distributor'!P4) | AB7: =CHOOSE(Inputs!$B$12,'S2_D1_Distributor'!K4,'S2_D2_Distributor'!K4,'S2_D3_Distributor'!K4) | AC7: =CHOOSE(Inputs!$B$12,'S2_D1_Distributor'!L4,'S2_D2_Distributor'!L4,'S2_D3_Distributor'!L4) | AD7: =CHOOSE(Inputs!$B$12,'S2_D1_Distributor'!M4,'S2_D2_Distributor'!M4,'S2_D3_Distributor'!M4) | AE7: =CHOOSE(Inputs!$B$12,'S2_D1_Distributor'!N4,'S2_D2_Distributor'!N4,'S2_D3_Distributor'!N4) | AF7: =CHOOSE(Inputs!$B$12,'S2_D1_Factory'!C4,'S2_D2_Factory'!C4,'S2_D3_Factory'!C4) | AG7: =CHOOSE(Inputs!$B$12,'S2_D1_Factory'!D4,'S2_D2_Factory'!D4,'S2_D3_Factory'!D4) | AH7: =CHOOSE(Inputs!$B$12,'S2_D1_Factory'!H4,'S2_D2_Factory'!H4,'S2_D3_Factory'!H4) | AI7: =CHOOSE(Inputs!$B$12,'S2_D1_Factory'!I4,'S2_D2_Factory'!I4,'S2_D3_Factory'!I4) | AJ7: =CHOOSE(Inputs!$B$12,'S2_D1_Factory'!J4,'S2_D2_Factory'!J4,'S2_D3_Factory'!J4) | AK7: =CHOOSE(Inputs!$B$12,'S2_D1_Factory'!P4,'S2_D2_Factory'!P4,'S2_D3_Factory'!P4) | AL7: =CHOOSE(Inputs!$B$12,'S2_D1_Factory'!K4,'S2_D2_Factory'!K4,'S2_D3_Factory'!K4) | AM7: =CHOOSE(Inputs!$B$12,'S2_D1_Factory'!L4,'S2_D2_Factory'!L4,'S2_D3_Factory'!L4) | AN7: =CHOOSE(Inputs!$B$12,'S2_D1_Factory'!M4,'S2_D2_Factory'!M4,'S2_D3_Factory'!M4) | AO7: =CHOOSE(Inputs!$B$12,'S2_D1_Factory'!N4,'S2_D2_Factory'!N4,'S2_D3_Factory'!N4) | AP7: =SUM(H7,R7,AB7,AL7) | AQ7: =SUM(I7,S7,AC7,AM7) | AR7: =SUM(J7,T7,AD7,AN7) | AS7: =AS6+AR7
A8: 4 | B8: =CHOOSE(Inputs!$B$12,'S2_D1_Retailer'!C5,'S2_D2_Retailer'!C5,'S2_D3_Retailer'!C5) | C8: =CHOOSE(Inputs!$B$12,'S2_D1_Retailer'!D5,'S2_D2_Retailer'!D5,'S2_D3_Retailer'!D5) | D8: =CHOOSE(Inputs!$B$12,'S2_D1_Retailer'!H5,'S2_D2_Retailer'!H5,'S2_D3_Retailer'!H5) | E8: =CHOOSE(Inputs!$B$12,'S2_D1_Retailer'!I5,'S2_D2_Retailer'!I5,'S2_D3_Retailer'!I5) | F8: =CHOOSE(Inputs!$B$12,'S2_D1_Retailer'!J5,'S2_D2_Retailer'!J5,'S2_D3_Retailer'!J5) | G8: =CHOOSE(Inputs!$B$12,'S2_D1_Retailer'!P5,'S2_D2_Retailer'!P5,'S2_D3_Retailer'!P5) | H8: =CHOOSE(Inputs!$B$12,'S2_D1_Retailer'!K5,'S2_D2_Retailer'!K5,'S2_D3_Retailer'!K5) | I8: =CHOOSE(Inputs!$B$12,'S2_D1_Retailer'!L5,'S2_D2_Retailer'!L5,'S2_D3_Retailer'!L5) | J8: =CHOOSE(Inputs!$B$12,'S2_D1_Retailer'!M5,'S2_D2_Retailer'!M5,'S2_D3_Retailer'!M5) | K8: =CHOOSE(Inputs!$B$12,'S2_D1_Retailer'!N5,'S2_D2_Retailer'!N5,'S2_D3_Retailer'!N5) | L8: =CHOOSE(Inputs!$B$12,'S2_D1_Wholesaler'!C5,'S2_D2_Wholesaler'!C5,'S2_D3_Wholesaler'!C5) | M8: =CHOOSE(Inputs!$B$12,'S2_D1_Wholesaler'!D5,'S2_D2_Wholesaler'!D5,'S2_D3_Wholesaler'!D5) | N8: =CHOOSE(Inputs!$B$12,'S2_D1_Wholesaler'!H5,'S2_D2_Wholesaler'!H5,'S2_D3_Wholesaler'!H5) | O8: =CHOOSE(Inputs!$B$12,'S2_D1_Wholesaler'!I5,'S2_D2_Wholesaler'!I5,'S2_D3_Wholesaler'!I5) | P8: =CHOOSE(Inputs!$B$12,'S2_D1_Wholesaler'!J5,'S2_D2_Wholesaler'!J5,'S2_D3_Wholesaler'!J5) | Q8: =CHOOSE(Inputs!$B$12,'S2_D1_Wholesaler'!P5,'S2_D2_Wholesaler'!P5,'S2_D3_Wholesaler'!P5) | R8: =CHOOSE(Inputs!$B$12,'S2_D1_Wholesaler'!K5,'S2_D2_Wholesaler'!K5,'S2_D3_Wholesaler'!K5) | S8: =CHOOSE(Inputs!$B$12,'S2_D1_Wholesaler'!L5,'S2_D2_Wholesaler'!L5,'S2_D3_Wholesaler'!L5) | T8: =CHOOSE(Inputs!$B$12,'S2_D1_Wholesaler'!M5,'S2_D2_Wholesaler'!M5,'S2_D3_Wholesaler'!M5) | U8: =CHOOSE(Inputs!$B$12,'S2_D1_Wholesaler'!N5,'S2_D2_Wholesaler'!N5,'S2_D3_Wholesaler'!N5) | V8: =CHOOSE(Inputs!$B$12,'S2_D1_Distributor'!C5,'S2_D2_Distributor'!C5,'S2_D3_Distributor'!C5) | W8: =CHOOSE(Inputs!$B$12,'S2_D1_Distributor'!D5,'S2_D2_Distributor'!D5,'S2_D3_Distributor'!D5) | X8: =CHOOSE(Inputs!$B$12,'S2_D1_Distributor'!H5,'S2_D2_Distributor'!H5,'S2_D3_Distributor'!H5) | Y8: =CHOOSE(Inputs!$B$12,'S2_D1_Distributor'!I5,'S2_D2_Distributor'!I5,'S2_D3_Distributor'!I5) | Z8: =CHOOSE(Inputs!$B$12,'S2_D1_Distributor'!J5,'S2_D2_Distributor'!J5,'S2_D3_Distributor'!J5) | AA8: =CHOOSE(Inputs!$B$12,'S2_D1_Distributor'!P5,'S2_D2_Distributor'!P5,'S2_D3_Distributor'!P5) | AB8: =CHOOSE(Inputs!$B$12,'S2_D1_Distributor'!K5,'S2_D2_Distributor'!K5,'S2_D3_Distributor'!K5) | AC8: =CHOOSE(Inputs!$B$12,'S2_D1_Distributor'!L5,'S2_D2_Distributor'!L5,'S2_D3_Distributor'!L5) | AD8: =CHOOSE(Inputs!$B$12,'S2_D1_Distributor'!M5,'S2_D2_Distributor'!M5,'S2_D3_Distributor'!M5) | AE8: =CHOOSE(Inputs!$B$12,'S2_D1_Distributor'!N5,'S2_D2_Distributor'!N5,'S2_D3_Distributor'!N5) | AF8: =CHOOSE(Inputs!$B$12,'S2_D1_Factory'!C5,'S2_D2_Factory'!C5,'S2_D3_Factory'!C5) | AG8: =CHOOSE(Inputs!$B$12,'S2_D1_Factory'!D5,'S2_D2_Factory'!D5,'S2_D3_Factory'!D5) | AH8: =CHOOSE(Inputs!$B$12,'S2_D1_Factory'!H5,'S2_D2_Factory'!H5,'S2_D3_Factory'!H5) | AI8: =CHOOSE(Inputs!$B$12,'S2_D1_Factory'!I5,'S2_D2_Factory'!I5,'S2_D3_Factory'!I5) | AJ8: =CHOOSE(Inputs!$B$12,'S2_D1_Factory'!J5,'S2_D2_Factory'!J5,'S2_D3_Factory'!J5) | AK8: =CHOOSE(Inputs!$B$12,'S2_D1_Factory'!P5,'S2_D2_Factory'!P5,'S2_D3_Factory'!P5) | AL8: =CHOOSE(Inputs!$B$12,'S2_D1_Factory'!K5,'S2_D2_Factory'!K5,'S2_D3_Factory'!K5) | AM8: =CHOOSE(Inputs!$B$12,'S2_D1_Factory'!L5,'S2_D2_Factory'!L5,'S2_D3_Factory'!L5) | AN8: =CHOOSE(Inputs!$B$12,'S2_D1_Factory'!M5,'S2_D2_Factory'!M5,'S2_D3_Factory'!M5) | AO8: =CHOOSE(Inputs!$B$12,'S2_D1_Factory'!N5,'S2_D2_Factory'!N5,'S2_D3_Factory'!N5) | AP8: =SUM(H8,R8,AB8,AL8) | AQ8: =SUM(I8,S8,AC8,AM8) | AR8: =SUM(J8,T8,AD8,AN8) | AS8: =AS7+AR8
A9: 5 | B9: =CHOOSE(Inputs!$B$12,'S2_D1_Retailer'!C6,'S2_D2_Retailer'!C6,'S2_D3_Retailer'!C6) | C9: =CHOOSE(Inputs!$B$12,'S2_D1_Retailer'!D6,'S2_D2_Retailer'!D6,'S2_D3_Retailer'!D6) | D9: =CHOOSE(Inputs!$B$12,'S2_D1_Retailer'!H6,'S2_D2_Retailer'!H6,'S2_D3_Retailer'!H6) | E9: =CHOOSE(Inputs!$B$12,'S2_D1_Retailer'!I6,'S2_D2_Retailer'!I6,'S2_D3_Retailer'!I6) | F9: =CHOOSE(Inputs!$B$12,'S2_D1_Retailer'!J6,'S2_D2_Retailer'!J6,'S2_D3_Retailer'!J6) | G9: =CHOOSE(Inputs!$B$12,'S2_D1_Retailer'!P6,'S2_D2_Retailer'!P6,'S2_D3_Retailer'!P6) | H9: =CHOOSE(Inputs!$B$12,'S2_D1_Retailer'!K6,'S2_D2_Retailer'!K6,'S2_D3_Retailer'!K6) | I9: =CHOOSE(Inputs!$B$12,'S2_D1_Retailer'!L6,'S2_D2_Retailer'!L6,'S2_D3_Retailer'!L6) | J9: =CHOOSE(Inputs!$B$12,'S2_D1_Retailer'!M6,'S2_D2_Retailer'!M6,'S2_D3_Retailer'!M6) | K9: =CHOOSE(Inputs!$B$12,'S2_D1_Retailer'!N6,'S2_D2_Retailer'!N6,'S2_D3_Retailer'!N6) | L9: =CHOOSE(Inputs!$B$12,'S2_D1_Wholesaler'!C6,'S2_D2_Wholesaler'!C6,'S2_D3_Wholesaler'!C6) | M9: =CHOOSE(Inputs!$B$12,'S2_D1_Wholesaler'!D6,'S2_D2_Wholesaler'!D6,'S2_D3_Wholesaler'!D6) | N9: =CHOOSE(Inputs!$B$12,'S2_D1_Wholesaler'!H6,'S2_D2_Wholesaler'!H6,'S2_D3_Wholesaler'!H6) | O9: =CHOOSE(Inputs!$B$12,'S2_D1_Wholesaler'!I6,'S2_D2_Wholesaler'!I6,'S2_D3_Wholesaler'!I6) | P9: =CHOOSE(Inputs!$B$12,'S2_D1_Wholesaler'!J6,'S2_D2_Wholesaler'!J6,'S2_D3_Wholesaler'!J6) | Q9: =CHOOSE(Inputs!$B$12,'S2_D1_Wholesaler'!P6,'S2_D2_Wholesaler'!P6,'S2_D3_Wholesaler'!P6) | R9: =CHOOSE(Inputs!$B$12,'S2_D1_Wholesaler'!K6,'S2_D2_Wholesaler'!K6,'S2_D3_Wholesaler'!K6) | S9: =CHOOSE(Inputs!$B$12,'S2_D1_Wholesaler'!L6,'S2_D2_Wholesaler'!L6,'S2_D3_Wholesaler'!L6) | T9: =CHOOSE(Inputs!$B$12,'S2_D1_Wholesaler'!M6,'S2_D2_Wholesaler'!M6,'S2_D3_Wholesaler'!M6) | U9: =CHOOSE(Inputs!$B$12,'S2_D1_Wholesaler'!N6,'S2_D2_Wholesaler'!N6,'S2_D3_Wholesaler'!N6) | V9: =CHOOSE(Inputs!$B$12,'S2_D1_Distributor'!C6,'S2_D2_Distributor'!C6,'S2_D3_Distributor'!C6) | W9: =CHOOSE(Inputs!$B$12,'S2_D1_Distributor'!D6,'S2_D2_Distributor'!D6,'S2_D3_Distributor'!D6) | X9: =CHOOSE(Inputs!$B$12,'S2_D1_Distributor'!H6,'S2_D2_Distributor'!H6,'S2_D3_Distributor'!H6) | Y9: =CHOOSE(Inputs!$B$12,'S2_D1_Distributor'!I6,'S2_D2_Distributor'!I6,'S2_D3_Distributor'!I6) | Z9: =CHOOSE(Inputs!$B$12,'S2_D1_Distributor'!J6,'S2_D2_Distributor'!J6,'S2_D3_Distributor'!J6) | AA9: =CHOOSE(Inputs!$B$12,'S2_D1_Distributor'!P6,'S2_D2_Distributor'!P6,'S2_D3_Distributor'!P6) | AB9: =CHOOSE(Inputs!$B$12,'S2_D1_Distributor'!K6,'S2_D2_Distributor'!K6,'S2_D3_Distributor'!K6) | AC9: =CHOOSE(Inputs!$B$12,'S2_D1_Distributor'!L6,'S2_D2_Distributor'!L6,'S2_D3_Distributor'!L6) | AD9: =CHOOSE(Inputs!$B$12,'S2_D1_Distributor'!M6,'S2_D2_Distributor'!M6,'S2_D3_Distributor'!M6) | AE9: =CHOOSE(Inputs!$B$12,'S2_D1_Distributor'!N6,'S2_D2_Distributor'!N6,'S2_D3_Distributor'!N6) | AF9: =CHOOSE(Inputs!$B$12,'S2_D1_Factory'!C6,'S2_D2_Factory'!C6,'S2_D3_Factory'!C6) | AG9: =CHOOSE(Inputs!$B$12,'S2_D1_Factory'!D6,'S2_D2_Factory'!D6,'S2_D3_Factory'!D6) | AH9: =CHOOSE(Inputs!$B$12,'S2_D1_Factory'!H6,'S2_D2_Factory'!H6,'S2_D3_Factory'!H6) | AI9: =CHOOSE(Inputs!$B$12,'S2_D1_Factory'!I6,'S2_D2_Factory'!I6,'S2_D3_Factory'!I6) | AJ9: =CHOOSE(Inputs!$B$12,'S2_D1_Factory'!J6,'S2_D2_Factory'!J6,'S2_D3_Factory'!J6) | AK9: =CHOOSE(Inputs!$B$12,'S2_D1_Factory'!P6,'S2_D2_Factory'!P6,'S2_D3_Factory'!P6) | AL9: =CHOOSE(Inputs!$B$12,'S2_D1_Factory'!K6,'S2_D2_Factory'!K6,'S2_D3_Factory'!K6) | AM9: =CHOOSE(Inputs!$B$12,'S2_D1_Factory'!L6,'S2_D2_Factory'!L6,'S2_D3_Factory'!L6) | AN9: =CHOOSE(Inputs!$B$12,'S2_D1_Factory'!M6,'S2_D2_Factory'!M6,'S2_D3_Factory'!M6) | AO9: =CHOOSE(Inputs!$B$12,'S2_D1_Factory'!N6,'S2_D2_Factory'!N6,'S2_D3_Factory'!N6) | AP9: =SUM(H9,R9,AB9,AL9) | AQ9: =SUM(I9,S9,AC9,AM9) | AR9: =SUM(J9,T9,AD9,AN9) | AS9: =AS8+AR9
A10: 6 | B10: =CHOOSE(Inputs!$B$12,'S2_D1_Retailer'!C7,'S2_D2_Retailer'!C7,'S2_D3_Retailer'!C7) | C10: =CHOOSE(Inputs!$B$12,'S2_D1_Retailer'!D7,'S2_D2_Retailer'!D7,'S2_D3_Retailer'!D7) | D10: =CHOOSE(Inputs!$B$12,'S2_D1_Retailer'!H7,'S2_D2_Retailer'!H7,'S2_D3_Retailer'!H7) | E10: =CHOOSE(Inputs!$B$12,'S2_D1_Retailer'!I7,'S2_D2_Retailer'!I7,'S2_D3_Retailer'!I7) | F10: =CHOOSE(Inputs!$B$12,'S2_D1_Retailer'!J7,'S2_D2_Retailer'!J7,'S2_D3_Retailer'!J7) | G10: =CHOOSE(Inputs!$B$12,'S2_D1_Retailer'!P7,'S2_D2_Retailer'!P7,'S2_D3_Retailer'!P7) | H10: =CHOOSE(Inputs!$B$12,'S2_D1_Retailer'!K7,'S2_D2_Retailer'!K7,'S2_D3_Retailer'!K7) | I10: =CHOOSE(Inputs!$B$12,'S2_D1_Retailer'!L7,'S2_D2_Retailer'!L7,'S2_D3_Retailer'!L7) | J10: =CHOOSE(Inputs!$B$12,'S2_D1_Retailer'!M7,'S2_D2_Retailer'!M7,'S2_D3_Retailer'!M7) | K10: =CHOOSE(Inputs!$B$12,'S2_D1_Retailer'!N7,'S2_D2_Retailer'!N7,'S2_D3_Retailer'!N7) | L10: =CHOOSE(Inputs!$B$12,'S2_D1_Wholesaler'!C7,'S2_D2_Wholesaler'!C7,'S2_D3_Wholesaler'!C7) | M10: =CHOOSE(Inputs!$B$12,'S2_D1_Wholesaler'!D7,'S2_D2_Wholesaler'!D7,'S2_D3_Wholesaler'!D7) | N10: =CHOOSE(Inputs!$B$12,'S2_D1_Wholesaler'!H7,'S2_D2_Wholesaler'!H7,'S2_D3_Wholesaler'!H7) | O10: =CHOOSE(Inputs!$B$12,'S2_D1_Wholesaler'!I7,'S2_D2_Wholesaler'!I7,'S2_D3_Wholesaler'!I7) | P10: =CHOOSE(Inputs!$B$12,'S2_D1_Wholesaler'!J7,'S2_D2_Wholesaler'!J7,'S2_D3_Wholesaler'!J7) | Q10: =CHOOSE(Inputs!$B$12,'S2_D1_Wholesaler'!P7,'S2_D2_Wholesaler'!P7,'S2_D3_Wholesaler'!P7) | R10: =CHOOSE(Inputs!$B$12,'S2_D1_Wholesaler'!K7,'S2_D2_Wholesaler'!K7,'S2_D3_Wholesaler'!K7) | S10: =CHOOSE(Inputs!$B$12,'S2_D1_Wholesaler'!L7,'S2_D2_Wholesaler'!L7,'S2_D3_Wholesaler'!L7) | T10: =CHOOSE(Inputs!$B$12,'S2_D1_Wholesaler'!M7,'S2_D2_Wholesaler'!M7,'S2_D3_Wholesaler'!M7) | U10: =CHOOSE(Inputs!$B$12,'S2_D1_Wholesaler'!N7,'S2_D2_Wholesaler'!N7,'S2_D3_Wholesaler'!N7) | V10: =CHOOSE(Inputs!$B$12,'S2_D1_Distributor'!C7,'S2_D2_Distributor'!C7,'S2_D3_Distributor'!C7) | W10: =CHOOSE(Inputs!$B$12,'S2_D1_Distributor'!D7,'S2_D2_Distributor'!D7,'S2_D3_Distributor'!D7) | X10: =CHOOSE(Inputs!$B$12,'S2_D1_Distributor'!H7,'S2_D2_Distributor'!H7,'S2_D3_Distributor'!H7) | Y10: =CHOOSE(Inputs!$B$12,'S2_D1_Distributor'!I7,'S2_D2_Distributor'!I7,'S2_D3_Distributor'!I7) | Z10: =CHOOSE(Inputs!$B$12,'S2_D1_Distributor'!J7,'S2_D2_Distributor'!J7,'S2_D3_Distributor'!J7) | AA10: =CHOOSE(Inputs!$B$12,'S2_D1_Distributor'!P7,'S2_D2_Distributor'!P7,'S2_D3_Distributor'!P7) | AB10: =CHOOSE(Inputs!$B$12,'S2_D1_Distributor'!K7,'S2_D2_Distributor'!K7,'S2_D3_Distributor'!K7) | AC10: =CHOOSE(Inputs!$B$12,'S2_D1_Distributor'!L7,'S2_D2_Distributor'!L7,'S2_D3_Distributor'!L7) | AD10: =CHOOSE(Inputs!$B$12,'S2_D1_Distributor'!M7,'S2_D2_Distributor'!M7,'S2_D3_Distributor'!M7) | AE10: =CHOOSE(Inputs!$B$12,'S2_D1_Distributor'!N7,'S2_D2_Distributor'!N7,'S2_D3_Distributor'!N7) | AF10: =CHOOSE(Inputs!$B$12,'S2_D1_Factory'!C7,'S2_D2_Factory'!C7,'S2_D3_Factory'!C7) | AG10: =CHOOSE(Inputs!$B$12,'S2_D1_Factory'!D7,'S2_D2_Factory'!D7,'S2_D3_Factory'!D7) | AH10: =CHOOSE(Inputs!$B$12,'S2_D1_Factory'!H7,'S2_D2_Factory'!H7,'S2_D3_Factory'!H7) | AI10: =CHOOSE(Inputs!$B$12,'S2_D1_Factory'!I7,'S2_D2_Factory'!I7,'S2_D3_Factory'!I7) | AJ10: =CHOOSE(Inputs!$B$12,'S2_D1_Factory'!J7,'S2_D2_Factory'!J7,'S2_D3_Factory'!J7) | AK10: =CHOOSE(Inputs!$B$12,'S2_D1_Factory'!P7,'S2_D2_Factory'!P7,'S2_D3_Factory'!P7) | AL10: =CHOOSE(Inputs!$B$12,'S2_D1_Factory'!K7,'S2_D2_Factory'!K7,'S2_D3_Factory'!K7) | AM10: =CHOOSE(Inputs!$B$12,'S2_D1_Factory'!L7,'S2_D2_Factory'!L7,'S2_D3_Factory'!L7) | AN10: =CHOOSE(Inputs!$B$12,'S2_D1_Factory'!M7,'S2_D2_Factory'!M7,'S2_D3_Factory'!M7) | AO10: =CHOOSE(Inputs!$B$12,'S2_D1_Factory'!N7,'S2_D2_Factory'!N7,'S2_D3_Factory'!N7) | AP10: =SUM(H10,R10,AB10,AL10) | AQ10: =SUM(I10,S10,AC10,AM10) | AR10: =SUM(J10,T10,AD10,AN10) | AS10: =AS9+AR10
A11: 7 | B11: =CHOOSE(Inputs!$B$12,'S2_D1_Retailer'!C8,'S2_D2_Retailer'!C8,'S2_D3_Retailer'!C8) | C11: =CHOOSE(Inputs!$B$12,'S2_D1_Retailer'!D8,'S2_D2_Retailer'!D8,'S2_D3_Retailer'!D8) | D11: =CHOOSE(Inputs!$B$12,'S2_D1_Retailer'!H8,'S2_D2_Retailer'!H8,'S2_D3_Retailer'!H8) | E11: =CHOOSE(Inputs!$B$12,'S2_D1_Retailer'!I8,'S2_D2_Retailer'!I8,'S2_D3_Retailer'!I8) | F11: =CHOOSE(Inputs!$B$12,'S2_D1_Retailer'!J8,'S2_D2_Retailer'!J8,'S2_D3_Retailer'!J8) | G11: =CHOOSE(Inputs!$B$12,'S2_D1_Retailer'!P8,'S2_D2_Retailer'!P8,'S2_D3_Retailer'!P8) | H11: =CHOOSE(Inputs!$B$12,'S2_D1_Retailer'!K8,'S2_D2_Retailer'!K8,'S2_D3_Retailer'!K8) | I11: =CHOOSE(Inputs!$B$12,'S2_D1_Retailer'!L8,'S2_D2_Retailer'!L8,'S2_D3_Retailer'!L8) | J11: =CHOOSE(Inputs!$B$12,'S2_D1_Retailer'!M8,'S2_D2_Retailer'!M8,'S2_D3_Retailer'!M8) | K11: =CHOOSE(Inputs!$B$12,'S2_D1_Retailer'!N8,'S2_D2_Retailer'!N8,'S2_D3_Retailer'!N8) | L11: =CHOOSE(Inputs!$B$12,'S2_D1_Wholesaler'!C8,'S2_D2_Wholesaler'!C8,'S2_D3_Wholesaler'!C8) | M11: =CHOOSE(Inputs!$B$12,'S2_D1_Wholesaler'!D8,'S2_D2_Wholesaler'!D8,'S2_D3_Wholesaler'!D8) | N11: =CHOOSE(Inputs!$B$12,'S2_D1_Wholesaler'!H8,'S2_D2_Wholesaler'!H8,'S2_D3_Wholesaler'!H8) | O11: =CHOOSE(Inputs!$B$12,'S2_D1_Wholesaler'!I8,'S2_D2_Wholesaler'!I8,'S2_D3_Wholesaler'!I8) | P11: =CHOOSE(Inputs!$B$12,'S2_D1_Wholesaler'!J8,'S2_D2_Wholesaler'!J8,'S2_D3_Wholesaler'!J8) | Q11: =CHOOSE(Inputs!$B$12,'S2_D1_Wholesaler'!P8,'S2_D2_Wholesaler'!P8,'S2_D3_Wholesaler'!P8) | R11: =CHOOSE(Inputs!$B$12,'S2_D1_Wholesaler'!K8,'S2_D2_Wholesaler'!K8,'S2_D3_Wholesaler'!K8) | S11: =CHOOSE(Inputs!$B$12,'S2_D1_Wholesaler'!L8,'S2_D2_Wholesaler'!L8,'S2_D3_Wholesaler'!L8) | T11: =CHOOSE(Inputs!$B$12,'S2_D1_Wholesaler'!M8,'S2_D2_Wholesaler'!M8,'S2_D3_Wholesaler'!M8) | U11: =CHOOSE(Inputs!$B$12,'S2_D1_Wholesaler'!N8,'S2_D2_Wholesaler'!N8,'S2_D3_Wholesaler'!N8) | V11: =CHOOSE(Inputs!$B$12,'S2_D1_Distributor'!C8,'S2_D2_Distributor'!C8,'S2_D3_Distributor'!C8) | W11: =CHOOSE(Inputs!$B$12,'S2_D1_Distributor'!D8,'S2_D2_Distributor'!D8,'S2_D3_Distributor'!D8) | X11: =CHOOSE(Inputs!$B$12,'S2_D1_Distributor'!H8,'S2_D2_Distributor'!H8,'S2_D3_Distributor'!H8) | Y11: =CHOOSE(Inputs!$B$12,'S2_D1_Distributor'!I8,'S2_D2_Distributor'!I8,'S2_D3_Distributor'!I8) | Z11: =CHOOSE(Inputs!$B$12,'S2_D1_Distributor'!J8,'S2_D2_Distributor'!J8,'S2_D3_Distributor'!J8) | AA11: =CHOOSE(Inputs!$B$12,'S2_D1_Distributor'!P8,'S2_D2_Distributor'!P8,'S2_D3_Distributor'!P8) | AB11: =CHOOSE(Inputs!$B$12,'S2_D1_Distributor'!K8,'S2_D2_Distributor'!K8,'S2_D3_Distributor'!K8) | AC11: =CHOOSE(Inputs!$B$12,'S2_D1_Distributor'!L8,'S2_D2_Distributor'!L8,'S2_D3_Distributor'!L8) | AD11: =CHOOSE(Inputs!$B$12,'S2_D1_Distributor'!M8,'S2_D2_Distributor'!M8,'S2_D3_Distributor'!M8) | AE11: =CHOOSE(Inputs!$B$12,'S2_D1_Distributor'!N8,'S2_D2_Distributor'!N8,'S2_D3_Distributor'!N8) | AF11: =CHOOSE(Inputs!$B$12,'S2_D1_Factory'!C8,'S2_D2_Factory'!C8,'S2_D3_Factory'!C8) | AG11: =CHOOSE(Inputs!$B$12,'S2_D1_Factory'!D8,'S2_D2_Factory'!D8,'S2_D3_Factory'!D8) | AH11: =CHOOSE(Inputs!$B$12,'S2_D1_Factory'!H8,'S2_D2_Factory'!H8,'S2_D3_Factory'!H8) | AI11: =CHOOSE(Inputs!$B$12,'S2_D1_Factory'!I8,'S2_D2_Factory'!I8,'S2_D3_Factory'!I8) | AJ11: =CHOOSE(Inputs!$B$12,'S2_D1_Factory'!J8,'S2_D2_Factory'!J8,'S2_D3_Factory'!J8) | AK11: =CHOOSE(Inputs!$B$12,'S2_D1_Factory'!P8,'S2_D2_Factory'!P8,'S2_D3_Factory'!P8) | AL11: =CHOOSE(Inputs!$B$12,'S2_D1_Factory'!K8,'S2_D2_Factory'!K8,'S2_D3_Factory'!K8) | AM11: =CHOOSE(Inputs!$B$12,'S2_D1_Factory'!L8,'S2_D2_Factory'!L8,'S2_D3_Factory'!L8) | AN11: =CHOOSE(Inputs!$B$12,'S2_D1_Factory'!M8,'S2_D2_Factory'!M8,'S2_D3_Factory'!M8) | AO11: =CHOOSE(Inputs!$B$12,'S2_D1_Factory'!N8,'S2_D2_Factory'!N8,'S2_D3_Factory'!N8) | AP11: =SUM(H11,R11,AB11,AL11) | AQ11: =SUM(I11,S11,AC11,AM11) | AR11: =SUM(J11,T11,AD11,AN11) | AS11: =AS10+AR11
A12: 8 | B12: =CHOOSE(Inputs!$B$12,'S2_D1_Retailer'!C9,'S2_D2_Retailer'!C9,'S2_D3_Retailer'!C9) | C12: =CHOOSE(Inputs!$B$12,'S2_D1_Retailer'!D9,'S2_D2_Retailer'!D9,'S2_D3_Retailer'!D9) | D12: =CHOOSE(Inputs!$B$12,'S2_D1_Retailer'!H9,'S2_D2_Retailer'!H9,'S2_D3_Retailer'!H9) | E12: =CHOOSE(Inputs!$B$12,'S2_D1_Retailer'!I9,'S2_D2_Retailer'!I9,'S2_D3_Retailer'!I9) | F12: =CHOOSE(Inputs!$B$12,'S2_D1_Retailer'!J9,'S2_D2_Retailer'!J9,'S2_D3_Retailer'!J9) | G12: =CHOOSE(Inputs!$B$12,'S2_D1_Retailer'!P9,'S2_D2_Retailer'!P9,'S2_D3_Retailer'!P9) | H12: =CHOOSE(Inputs!$B$12,'S2_D1_Retailer'!K9,'S2_D2_Retailer'!K9,'S2_D3_Retailer'!K9) | I12: =CHOOSE(Inputs!$B$12,'S2_D1_Retailer'!L9,'S2_D2_Retailer'!L9,'S2_D3_Retailer'!L9) | J12: =CHOOSE(Inputs!$B$12,'S2_D1_Retailer'!M9,'S2_D2_Retailer'!M9,'S2_D3_Retailer'!M9) | K12: =CHOOSE(Inputs!$B$12,'S2_D1_Retailer'!N9,'S2_D2_Retailer'!N9,'S2_D3_Retailer'!N9) | L12: =CHOOSE(Inputs!$B$12,'S2_D1_Wholesaler'!C9,'S2_D2_Wholesaler'!C9,'S2_D3_Wholesaler'!C9) | M12: =CHOOSE(Inputs!$B$12,'S2_D1_Wholesaler'!D9,'S2_D2_Wholesaler'!D9,'S2_D3_Wholesaler'!D9) | N12: =CHOOSE(Inputs!$B$12,'S2_D1_Wholesaler'!H9,'S2_D2_Wholesaler'!H9,'S2_D3_Wholesaler'!H9) | O12: =CHOOSE(Inputs!$B$12,'S2_D1_Wholesaler'!I9,'S2_D2_Wholesaler'!I9,'S2_D3_Wholesaler'!I9) | P12: =CHOOSE(Inputs!$B$12,'S2_D1_Wholesaler'!J9,'S2_D2_Wholesaler'!J9,'S2_D3_Wholesaler'!J9) | Q12: =CHOOSE(Inputs!$B$12,'S2_D1_Wholesaler'!P9,'S2_D2_Wholesaler'!P9,'S2_D3_Wholesaler'!P9) | R12: =CHOOSE(Inputs!$B$12,'S2_D1_Wholesaler'!K9,'S2_D2_Wholesaler'!K9,'S2_D3_Wholesaler'!K9) | S12: =CHOOSE(Inputs!$B$12,'S2_D1_Wholesaler'!L9,'S2_D2_Wholesaler'!L9,'S2_D3_Wholesaler'!L9) | T12: =CHOOSE(Inputs!$B$12,'S2_D1_Wholesaler'!M9,'S2_D2_Wholesaler'!M9,'S2_D3_Wholesaler'!M9) | U12: =CHOOSE(Inputs!$B$12,'S2_D1_Wholesaler'!N9,'S2_D2_Wholesaler'!N9,'S2_D3_Wholesaler'!N9) | V12: =CHOOSE(Inputs!$B$12,'S2_D1_Distributor'!C9,'S2_D2_Distributor'!C9,'S2_D3_Distributor'!C9) | W12: =CHOOSE(Inputs!$B$12,'S2_D1_Distributor'!D9,'S2_D2_Distributor'!D9,'S2_D3_Distributor'!D9) | X12: =CHOOSE(Inputs!$B$12,'S2_D1_Distributor'!H9,'S2_D2_Distributor'!H9,'S2_D3_Distributor'!H9) | Y12: =CHOOSE(Inputs!$B$12,'S2_D1_Distributor'!I9,'S2_D2_Distributor'!I9,'S2_D3_Distributor'!I9) | Z12: =CHOOSE(Inputs!$B$12,'S2_D1_Distributor'!J9,'S2_D2_Distributor'!J9,'S2_D3_Distributor'!J9) | AA12: =CHOOSE(Inputs!$B$12,'S2_D1_Distributor'!P9,'S2_D2_Distributor'!P9,'S2_D3_Distributor'!P9) | AB12: =CHOOSE(Inputs!$B$12,'S2_D1_Distributor'!K9,'S2_D2_Distributor'!K9,'S2_D3_Distributor'!K9) | AC12: =CHOOSE(Inputs!$B$12,'S2_D1_Distributor'!L9,'S2_D2_Distributor'!L9,'S2_D3_Distributor'!L9) | AD12: =CHOOSE(Inputs!$B$12,'S2_D1_Distributor'!M9,'S2_D2_Distributor'!M9,'S2_D3_Distributor'!M9) | AE12: =CHOOSE(Inputs!$B$12,'S2_D1_Distributor'!N9,'S2_D2_Distributor'!N9,'S2_D3_Distributor'!N9) | AF12: =CHOOSE(Inputs!$B$12,'S2_D1_Factory'!C9,'S2_D2_Factory'!C9,'S2_D3_Factory'!C9) | AG12: =CHOOSE(Inputs!$B$12,'S2_D1_Factory'!D9,'S2_D2_Factory'!D9,'S2_D3_Factory'!D9) | AH12: =CHOOSE(Inputs!$B$12,'S2_D1_Factory'!H9,'S2_D2_Factory'!H9,'S2_D3_Factory'!H9) | AI12: =CHOOSE(Inputs!$B$12,'S2_D1_Factory'!I9,'S2_D2_Factory'!I9,'S2_D3_Factory'!I9) | AJ12: =CHOOSE(Inputs!$B$12,'S2_D1_Factory'!J9,'S2_D2_Factory'!J9,'S2_D3_Factory'!J9) | AK12: =CHOOSE(Inputs!$B$12,'S2_D1_Factory'!P9,'S2_D2_Factory'!P9,'S2_D3_Factory'!P9) | AL12: =CHOOSE(Inputs!$B$12,'S2_D1_Factory'!K9,'S2_D2_Factory'!K9,'S2_D3_Factory'!K9) | AM12: =CHOOSE(Inputs!$B$12,'S2_D1_Factory'!L9,'S2_D2_Factory'!L9,'S2_D3_Factory'!L9) | AN12: =CHOOSE(Inputs!$B$12,'S2_D1_Factory'!M9,'S2_D2_Factory'!M9,'S2_D3_Factory'!M9) | AO12: =CHOOSE(Inputs!$B$12,'S2_D1_Factory'!N9,'S2_D2_Factory'!N9,'S2_D3_Factory'!N9) | AP12: =SUM(H12,R12,AB12,AL12) | AQ12: =SUM(I12,S12,AC12,AM12) | AR12: =SUM(J12,T12,AD12,AN12) | AS12: =AS11+AR12
A13: 9 | B13: =CHOOSE(Inputs!$B$12,'S2_D1_Retailer'!C10,'S2_D2_Retailer'!C10,'S2_D3_Retailer'!C10) | C13: =CHOOSE(Inputs!$B$12,'S2_D1_Retailer'!D10,'S2_D2_Retailer'!D10,'S2_D3_Retailer'!D10) | D13: =CHOOSE(Inputs!$B$12,'S2_D1_Retailer'!H10,'S2_D2_Retailer'!H10,'S2_D3_Retailer'!H10) | E13: =CHOOSE(Inputs!$B$12,'S2_D1_Retailer'!I10,'S2_D2_Retailer'!I10,'S2_D3_Retailer'!I10) | F13: =CHOOSE(Inputs!$B$12,'S2_D1_Retailer'!J10,'S2_D2_Retailer'!J10,'S2_D3_Retailer'!J10) | G13: =CHOOSE(Inputs!$B$12,'S2_D1_Retailer'!P10,'S2_D2_Retailer'!P10,'S2_D3_Retailer'!P10) | H13: =CHOOSE(Inputs!$B$12,'S2_D1_Retailer'!K10,'S2_D2_Retailer'!K10,'S2_D3_Retailer'!K10) | I13: =CHOOSE(Inputs!$B$12,'S2_D1_Retailer'!L10,'S2_D2_Retailer'!L10,'S2_D3_Retailer'!L10) | J13: =CHOOSE(Inputs!$B$12,'S2_D1_Retailer'!M10,'S2_D2_Retailer'!M10,'S2_D3_Retailer'!M10) | K13: =CHOOSE(Inputs!$B$12,'S2_D1_Retailer'!N10,'S2_D2_Retailer'!N10,'S2_D3_Retailer'!N10) | L13: =CHOOSE(Inputs!$B$12,'S2_D1_Wholesaler'!C10,'S2_D2_Wholesaler'!C10,'S2_D3_Wholesaler'!C10) | M13: =CHOOSE(Inputs!$B$12,'S2_D1_Wholesaler'!D10,'S2_D2_Wholesaler'!D10,'S2_D3_Wholesaler'!D10) | N13: =CHOOSE(Inputs!$B$12,'S2_D1_Wholesaler'!H10,'S2_D2_Wholesaler'!H10,'S2_D3_Wholesaler'!H10) | O13: =CHOOSE(Inputs!$B$12,'S2_D1_Wholesaler'!I10,'S2_D2_Wholesaler'!I10,'S2_D3_Wholesaler'!I10) | P13: =CHOOSE(Inputs!$B$12,'S2_D1_Wholesaler'!J10,'S2_D2_Wholesaler'!J10,'S2_D3_Wholesaler'!J10) | Q13: =CHOOSE(Inputs!$B$12,'S2_D1_Wholesaler'!P10,'S2_D2_Wholesaler'!P10,'S2_D3_Wholesaler'!P10) | R13: =CHOOSE(Inputs!$B$12,'S2_D1_Wholesaler'!K10,'S2_D2_Wholesaler'!K10,'S2_D3_Wholesaler'!K10) | S13: =CHOOSE(Inputs!$B$12,'S2_D1_Wholesaler'!L10,'S2_D2_Wholesaler'!L10,'S2_D3_Wholesaler'!L10) | T13: =CHOOSE(Inputs!$B$12,'S2_D1_Wholesaler'!M10,'S2_D2_Wholesaler'!M10,'S2_D3_Wholesaler'!M10) | U13: =CHOOSE(Inputs!$B$12,'S2_D1_Wholesaler'!N10,'S2_D2_Wholesaler'!N10,'S2_D3_Wholesaler'!N10) | V13: =CHOOSE(Inputs!$B$12,'S2_D1_Distributor'!C10,'S2_D2_Distributor'!C10,'S2_D3_Distributor'!C10) | W13: =CHOOSE(Inputs!$B$12,'S2_D1_Distributor'!D10,'S2_D2_Distributor'!D10,'S2_D3_Distributor'!D10) | X13: =CHOOSE(Inputs!$B$12,'S2_D1_Distributor'!H10,'S2_D2_Distributor'!H10,'S2_D3_Distributor'!H10) | Y13: =CHOOSE(Inputs!$B$12,'S2_D1_Distributor'!I10,'S2_D2_Distributor'!I10,'S2_D3_Distributor'!I10) | Z13: =CHOOSE(Inputs!$B$12,'S2_D1_Distributor'!J10,'S2_D2_Distributor'!J10,'S2_D3_Distributor'!J10) | AA13: =CHOOSE(Inputs!$B$12,'S2_D1_Distributor'!P10,'S2_D2_Distributor'!P10,'S2_D3_Distributor'!P10) | AB13: =CHOOSE(Inputs!$B$12,'S2_D1_Distributor'!K10,'S2_D2_Distributor'!K10,'S2_D3_Distributor'!K10) | AC13: =CHOOSE(Inputs!$B$12,'S2_D1_Distributor'!L10,'S2_D2_Distributor'!L10,'S2_D3_Distributor'!L10) | AD13: =CHOOSE(Inputs!$B$12,'S2_D1_Distributor'!M10,'S2_D2_Distributor'!M10,'S2_D3_Distributor'!M10) | AE13: =CHOOSE(Inputs!$B$12,'S2_D1_Distributor'!N10,'S2_D2_Distributor'!N10,'S2_D3_Distributor'!N10) | AF13: =CHOOSE(Inputs!$B$12,'S2_D1_Factory'!C10,'S2_D2_Factory'!C10,'S2_D3_Factory'!C10) | AG13: =CHOOSE(Inputs!$B$12,'S2_D1_Factory'!D10,'S2_D2_Factory'!D10,'S2_D3_Factory'!D10) | AH13: =CHOOSE(Inputs!$B$12,'S2_D1_Factory'!H10,'S2_D2_Factory'!H10,'S2_D3_Factory'!H10) | AI13: =CHOOSE(Inputs!$B$12,'S2_D1_Factory'!I10,'S2_D2_Factory'!I10,'S2_D3_Factory'!I10) | AJ13: =CHOOSE(Inputs!$B$12,'S2_D1_Factory'!J10,'S2_D2_Factory'!J10,'S2_D3_Factory'!J10) | AK13: =CHOOSE(Inputs!$B$12,'S2_D1_Factory'!P10,'S2_D2_Factory'!P10,'S2_D3_Factory'!P10) | AL13: =CHOOSE(Inputs!$B$12,'S2_D1_Factory'!K10,'S2_D2_Factory'!K10,'S2_D3_Factory'!K10) | AM13: =CHOOSE(Inputs!$B$12,'S2_D1_Factory'!L10,'S2_D2_Factory'!L10,'S2_D3_Factory'!L10) | AN13: =CHOOSE(Inputs!$B$12,'S2_D1_Factory'!M10,'S2_D2_Factory'!M10,'S2_D3_Factory'!M10) | AO13: =CHOOSE(Inputs!$B$12,'S2_D1_Factory'!N10,'S2_D2_Factory'!N10,'S2_D3_Factory'!N10) | AP13: =SUM(H13,R13,AB13,AL13) | AQ13: =SUM(I13,S13,AC13,AM13) | AR13: =SUM(J13,T13,AD13,AN13) | AS13: =AS12+AR13
A14: 10 | B14: =CHOOSE(Inputs!$B$12,'S2_D1_Retailer'!C11,'S2_D2_Retailer'!C11,'S2_D3_Retailer'!C11) | C14: =CHOOSE(Inputs!$B$12,'S2_D1_Retailer'!D11,'S2_D2_Retailer'!D11,'S2_D3_Retailer'!D11) | D14: =CHOOSE(Inputs!$B$12,'S2_D1_Retailer'!H11,'S2_D2_Retailer'!H11,'S2_D3_Retailer'!H11) | E14: =CHOOSE(Inputs!$B$12,'S2_D1_Retailer'!I11,'S2_D2_Retailer'!I11,'S2_D3_Retailer'!I11) | F14: =CHOOSE(Inputs!$B$12,'S2_D1_Retailer'!J11,'S2_D2_Retailer'!J11,'S2_D3_Retailer'!J11) | G14: =CHOOSE(Inputs!$B$12,'S2_D1_Retailer'!P11,'S2_D2_Retailer'!P11,'S2_D3_Retailer'!P11) | H14: =CHOOSE(Inputs!$B$12,'S2_D1_Retailer'!K11,'S2_D2_Retailer'!K11,'S2_D3_Retailer'!K11) | I14: =CHOOSE(Inputs!$B$12,'S2_D1_Retailer'!L11,'S2_D2_Retailer'!L11,'S2_D3_Retailer'!L11) | J14: =CHOOSE(Inputs!$B$12,'S2_D1_Retailer'!M11,'S2_D2_Retailer'!M11,'S2_D3_Retailer'!M11) | K14: =CHOOSE(Inputs!$B$12,'S2_D1_Retailer'!N11,'S2_D2_Retailer'!N11,'S2_D3_Retailer'!N11) | L14: =CHOOSE(Inputs!$B$12,'S2_D1_Wholesaler'!C11,'S2_D2_Wholesaler'!C11,'S2_D3_Wholesaler'!C11) | M14: =CHOOSE(Inputs!$B$12,'S2_D1_Wholesaler'!D11,'S2_D2_Wholesaler'!D11,'S2_D3_Wholesaler'!D11) | N14: =CHOOSE(Inputs!$B$12,'S2_D1_Wholesaler'!H11,'S2_D2_Wholesaler'!H11,'S2_D3_Wholesaler'!H11) | O14: =CHOOSE(Inputs!$B$12,'S2_D1_Wholesaler'!I11,'S2_D2_Wholesaler'!I11,'S2_D3_Wholesaler'!I11) | P14: =CHOOSE(Inputs!$B$12,'S2_D1_Wholesaler'!J11,'S2_D2_Wholesaler'!J11,'S2_D3_Wholesaler'!J11) | Q14: =CHOOSE(Inputs!$B$12,'S2_D1_Wholesaler'!P11,'S2_D2_Wholesaler'!P11,'S2_D3_Wholesaler'!P11) | R14: =CHOOSE(Inputs!$B$12,'S2_D1_Wholesaler'!K11,'S2_D2_Wholesaler'!K11,'S2_D3_Wholesaler'!K11) | S14: =CHOOSE(Inputs!$B$12,'S2_D1_Wholesaler'!L11,'S2_D2_Wholesaler'!L11,'S2_D3_Wholesaler'!L11) | T14: =CHOOSE(Inputs!$B$12,'S2_D1_Wholesaler'!M11,'S2_D2_Wholesaler'!M11,'S2_D3_Wholesaler'!M11) | U14: =CHOOSE(Inputs!$B$12,'S2_D1_Wholesaler'!N11,'S2_D2_Wholesaler'!N11,'S2_D3_Wholesaler'!N11) | V14: =CHOOSE(Inputs!$B$12,'S2_D1_Distributor'!C11,'S2_D2_Distributor'!C11,'S2_D3_Distributor'!C11) | W14: =CHOOSE(Inputs!$B$12,'S2_D1_Distributor'!D11,'S2_D2_Distributor'!D11,'S2_D3_Distributor'!D11) | X14: =CHOOSE(Inputs!$B$12,'S2_D1_Distributor'!H11,'S2_D2_Distributor'!H11,'S2_D3_Distributor'!H11) | Y14: =CHOOSE(Inputs!$B$12,'S2_D1_Distributor'!I11,'S2_D2_Distributor'!I11,'S2_D3_Distributor'!I11) | Z14: =CHOOSE(Inputs!$B$12,'S2_D1_Distributor'!J11,'S2_D2_Distributor'!J11,'S2_D3_Distributor'!J11) | AA14: =CHOOSE(Inputs!$B$12,'S2_D1_Distributor'!P11,'S2_D2_Distributor'!P11,'S2_D3_Distributor'!P11) | AB14: =CHOOSE(Inputs!$B$12,'S2_D1_Distributor'!K11,'S2_D2_Distributor'!K11,'S2_D3_Distributor'!K11) | AC14: =CHOOSE(Inputs!$B$12,'S2_D1_Distributor'!L11,'S2_D2_Distributor'!L11,'S2_D3_Distributor'!L11) | AD14: =CHOOSE(Inputs!$B$12,'S2_D1_Distributor'!M11,'S2_D2_Distributor'!M11,'S2_D3_Distributor'!M11) | AE14: =CHOOSE(Inputs!$B$12,'S2_D1_Distributor'!N11,'S2_D2_Distributor'!N11,'S2_D3_Distributor'!N11) | AF14: =CHOOSE(Inputs!$B$12,'S2_D1_Factory'!C11,'S2_D2_Factory'!C11,'S2_D3_Factory'!C11) | AG14: =CHOOSE(Inputs!$B$12,'S2_D1_Factory'!D11,'S2_D2_Factory'!D11,'S2_D3_Factory'!D11) | AH14: =CHOOSE(Inputs!$B$12,'S2_D1_Factory'!H11,'S2_D2_Factory'!H11,'S2_D3_Factory'!H11) | AI14: =CHOOSE(Inputs!$B$12,'S2_D1_Factory'!I11,'S2_D2_Factory'!I11,'S2_D3_Factory'!I11) | AJ14: =CHOOSE(Inputs!$B$12,'S2_D1_Factory'!J11,'S2_D2_Factory'!J11,'S2_D3_Factory'!J11) | AK14: =CHOOSE(Inputs!$B$12,'S2_D1_Factory'!P11,'S2_D2_Factory'!P11,'S2_D3_Factory'!P11) | AL14: =CHOOSE(Inputs!$B$12,'S2_D1_Factory'!K11,'S2_D2_Factory'!K11,'S2_D3_Factory'!K11) | AM14: =CHOOSE(Inputs!$B$12,'S2_D1_Factory'!L11,'S2_D2_Factory'!L11,'S2_D3_Factory'!L11) | AN14: =CHOOSE(Inputs!$B$12,'S2_D1_Factory'!M11,'S2_D2_Factory'!M11,'S2_D3_Factory'!M11) | AO14: =CHOOSE(Inputs!$B$12,'S2_D1_Factory'!N11,'S2_D2_Factory'!N11,'S2_D3_Factory'!N11) | AP14: =SUM(H14,R14,AB14,AL14) | AQ14: =SUM(I14,S14,AC14,AM14) | AR14: =SUM(J14,T14,AD14,AN14) | AS14: =AS13+AR14
A15: 11 | B15: =CHOOSE(Inputs!$B$12,'S2_D1_Retailer'!C12,'S2_D2_Retailer'!C12,'S2_D3_Retailer'!C12) | C15: =CHOOSE(Inputs!$B$12,'S2_D1_Retailer'!D12,'S2_D2_Retailer'!D12,'S2_D3_Retailer'!D12) | D15: =CHOOSE(Inputs!$B$12,'S2_D1_Retailer'!H12,'S2_D2_Retailer'!H12,'S2_D3_Retailer'!H12) | E15: =CHOOSE(Inputs!$B$12,'S2_D1_Retailer'!I12,'S2_D2_Retailer'!I12,'S2_D3_Retailer'!I12) | F15: =CHOOSE(Inputs!$B$12,'S2_D1_Retailer'!J12,'S2_D2_Retailer'!J12,'S2_D3_Retailer'!J12) | G15: =CHOOSE(Inputs!$B$12,'S2_D1_Retailer'!P12,'S2_D2_Retailer'!P12,'S2_D3_Retailer'!P12) | H15: =CHOOSE(Inputs!$B$12,'S2_D1_Retailer'!K12,'S2_D2_Retailer'!K12,'S2_D3_Retailer'!K12) | I15: =CHOOSE(Inputs!$B$12,'S2_D1_Retailer'!L12,'S2_D2_Retailer'!L12,'S2_D3_Retailer'!L12) | J15: =CHOOSE(Inputs!$B$12,'S2_D1_Retailer'!M12,'S2_D2_Retailer'!M12,'S2_D3_Retailer'!M12) | K15: =CHOOSE(Inputs!$B$12,'S2_D1_Retailer'!N12,'S2_D2_Retailer'!N12,'S2_D3_Retailer'!N12) | L15: =CHOOSE(Inputs!$B$12,'S2_D1_Wholesaler'!C12,'S2_D2_Wholesaler'!C12,'S2_D3_Wholesaler'!C12) | M15: =CHOOSE(Inputs!$B$12,'S2_D1_Wholesaler'!D12,'S2_D2_Wholesaler'!D12,'S2_D3_Wholesaler'!D12) | N15: =CHOOSE(Inputs!$B$12,'S2_D1_Wholesaler'!H12,'S2_D2_Wholesaler'!H12,'S2_D3_Wholesaler'!H12) | O15: =CHOOSE(Inputs!$B$12,'S2_D1_Wholesaler'!I12,'S2_D2_Wholesaler'!I12,'S2_D3_Wholesaler'!I12) | P15: =CHOOSE(Inputs!$B$12,'S2_D1_Wholesaler'!J12,'S2_D2_Wholesaler'!J12,'S2_D3_Wholesaler'!J12) | Q15: =CHOOSE(Inputs!$B$12,'S2_D1_Wholesaler'!P12,'S2_D2_Wholesaler'!P12,'S2_D3_Wholesaler'!P12) | R15: =CHOOSE(Inputs!$B$12,'S2_D1_Wholesaler'!K12,'S2_D2_Wholesaler'!K12,'S2_D3_Wholesaler'!K12) | S15: =CHOOSE(Inputs!$B$12,'S2_D1_Wholesaler'!L12,'S2_D2_Wholesaler'!L12,'S2_D3_Wholesaler'!L12) | T15: =CHOOSE(Inputs!$B$12,'S2_D1_Wholesaler'!M12,'S2_D2_Wholesaler'!M12,'S2_D3_Wholesaler'!M12) | U15: =CHOOSE(Inputs!$B$12,'S2_D1_Wholesaler'!N12,'S2_D2_Wholesaler'!N12,'S2_D3_Wholesaler'!N12) | V15: =CHOOSE(Inputs!$B$12,'S2_D1_Distributor'!C12,'S2_D2_Distributor'!C12,'S2_D3_Distributor'!C12) | W15: =CHOOSE(Inputs!$B$12,'S2_D1_Distributor'!D12,'S2_D2_Distributor'!D12,'S2_D3_Distributor'!D12) | X15: =CHOOSE(Inputs!$B$12,'S2_D1_Distributor'!H12,'S2_D2_Distributor'!H12,'S2_D3_Distributor'!H12) | Y15: =CHOOSE(Inputs!$B$12,'S2_D1_Distributor'!I12,'S2_D2_Distributor'!I12,'S2_D3_Distributor'!I12) | Z15: =CHOOSE(Inputs!$B$12,'S2_D1_Distributor'!J12,'S2_D2_Distributor'!J12,'S2_D3_Distributor'!J12) | AA15: =CHOOSE(Inputs!$B$12,'S2_D1_Distributor'!P12,'S2_D2_Distributor'!P12,'S2_D3_Distributor'!P12) | AB15: =CHOOSE(Inputs!$B$12,'S2_D1_Distributor'!K12,'S2_D2_Distributor'!K12,'S2_D3_Distributor'!K12) | AC15: =CHOOSE(Inputs!$B$12,'S2_D1_Distributor'!L12,'S2_D2_Distributor'!L12,'S2_D3_Distributor'!L12) | AD15: =CHOOSE(Inputs!$B$12,'S2_D1_Distributor'!M12,'S2_D2_Distributor'!M12,'S2_D3_Distributor'!M12) | AE15: =CHOOSE(Inputs!$B$12,'S2_D1_Distributor'!N12,'S2_D2_Distributor'!N12,'S2_D3_Distributor'!N12) | AF15: =CHOOSE(Inputs!$B$12,'S2_D1_Factory'!C12,'S2_D2_Factory'!C12,'S2_D3_Factory'!C12) | AG15: =CHOOSE(Inputs!$B$12,'S2_D1_Factory'!D12,'S2_D2_Factory'!D12,'S2_D3_Factory'!D12) | AH15: =CHOOSE(Inputs!$B$12,'S2_D1_Factory'!H12,'S2_D2_Factory'!H12,'S2_D3_Factory'!H12) | AI15: =CHOOSE(Inputs!$B$12,'S2_D1_Factory'!I12,'S2_D2_Factory'!I12,'S2_D3_Factory'!I12) | AJ15: =CHOOSE(Inputs!$B$12,'S2_D1_Factory'!J12,'S2_D2_Factory'!J12,'S2_D3_Factory'!J12) | AK15: =CHOOSE(Inputs!$B$12,'S2_D1_Factory'!P12,'S2_D2_Factory'!P12,'S2_D3_Factory'!P12) | AL15: =CHOOSE(Inputs!$B$12,'S2_D1_Factory'!K12,'S2_D2_Factory'!K12,'S2_D3_Factory'!K12) | AM15: =CHOOSE(Inputs!$B$12,'S2_D1_Factory'!L12,'S2_D2_Factory'!L12,'S2_D3_Factory'!L12) | AN15: =CHOOSE(Inputs!$B$12,'S2_D1_Factory'!M12,'S2_D2_Factory'!M12,'S2_D3_Factory'!M12) | AO15: =CHOOSE(Inputs!$B$12,'S2_D1_Factory'!N12,'S2_D2_Factory'!N12,'S2_D3_Factory'!N12) | AP15: =SUM(H15,R15,AB15,AL15) | AQ15: =SUM(I15,S15,AC15,AM15) | AR15: =SUM(J15,T15,AD15,AN15) | AS15: =AS14+AR15
A16: 12 | B16: =CHOOSE(Inputs!$B$12,'S2_D1_Retailer'!C13,'S2_D2_Retailer'!C13,'S2_D3_Retailer'!C13) | C16: =CHOOSE(Inputs!$B$12,'S2_D1_Retailer'!D13,'S2_D2_Retailer'!D13,'S2_D3_Retailer'!D13) | D16: =CHOOSE(Inputs!$B$12,'S2_D1_Retailer'!H13,'S2_D2_Retailer'!H13,'S2_D3_Retailer'!H13) | E16: =CHOOSE(Inputs!$B$12,'S2_D1_Retailer'!I13,'S2_D2_Retailer'!I13,'S2_D3_Retailer'!I13) | F16: =CHOOSE(Inputs!$B$12,'S2_D1_Retailer'!J13,'S2_D2_Retailer'!J13,'S2_D3_Retailer'!J13) | G16: =CHOOSE(Inputs!$B$12,'S2_D1_Retailer'!P13,'S2_D2_Retailer'!P13,'S2_D3_Retailer'!P13) | H16: =CHOOSE(Inputs!$B$12,'S2_D1_Retailer'!K13,'S2_D2_Retailer'!K13,'S2_D3_Retailer'!K13) | I16: =CHOOSE(Inputs!$B$12,'S2_D1_Retailer'!L13,'S2_D2_Retailer'!L13,'S2_D3_Retailer'!L13) | J16: =CHOOSE(Inputs!$B$12,'S2_D1_Retailer'!M13,'S2_D2_Retailer'!M13,'S2_D3_Retailer'!M13) | K16: =CHOOSE(Inputs!$B$12,'S2_D1_Retailer'!N13,'S2_D2_Retailer'!N13,'S2_D3_Retailer'!N13) | L16: =CHOOSE(Inputs!$B$12,'S2_D1_Wholesaler'!C13,'S2_D2_Wholesaler'!C13,'S2_D3_Wholesaler'!C13) | M16: =CHOOSE(Inputs!$B$12,'S2_D1_Wholesaler'!D13,'S2_D2_Wholesaler'!D13,'S2_D3_Wholesaler'!D13) | N16: =CHOOSE(Inputs!$B$12,'S2_D1_Wholesaler'!H13,'S2_D2_Wholesaler'!H13,'S2_D3_Wholesaler'!H13) | O16: =CHOOSE(Inputs!$B$12,'S2_D1_Wholesaler'!I13,'S2_D2_Wholesaler'!I13,'S2_D3_Wholesaler'!I13) | P16: =CHOOSE(Inputs!$B$12,'S2_D1_Wholesaler'!J13,'S2_D2_Wholesaler'!J13,'S2_D3_Wholesaler'!J13) | Q16: =CHOOSE(Inputs!$B$12,'S2_D1_Wholesaler'!P13,'S2_D2_Wholesaler'!P13,'S2_D3_Wholesaler'!P13) | R16: =CHOOSE(Inputs!$B$12,'S2_D1_Wholesaler'!K13,'S2_D2_Wholesaler'!K13,'S2_D3_Wholesaler'!K13) | S16: =CHOOSE(Inputs!$B$12,'S2_D1_Wholesaler'!L13,'S2_D2_Wholesaler'!L13,'S2_D3_Wholesaler'!L13) | T16: =CHOOSE(Inputs!$B$12,'S2_D1_Wholesaler'!M13,'S2_D2_Wholesaler'!M13,'S2_D3_Wholesaler'!M13) | U16: =CHOOSE(Inputs!$B$12,'S2_D1_Wholesaler'!N13,'S2_D2_Wholesaler'!N13,'S2_D3_Wholesaler'!N13) | V16: =CHOOSE(Inputs!$B$12,'S2_D1_Distributor'!C13,'S2_D2_Distributor'!C13,'S2_D3_Distributor'!C13) | W16: =CHOOSE(Inputs!$B$12,'S2_D1_Distributor'!D13,'S2_D2_Distributor'!D13,'S2_D3_Distributor'!D13) | X16: =CHOOSE(Inputs!$B$12,'S2_D1_Distributor'!H13,'S2_D2_Distributor'!H13,'S2_D3_Distributor'!H13) | Y16: =CHOOSE(Inputs!$B$12,'S2_D1_Distributor'!I13,'S2_D2_Distributor'!I13,'S2_D3_Distributor'!I13) | Z16: =CHOOSE(Inputs!$B$12,'S2_D1_Distributor'!J13,'S2_D2_Distributor'!J13,'S2_D3_Distributor'!J13) | AA16: =CHOOSE(Inputs!$B$12,'S2_D1_Distributor'!P13,'S2_D2_Distributor'!P13,'S2_D3_Distributor'!P13) | AB16: =CHOOSE(Inputs!$B$12,'S2_D1_Distributor'!K13,'S2_D2_Distributor'!K13,'S2_D3_Distributor'!K13) | AC16: =CHOOSE(Inputs!$B$12,'S2_D1_Distributor'!L13,'S2_D2_Distributor'!L13,'S2_D3_Distributor'!L13) | AD16: =CHOOSE(Inputs!$B$12,'S2_D1_Distributor'!M13,'S2_D2_Distributor'!M13,'S2_D3_Distributor'!M13) | AE16: =CHOOSE(Inputs!$B$12,'S2_D1_Distributor'!N13,'S2_D2_Distributor'!N13,'S2_D3_Distributor'!N13) | AF16: =CHOOSE(Inputs!$B$12,'S2_D1_Factory'!C13,'S2_D2_Factory'!C13,'S2_D3_Factory'!C13) | AG16: =CHOOSE(Inputs!$B$12,'S2_D1_Factory'!D13,'S2_D2_Factory'!D13,'S2_D3_Factory'!D13) | AH16: =CHOOSE(Inputs!$B$12,'S2_D1_Factory'!H13,'S2_D2_Factory'!H13,'S2_D3_Factory'!H13) | AI16: =CHOOSE(Inputs!$B$12,'S2_D1_Factory'!I13,'S2_D2_Factory'!I13,'S2_D3_Factory'!I13) | AJ16: =CHOOSE(Inputs!$B$12,'S2_D1_Factory'!J13,'S2_D2_Factory'!J13,'S2_D3_Factory'!J13) | AK16: =CHOOSE(Inputs!$B$12,'S2_D1_Factory'!P13,'S2_D2_Factory'!P13,'S2_D3_Factory'!P13) | AL16: =CHOOSE(Inputs!$B$12,'S2_D1_Factory'!K13,'S2_D2_Factory'!K13,'S2_D3_Factory'!K13) | AM16: =CHOOSE(Inputs!$B$12,'S2_D1_Factory'!L13,'S2_D2_Factory'!L13,'S2_D3_Factory'!L13) | AN16: =CHOOSE(Inputs!$B$12,'S2_D1_Factory'!M13,'S2_D2_Factory'!M13,'S2_D3_Factory'!M13) | AO16: =CHOOSE(Inputs!$B$12,'S2_D1_Factory'!N13,'S2_D2_Factory'!N13,'S2_D3_Factory'!N13) | AP16: =SUM(H16,R16,AB16,AL16) | AQ16: =SUM(I16,S16,AC16,AM16) | AR16: =SUM(J16,T16,AD16,AN16) | AS16: =AS15+AR16
A17: 13 | B17: =CHOOSE(Inputs!$B$12,'S2_D1_Retailer'!C14,'S2_D2_Retailer'!C14,'S2_D3_Retailer'!C14) | C17: =CHOOSE(Inputs!$B$12,'S2_D1_Retailer'!D14,'S2_D2_Retailer'!D14,'S2_D3_Retailer'!D14) | D17: =CHOOSE(Inputs!$B$12,'S2_D1_Retailer'!H14,'S2_D2_Retailer'!H14,'S2_D3_Retailer'!H14) | E17: =CHOOSE(Inputs!$B$12,'S2_D1_Retailer'!I14,'S2_D2_Retailer'!I14,'S2_D3_Retailer'!I14) | F17: =CHOOSE(Inputs!$B$12,'S2_D1_Retailer'!J14,'S2_D2_Retailer'!J14,'S2_D3_Retailer'!J14) | G17: =CHOOSE(Inputs!$B$12,'S2_D1_Retailer'!P14,'S2_D2_Retailer'!P14,'S2_D3_Retailer'!P14) | H17: =CHOOSE(Inputs!$B$12,'S2_D1_Retailer'!K14,'S2_D2_Retailer'!K14,'S2_D3_Retailer'!K14) | I17: =CHOOSE(Inputs!$B$12,'S2_D1_Retailer'!L14,'S2_D2_Retailer'!L14,'S2_D3_Retailer'!L14) | J17: =CHOOSE(Inputs!$B$12,'S2_D1_Retailer'!M14,'S2_D2_Retailer'!M14,'S2_D3_Retailer'!M14) | K17: =CHOOSE(Inputs!$B$12,'S2_D1_Retailer'!N14,'S2_D2_Retailer'!N14,'S2_D3_Retailer'!N14) | L17: =CHOOSE(Inputs!$B$12,'S2_D1_Wholesaler'!C14,'S2_D2_Wholesaler'!C14,'S2_D3_Wholesaler'!C14) | M17: =CHOOSE(Inputs!$B$12,'S2_D1_Wholesaler'!D14,'S2_D2_Wholesaler'!D14,'S2_D3_Wholesaler'!D14) | N17: =CHOOSE(Inputs!$B$12,'S2_D1_Wholesaler'!H14,'S2_D2_Wholesaler'!H14,'S2_D3_Wholesaler'!H14) | O17: =CHOOSE(Inputs!$B$12,'S2_D1_Wholesaler'!I14,'S2_D2_Wholesaler'!I14,'S2_D3_Wholesaler'!I14) | P17: =CHOOSE(Inputs!$B$12,'S2_D1_Wholesaler'!J14,'S2_D2_Wholesaler'!J14,'S2_D3_Wholesaler'!J14) | Q17: =CHOOSE(Inputs!$B$12,'S2_D1_Wholesaler'!P14,'S2_D2_Wholesaler'!P14,'S2_D3_Wholesaler'!P14) | R17: =CHOOSE(Inputs!$B$12,'S2_D1_Wholesaler'!K14,'S2_D2_Wholesaler'!K14,'S2_D3_Wholesaler'!K14) | S17: =CHOOSE(Inputs!$B$12,'S2_D1_Wholesaler'!L14,'S2_D2_Wholesaler'!L14,'S2_D3_Wholesaler'!L14) | T17: =CHOOSE(Inputs!$B$12,'S2_D1_Wholesaler'!M14,'S2_D2_Wholesaler'!M14,'S2_D3_Wholesaler'!M14) | U17: =CHOOSE(Inputs!$B$12,'S2_D1_Wholesaler'!N14,'S2_D2_Wholesaler'!N14,'S2_D3_Wholesaler'!N14) | V17: =CHOOSE(Inputs!$B$12,'S2_D1_Distributor'!C14,'S2_D2_Distributor'!C14,'S2_D3_Distributor'!C14) | W17: =CHOOSE(Inputs!$B$12,'S2_D1_Distributor'!D14,'S2_D2_Distributor'!D14,'S2_D3_Distributor'!D14) | X17: =CHOOSE(Inputs!$B$12,'S2_D1_Distributor'!H14,'S2_D2_Distributor'!H14,'S2_D3_Distributor'!H14) | Y17: =CHOOSE(Inputs!$B$12,'S2_D1_Distributor'!I14,'S2_D2_Distributor'!I14,'S2_D3_Distributor'!I14) | Z17: =CHOOSE(Inputs!$B$12,'S2_D1_Distributor'!J14,'S2_D2_Distributor'!J14,'S2_D3_Distributor'!J14) | AA17: =CHOOSE(Inputs!$B$12,'S2_D1_Distributor'!P14,'S2_D2_Distributor'!P14,'S2_D3_Distributor'!P14) | AB17: =CHOOSE(Inputs!$B$12,'S2_D1_Distributor'!K14,'S2_D2_Distributor'!K14,'S2_D3_Distributor'!K14) | AC17: =CHOOSE(Inputs!$B$12,'S2_D1_Distributor'!L14,'S2_D2_Distributor'!L14,'S2_D3_Distributor'!L14) | AD17: =CHOOSE(Inputs!$B$12,'S2_D1_Distributor'!M14,'S2_D2_Distributor'!M14,'S2_D3_Distributor'!M14) | AE17: =CHOOSE(Inputs!$B$12,'S2_D1_Distributor'!N14,'S2_D2_Distributor'!N14,'S2_D3_Distributor'!N14) | AF17: =CHOOSE(Inputs!$B$12,'S2_D1_Factory'!C14,'S2_D2_Factory'!C14,'S2_D3_Factory'!C14) | AG17: =CHOOSE(Inputs!$B$12,'S2_D1_Factory'!D14,'S2_D2_Factory'!D14,'S2_D3_Factory'!D14) | AH17: =CHOOSE(Inputs!$B$12,'S2_D1_Factory'!H14,'S2_D2_Factory'!H14,'S2_D3_Factory'!H14) | AI17: =CHOOSE(Inputs!$B$12,'S2_D1_Factory'!I14,'S2_D2_Factory'!I14,'S2_D3_Factory'!I14) | AJ17: =CHOOSE(Inputs!$B$12,'S2_D1_Factory'!J14,'S2_D2_Factory'!J14,'S2_D3_Factory'!J14) | AK17: =CHOOSE(Inputs!$B$12,'S2_D1_Factory'!P14,'S2_D2_Factory'!P14,'S2_D3_Factory'!P14) | AL17: =CHOOSE(Inputs!$B$12,'S2_D1_Factory'!K14,'S2_D2_Factory'!K14,'S2_D3_Factory'!K14) | AM17: =CHOOSE(Inputs!$B$12,'S2_D1_Factory'!L14,'S2_D2_Factory'!L14,'S2_D3_Factory'!L14) | AN17: =CHOOSE(Inputs!$B$12,'S2_D1_Factory'!M14,'S2_D2_Factory'!M14,'S2_D3_Factory'!M14) | AO17: =CHOOSE(Inputs!$B$12,'S2_D1_Factory'!N14,'S2_D2_Factory'!N14,'S2_D3_Factory'!N14) | AP17: =SUM(H17,R17,AB17,AL17) | AQ17: =SUM(I17,S17,AC17,AM17) | AR17: =SUM(J17,T17,AD17,AN17) | AS17: =AS16+AR17
... A39: 35 | B39: =CHOOSE(Inputs!$B$12,'S2_D1_Retailer'!C36,'S2_D2_Retailer'!C36,'S2_D3_Retailer'!C36) | C39: =CHOOSE(Inputs!$B$12,'S2_D1_Retailer'!D36,'S2_D2_Retailer'!D36,'S2_D3_Retailer'!D36) | D39: =CHOOSE(Inputs!$B$12,'S2_D1_Retailer'!H36,'S2_D2_Retailer'!H36,'S2_D3_Retailer'!H36) | E39: =CHOOSE(Inputs!$B$12,'S2_D1_Retailer'!I36,'S2_D2_Retailer'!I36,'S2_D3_Retailer'!I36) | F39: =CHOOSE(Inputs!$B$12,'S2_D1_Retailer'!J36,'S2_D2_Retailer'!J36,'S2_D3_Retailer'!J36) | G39: =CHOOSE(Inputs!$B$12,'S2_D1_Retailer'!P36,'S2_D2_Retailer'!P36,'S2_D3_Retailer'!P36) | H39: =CHOOSE(Inputs!$B$12,'S2_D1_Retailer'!K36,'S2_D2_Retailer'!K36,'S2_D3_Retailer'!K36) | I39: =CHOOSE(Inputs!$B$12,'S2_D1_Retailer'!L36,'S2_D2_Retailer'!L36,'S2_D3_Retailer'!L36) | J39: =CHOOSE(Inputs!$B$12,'S2_D1_Retailer'!M36,'S2_D2_Retailer'!M36,'S2_D3_Retailer'!M36) | K39: =CHOOSE(Inputs!$B$12,'S2_D1_Retailer'!N36,'S2_D2_Retailer'!N36,'S2_D3_Retailer'!N36) | L39: =CHOOSE(Inputs!$B$12,'S2_D1_Wholesaler'!C36,'S2_D2_Wholesaler'!C36,'S2_D3_Wholesaler'!C36) | M39: =CHOOSE(Inputs!$B$12,'S2_D1_Wholesaler'!D36,'S2_D2_Wholesaler'!D36,'S2_D3_Wholesaler'!D36) | N39: =CHOOSE(Inputs!$B$12,'S2_D1_Wholesaler'!H36,'S2_D2_Wholesaler'!H36,'S2_D3_Wholesaler'!H36) | O39: =CHOOSE(Inputs!$B$12,'S2_D1_Wholesaler'!I36,'S2_D2_Wholesaler'!I36,'S2_D3_Wholesaler'!I36) | P39: =CHOOSE(Inputs!$B$12,'S2_D1_Wholesaler'!J36,'S2_D2_Wholesaler'!J36,'S2_D3_Wholesaler'!J36) | Q39: =CHOOSE(Inputs!$B$12,'S2_D1_Wholesaler'!P36,'S2_D2_Wholesaler'!P36,'S2_D3_Wholesaler'!P36) | R39: =CHOOSE(Inputs!$B$12,'S2_D1_Wholesaler'!K36,'S2_D2_Wholesaler'!K36,'S2_D3_Wholesaler'!K36) | S39: =CHOOSE(Inputs!$B$12,'S2_D1_Wholesaler'!L36,'S2_D2_Wholesaler'!L36,'S2_D3_Wholesaler'!L36) | T39: =CHOOSE(Inputs!$B$12,'S2_D1_Wholesaler'!M36,'S2_D2_Wholesaler'!M36,'S2_D3_Wholesaler'!M36) | U39: =CHOOSE(Inputs!$B$12,'S2_D1_Wholesaler'!N36,'S2_D2_Wholesaler'!N36,'S2_D3_Wholesaler'!N36) | V39: =CHOOSE(Inputs!$B$12,'S2_D1_Distributor'!C36,'S2_D2_Distributor'!C36,'S2_D3_Distributor'!C36) | W39: =CHOOSE(Inputs!$B$12,'S2_D1_Distributor'!D36,'S2_D2_Distributor'!D36,'S2_D3_Distributor'!D36) | X39: =CHOOSE(Inputs!$B$12,'S2_D1_Distributor'!H36,'S2_D2_Distributor'!H36,'S2_D3_Distributor'!H36) | Y39: =CHOOSE(Inputs!$B$12,'S2_D1_Distributor'!I36,'S2_D2_Distributor'!I36,'S2_D3_Distributor'!I36) | Z39: =CHOOSE(Inputs!$B$12,'S2_D1_Distributor'!J36,'S2_D2_Distributor'!J36,'S2_D3_Distributor'!J36) | AA39: =CHOOSE(Inputs!$B$12,'S2_D1_Distributor'!P36,'S2_D2_Distributor'!P36,'S2_D3_Distributor'!P36) | AB39: =CHOOSE(Inputs!$B$12,'S2_D1_Distributor'!K36,'S2_D2_Distributor'!K36,'S2_D3_Distributor'!K36) | AC39: =CHOOSE(Inputs!$B$12,'S2_D1_Distributor'!L36,'S2_D2_Distributor'!L36,'S2_D3_Distributor'!L36) | AD39: =CHOOSE(Inputs!$B$12,'S2_D1_Distributor'!M36,'S2_D2_Distributor'!M36,'S2_D3_Distributor'!M36) | AE39: =CHOOSE(Inputs!$B$12,'S2_D1_Distributor'!N36,'S2_D2_Distributor'!N36,'S2_D3_Distributor'!N36) | AF39: =CHOOSE(Inputs!$B$12,'S2_D1_Factory'!C36,'S2_D2_Factory'!C36,'S2_D3_Factory'!C36) | AG39: =CHOOSE(Inputs!$B$12,'S2_D1_Factory'!D36,'S2_D2_Factory'!D36,'S2_D3_Factory'!D36) | AH39: =CHOOSE(Inputs!$B$12,'S2_D1_Factory'!H36,'S2_D2_Factory'!H36,'S2_D3_Factory'!H36) | AI39: =CHOOSE(Inputs!$B$12,'S2_D1_Factory'!I36,'S2_D2_Factory'!I36,'S2_D3_Factory'!I36) | AJ39: =CHOOSE(Inputs!$B$12,'S2_D1_Factory'!J36,'S2_D2_Factory'!J36,'S2_D3_Factory'!J36) | AK39: =CHOOSE(Inputs!$B$12,'S2_D1_Factory'!P36,'S2_D2_Factory'!P36,'S2_D3_Factory'!P36) | AL39: =CHOOSE(Inputs!$B$12,'S2_D1_Factory'!K36,'S2_D2_Factory'!K36,'S2_D3_Factory'!K36) | AM39: =CHOOSE(Inputs!$B$12,'S2_D1_Factory'!L36,'S2_D2_Factory'!L36,'S2_D3_Factory'!L36) | AN39: =CHOOSE(Inputs!$B$12,'S2_D1_Factory'!M36,'S2_D2_Factory'!M36,'S2_D3_Factory'!M36) | AO39: =CHOOSE(Inputs!$B$12,'S2_D1_Factory'!N36,'S2_D2_Factory'!N36,'S2_D3_Factory'!N36) | AP39: =SUM(H39,R39,AB39,AL39) | AQ39: =SUM(I39,S39,AC39,AM39) | AR39: =SUM(J39,T39,AD39,AN39) | AS39: =AS38+AR39

Sheet S3_D1_Retailer
A1: Week | B1: CustomerDemand | C1: In | D1: Recv | E1: BegInv | F1: BegBacklog | G1: TotalReq | H1: Ship | I1: EndInv | J1: EndBacklog | K1: InvCost | L1: BackCost | M1: WeekCost | N1: CumulativeCost | O1: OrderManual | P1: OrderPlaced | Q1: OrderPipe1 | R1: OrderPipe2 | S1: ShipPipe1 | T1: ShipPipe2 | U1: InventoryPos | V1: TargetLevel | W1: SuggestedOrder
A2: 1 | B2: 64 | C2: 64 | D2: 50 | E2: 100 | F2: 0 | G2: 64 | H2: 64 | I2: 86 | J2: 0 | K2: 21.5 | L2: 0 | M2: 21.5 | N2: 21.5 | P2: 0 | Q2: 0 | R2: 0 | S2: 0 | T2: 0 | U2: 0 | V2: 0 | W2: 0
A3: 2 | B3: 96 | C3: 96 | D3: 50 | E3: 86 | F3: 0 | G3: 96 | H3: 96 | I3: 40 | J3: 0 | K3: 10 | L3: 0 | M3: 10 | N3: 31.5 | P3: 60 | Q3: 0 | R3: 0 | S3: 0 | T3: 0 | U3: 0 | V3: 0 | W3: 0
A4: 3 | B4: 76 | C4: 76 | D4: 0 | E4: 40 | F4: 0 | G4: 76 | H4: 40 | I4: 0 | J4: 36 | K4: 0 | L4: 36 | M4: 36 | N4: 67.5 | P4: 136 | Q4: 0 | R4: 0 | S4: 0 | T4: 0 | U4: 0 | V4: 0 | W4: 0
A5: 4 | B5: 88 | C5: 88 | D5: 0 | E5: 0 | F5: 36 | G5: 124 | H5: 0 | I5: 0 | J5: 124 | K5: 0 | L5: 124 | M5: 124 | N5: 191.5 | P5: 224 | Q5: 0 | R5: 0 | S5: 0 | T5: 0 | U5: 0 | V5: 0 | W5: 0
A6: 5 | B6: 72 | C6: 72 | D6: 0 | E6: 0 | F6: 124 | G6: 196 | H6: 0 | I6: 0 | J6: 196 | K6: 0 | L6: 196 | M6: 196 | N6: 387.5 | P6: 236 | Q6: 0 | R6: 0 | S6: 0 | T6: 0 | U6: 0 | V6: 0 | W6: 0
A7: 6 | B7: 104 | C7: 104 | D7: 60 | E7: 0 | F7: 196 | G7: 300 | H7: 60 | I7: 0 | J7: 240 | K7: 0 | L7: 240 | M7: 240 | N7: 627.5 | P7: 204 | Q7: 0 | R7: 0 | S7: 0 | T7: 0 | U7: 0 | V7: 0 | W7: 0
A8: 7 | B8: 68 | C8: 68 | D8: 136 | E8: 0 | F8: 240 | G8: 308 | H8: 136 | I8: 0 | J8: 172 | K8: 0 | L8: 172 | M8: 172 | N8: 799.5 | P8: 68 | Q8: 0 | R8: 0 | S8: 0 | T8: 0 | U8: 0 | V8: 0 | W8: 0
A9: 8 | B9: 92 | C9: 92 | D9: 204 | E9: 0 | F9: 172 | G9: 264 | H9: 204 | I9: 0 | J9: 60 | K9: 0 | L9: 60 | M9: 60 | N9: 859.5 | P9: 60 | Q9: 0 | R9: 0 | S9: 0 | T9: 0 | U9: 0 | V9: 0 | W9: 0
A10: 9 | B10: 80 | C10: 80 | D10: 100 | E10: 0 | F10: 60 | G10: 140 | H10: 100 | I10: 0 | J10: 40 | K10: 0 | L10: 40 | M10: 40 | N10: 899.5 | P10: 80 | Q10: 0 | R10: 0 | S10: 0 | T10: 0 | U10: 0 | V10: 0 | W10: 0
A11: 10 | B11: 84 | C11: 84 | D11: 60 | E11: 0 | F11: 40 | G11: 124 | H11: 60 | I11: 0 | J11: 64 | K11: 0 | L11: 64 | M11: 64 | N11: 963.5 | P11: 268 | Q11: 0 | R11: 0 | S11: 0 | T11: 0 | U11: 0 | V11: 0 | W11: 0
A12: 11 | B12: 60 | C12: 60 | D12: 96 | E12: 0 | F12: 64 | G12: 124 | H12: 96 | I12: 0 | J12: 28 | K12: 0 | L12: 28 | M12: 28 | N12: 991.5 | P12: 208 | Q12: 0 | R12: 0 | S12: 0 | T12: 0 | U12: 0 | V12: 0 | W12: 0
A13: 12 | B13: 100 | C13: 100 | D13: 120 | E13: 0 | F13: 28 | G13: 128 | H13: 120 | I13: 0 | J13: 8 | K13: 0 | L13: 8 | M13: 8 | N13: 999.5 | P13: 112 | Q13: 0 | R13: 0 | S13: 0 | T13: 0 | U13: 0 | V13: 0 | W13: 0
... A36: 35 | B36: 48 | C36: 48 | D36: 19 | E36: 775 | F36: 0 | G36: 48 | H36: 48 | I36: 746 | J36: 0 | K36: 186.5 | L36: 0 | M36: 186.5 | N36: 2787.25 | P36: 0 | Q36: 0 | R36: 0 | S36: 0 | T36: 0 | U36: 0 | V36: 0 | W36: 0

Sheet S3_D1_Wholesaler
A1: Week | B1: CustomerDemand | C1: In | D1: Recv | E1: BegInv | F1: BegBacklog | G1: TotalReq | H1: Ship | I1: EndInv | J1: EndBacklog | K1: InvCost | L1: BackCost | M1: WeekCost | N1: CumulativeCost | O1: OrderManual | P1: OrderPlaced | Q1: OrderPipe1 | R1: OrderPipe2 | S1: ShipPipe1 | T1: ShipPipe2 | U1: InventoryPos | V1: TargetLevel | W1: SuggestedOrder
A2: 1 | B2: 0 | C2: 0 | D2: 50 | E2: 100 | F2: 0 | G2: 0 | H2: 0 | I2: 150 | J2: 0 | K2: 37.5 | L2: 0 | M2: 37.5 | N2: 37.5 | P2: 100 | Q2: 0 | R2: 0 | S2: 0 | T2: 0 | U2: 0 | V2: 0 | W2: 0
A3: 2 | B3: 0 | C3: 0 | D3: 50 | E3: 150 | F3: 0 | G3: 0 | H3: 0 | I3: 200 | J3: 0 | K3: 50 | L3: 0 | M3: 50 | N3: 87.5 | P3: 100 | Q3: 0 | R3: 0 | S3: 0 | T3: 0 | U3: 0 | V3: 0 | W3: 0
A4: 3 | B4: 0 | C4: 0 | D4: 0 | E4: 200 | F4: 0 | G4: 0 | H4: 0 | I4: 200 | J4: 0 | K4: 50 | L4: 0 | M4: 50 | N4: 137.5 | P4: 100 | Q4: 0 | R4: 0 | S4: 0 | T4: 0 | U4: 0 | V4: 0 | W4: 0
A5: 4 | B5: 60 | C5: 60 | D5: 0 | E5: 200 | F5: 0 | G5: 60 | H5: 60 | I5: 140 | J5: 0 | K5: 35 | L5: 0 | M5: 35 | N5: 172.5 | P5: 60 | Q5: 0 | R5: 0 | S5: 0 | T5: 0 | U5: 0 | V5: 0 | W5: 0
A6: 5 | B6: 136 | C6: 136 | D6: 100 | E6: 140 | F6: 0 | G6: 136 | H6: 136 | I6: 104 | J6: 0 | K6: 26 | L6: 0 | M6: 26 | N6: 198.5 | P6: 96 | Q6: 0 | R6: 0 | S6: 0 | T6: 0 | U6: 0 | V6: 0 | W6: 0
A7: 6 | B7: 224 | C7: 224 | D7: 100 | E7: 104 | F7: 0 | G7: 224 | H7: 204 | I7: 0 | J7: 20 | K7: 0 | L7: 20 | M7: 20 | N7: 218.5 | P7: 120 | Q7: 0 | R7: 0 | S7: 0 | T7: 0 | U7: 0 | V7: 0 | W7: 0
A8: 7 | B8: 236 | C8: 236 | D8: 100 | E8: 0 | F8: 20 | G8: 256 | H8: 100 | I8: 0 | J8: 156 | K8: 0 | L8: 156 | M8: 156 | N8: 374.5 | P8: 196 | Q8: 0 | R8: 0 | S8: 0 | T8: 0 | U8: 0 | V8: 0 | W8: 0
A9: 8 | B9: 204 | C9: 204 | D9: 60 | E9: 0 | F9: 156 | G9: 360 | H9: 60 | I9: 0 | J9: 300 | K9: 0 | L9: 300 | M9: 300 | N9: 674.5 | P9: 304 | Q9: 0 | R9: 0 | S9: 0 | T9: 0 | U9: 0 | V9: 0 | W9: 0
A10: 9 | B10: 68 | C10: 68 | D10: 96 | E10: 0 | F10: 300 | G10: 368 | H10: 96 | I10: 0 | J10: 272 | K10: 0 | L10: 272 | M10: 272 | N10: 946.5 | P10: 252 | Q10: 0 | R10: 0 | S10: 0 | T10: 0 | U10: 0 | V10: 0 | W10: 0
A11: 10 | B11: 60 | C11: 60 | D11: 120 | E11: 0 | F11: 272 | G11: 332 | H11: 120 | I11: 0 | J11: 212 | K11: 0 | L11: 212 | M11: 212 | N11: 1158.5 | P11: 116 | Q11: 0 | R11: 0 | S11: 0 | T11: 0 | U11: 0 | V11: 0 | W11: 0
A12: 11 | B12: 80 | C12: 80 | D12: 196 | E12: 0 | F12: 212 | G12: 292 | H12: 196 | I12: 0 | J12: 96 | K12: 0 | L12: 96 | M12: 96 | N12: 1254.5 | P12: 0 | Q12: 0 | R12: 0 | S12: 0 | T12: 0 | U12: 0 | V12: 0 | W12: 0
A13: 12 | B13: 268 | C13: 268 | D13: 304 | E13: 0 | F13: 96 | G13: 364 | H13: 304 | I13: 0 | J13: 60 | K13: 0 | L13: 60 | M13: 60 | N13: 1314.5 | P13: 0 | Q13: 0 | R13: 0 | S13: 0 | T13: 0 | U13: 0 | V13: 0 | W13: 0
... A36: 35 | B36: 0 | C36: 0 | D36: 0 | E36: 138 | F36: 0 | G36: 0 | H36: 0 | I36: 138 | J36: 0 | K36: 34.5 | L36: 0 | M36: 34.5 | N36: 2193.5 | P36: 0 | Q36: 0 | R36: 0 | S36: 0 | T36: 0 | U36: 0 | V36: 0 | W36: 0

Sheet S3_D1_Distributor
A1: Week | B1: CustomerDemand | C1: In | D1: Recv | E1: BegInv | F1: BegBacklog | G1: TotalReq | H1: Ship | I1: EndInv | J1: EndBacklog | K1: InvCost | L1: BackCost | M1: WeekCost | N1: CumulativeCost | O1: OrderManual | P1: OrderPlaced | Q1: OrderPipe1 | R1: OrderPipe2 | S1: ShipPipe1 | T1: ShipPipe2 | U1: InventoryPos | V1: TargetLevel | W1: SuggestedOrder
A2: 1 | B2: 0 | C2: 0 | D2: 50 | E2: 100 | F2: 0 | G2: 0 | H2: 0 | I2: 150 | J2: 0 | K2: 37.5 | L2: 0 | M2: 37.5 | N2: 37.5 | P2: 100 | Q2: 0 | R2: 0 | S2: 0 | T2: 0 | U2: 0 | V2: 0 | W2: 0
A3: 2 | B3: 0 | C3: 0 | D3: 50 | E3: 150 | F3: 0 | G3: 0 | H3: 0 | I3: 200 | J3: 0 | K3: 50 | L3: 0 | M3: 50 | N3: 87.5 | P3: 100 | Q3: 0 | R3: 0 | S3: 0 | T3: 0 | U3: 0 | V3: 0 | W3: 0
A4: 3 | B4: 100 | C4: 100 | D4: 0 | E4: 200 | F4: 0 | G4: 100 | H4: 100 | I4: 100 | J4: 0 | K4: 25 | L4: 0 | M4: 25 | N4: 112.5 | P4: 100 | Q4: 0 | R4: 0 | S4: 0 | T4: 0 | U4: 0 | V4: 0 | W4: 0
A5: 4 | B5: 100 | C5: 100 | D5: 0 | E5: 100 | F5: 0 | G5: 100 | H5: 100 | I5: 0 | J5: 0 | K5: 0 | L5: 0 | M5: 0 | N5: 112.5 | P5: 300 | Q5: 0 | R5: 0 | S5: 0 | T5: 0 | U5: 0 | V5: 0 | W5: 0
A6: 5 | B6: 100 | C6: 100 | D6: 100 | E6: 0 | F6: 0 | G6: 100 | H6: 100 | I6: 0 | J6: 0 | K6: 0 | L6: 0 | M6: 0 | N6: 112.5 | P6: 300 | Q6: 0 | R6: 0 | S6: 0 | T6: 0 | U6: 0 | V6: 0 | W6: 0
A7: 6 | B7: 60 | C7: 60 | D7: 100 | E7: 0 | F7: 0 | G7: 60 | H7: 60 | I7: 40 | J7: 0 | K7: 10 | L7: 0 | M7: 10 | N7: 122.5 | P7: 360 | Q7: 0 | R7: 0 | S7: 0 | T7: 0 | U7: 0 | V7: 0 | W7: 0
A8: 7 | B8: 96 | C8: 96 | D8: 100 | E8: 40 | F8: 0 | G8: 96 | H8: 96 | I8: 44 | J8: 0 | K8: 11 | L8: 0 | M8: 11 | N8: 133.5 | P8: 0 | Q8: 0 | R8: 0 | S8: 0 | T8: 0 | U8: 0 | V8: 0 | W8: 0
A9: 8 | B9: 120 | C9: 120 | D9: 300 | E9: 44 | F9: 0 | G9: 120 | H9: 120 | I9: 224 | J9: 0 | K9: 56 | L9: 0 | M9: 56 | N9: 189.5 | P9: 0 | Q9: 0 | R9: 0 | S9: 0 | T9: 0 | U9: 0 | V9: 0 | W9: 0
A10: 9 | B10: 196 | C10: 196 | D10: 300 | E10: 224 | F10: 0 | G10: 196 | H10: 196 | I10: 328 | J10: 0 | K10: 82 | L10: 0 | M10: 82 | N10: 271.5 | P10: 0 | Q10: 0 | R10: 0 | S10: 0 | T10: 0 | U10: 0 | V10: 0 | W10: 0
A11: 10 | B11: 304 | C11: 304 | D11: 300 | E11: 328 | F11: 0 | G11: 304 | H11: 304 | I11: 324 | J11: 0 | K11: 81 | L11: 0 | M11: 81 | N11: 352.5 | P11: 0 | Q11: 0 | R11: 0 | S11: 0 | T11: 0 | U11: 0 | V11: 0 | W11: 0
A12: 11 | B12: 252 | C12: 252 | D12: 0 | E12: 324 | F12: 0 | G12: 252 | H12: 252 | I12: 72 | J12: 0 | K12: 18 | L12: 0 | M12: 18 | N12: 370.5 | P12: 0 | Q12: 0 | R12: 0 | S12: 0 | T12: 0 | U12: 0 | V12: 0 | W12: 0
A13: 12 | B13: 116 | C13: 116 | D13: 60 | E13: 72 | F13: 0 | G13: 116 | H13: 116 | I13: 16 | J13: 0 | K13: 4 | L13: 0 | M13: 4 | N13: 374.5 | P13: 84 | Q13: 0 | R13: 0 | S13: 0 | T13: 0 | U13: 0 | V13: 0 | W13: 0
... A36: 35 | B36: 162 | C36: 162 | D36: 17 | E36: 140 | F36: 0 | G36: 162 | H36: 157 | I36: 0 | J36: 5 | K36: 0 | L36: 5 | M36: 5 | N36: 820.5 | P36: 88 | Q36: 0 | R36: 0 | S36: 0 | T36: 0 | U36: 0 | V36: 0 | W36: 0

Sheet S3_D1_Factory
A1: Week | B1: CustomerDemand | C1: In | D1: Recv | E1: BegInv | F1: BegBacklog | G1: TotalReq | H1: Ship | I1: EndInv | J1: EndBacklog | K1: InvCost | L1: BackCost | M1: WeekCost | N1: CumulativeCost | O1: OrderManual | P1: OrderPlaced | Q1: OrderPipe1 | R1: OrderPipe2 | S1: ShipPipe1 | T1: ShipPipe2 | U1: InventoryPos | V1: TargetLevel | W1: SuggestedOrder
A2: 1 | B2: 0 | C2: 0 | D2: 50 | E2: 100 | F2: 0 | G2: 0 | H2: 0 | I2: 150 | J2: 0 | K2: 37.5 | L2: 0 | M2: 37.5 | N2: 37.5 | P2: 200 | Q2: 0 | R2: 0 | S2: 0 | T2: 0 | U2: 0 | V2: 0 | W2: 0
A3: 2 | B3: 0 | C3: 0 | D3: 50 | E3: 150 | F3: 0 | G3: 0 | H3: 0 | I3: 200 | J3: 0 | K3: 50 | L3: 0 | M3: 50 | N3: 87.5 | P3: 0 | Q3: 0 | R3: 0 | S3: 0 | T3: 0 | U3: 0 | V3: 0 | W3: 0
A4: 3 | B4: 100 | C4: 100 | D4: 200 | E4: 200 | F4: 0 | G4: 100 | H4: 100 | I4: 300 | J4: 0 | K4: 75 | L4: 0 | M4: 75 | N4: 162.5 | P4: 0 | Q4: 0 | R4: 0 | S4: 0 | T4: 0 | U4: 0 | V4: 0 | W4: 0
A5: 4 | B5: 100 | C5: 100 | D5: 0 | E5: 300 | F5: 0 | G5: 100 | H5: 100 | I5: 200 | J5: 0 | K5: 50 | L5: 0 | M5: 50 | N5: 212.5 | P5: 400 | Q5: 0 | R5: 0 | S5: 0 | T5: 0 | U5: 0 | V5: 0 | W5: 0
A6: 5 | B6: 100 | C6: 100 | D6: 0 | E6: 200 | F6: 0 | G6: 100 | H6: 100 | I6: 100 | J6: 0 | K6: 25 | L6: 0 | M6: 25 | N6: 237.5 | P6: 100 | Q6: 0 | R6: 0 | S6: 0 | T6: 0 | U6: 0 | V6: 0 | W6: 0
A7: 6 | B7: 300 | C7: 300 | D7: 400 | E7: 100 | F7: 0 | G7: 300 | H7: 300 | I7: 200 | J7: 0 | K7: 50 | L7: 0 | M7: 50 | N7: 287.5 | P7: 300 | Q7: 0 | R7: 0 | S7: 0 | T7: 0 | U7: 0 | V7: 0 | W7: 0
A8: 7 | B8: 300 | C8: 300 | D8: 100 | E8: 200 | F8: 0 | G8: 300 | H8: 300 | I8: 0 | J8: 0 | K8: 0 | L8: 0 | M8: 0 | N8: 287.5 | P8: 0 | Q8: 0 | R8: 0 | S8: 0 | T8: 0 | U8: 0 | V8: 0 | W8: 0
A9: 8 | B9: 360 | C9: 360 | D9: 300 | E9: 0 | F9: 0 | G9: 360 | H9: 300 | I9: 0 | J9: 60 | K9: 0 | L9: 60 | M9: 60 | N9: 347.5 | P9: 160 | Q9: 0 | R9: 0 | S9: 0 | T9: 0 | U9: 0 | V9: 0 | W9: 0
A10: 9 | B10: 0 | C10: 0 | D10: 0 | E10: 0 | F10: 60 | G10: 60 | H10: 0 | I10: 0 | J10: 60 | K10: 0 | L10: 60 | M10: 60 | N10: 407.5 | P10: 0 | Q10: 0 | R10: 0 | S10: 0 | T10: 0 | U10: 0 | V10: 0 | W10: 0
A11: 10 | B11: 0 | C11: 0 | D11: 160 | E11: 0 | F11: 60 | G11: 60 | H11: 60 | I11: 100 | J11: 0 | K11: 25 | L11: 0 | M11: 25 | N11: 432.5 | P11: 0 | Q11: 0 | R11: 0 | S11: 0 | T11: 0 | U11: 0 | V11: 0 | W11: 0
A12: 11 | B12: 0 | C12: 0 | D12: 0 | E12: 100 | F12: 0 | G12: 0 | H12: 0 | I12: 100 | J12: 0 | K12: 25 | L12: 0 | M12: 25 | N12: 457.5 | P12: 100 | Q12: 0 | R12: 0 | S12: 0 | T12: 0 | U12: 0 | V12: 0 | W12: 0
A13: 12 | B13: 0 | C13: 0 | D13: 0 | E13: 100 | F13: 0 | G13: 0 | H13: 0 | I13: 100 | J13: 0 | K13: 25 | L13: 0 | M13: 25 | N13: 482.5 | P13: 0 | Q13: 0 | R13: 0 | S13: 0 | T13: 0 | U13: 0 | V13: 0 | W13: 0
... A36: 35 | B36: 17 | C36: 17 | D36: 17 | E36: 66 | F36: 0 | G36: 17 | H36: 17 | I36: 66 | J36: 0 | K36: 16.5 | L36: 0 | M36: 16.5 | N36: 1032 | P36: 17 | Q36: 0 | R36: 0 | S36: 0 | T36: 0 | U36: 0 | V36: 0 | W36: 0

Sheet S3_D2_Retailer
A1: Week | B1: CustomerDemand | C1: In | D1: Recv | E1: BegInv | F1: BegBacklog | G1: TotalReq | H1: Ship | I1: EndInv | J1: EndBacklog | K1: InvCost | L1: BackCost | M1: WeekCost | N1: CumulativeCost | O1: OrderManual | P1: OrderPlaced | Q1: OrderPipe1 | R1: OrderPipe2 | S1: ShipPipe1 | T1: ShipPipe2 | U1: InventoryPos | V1: TargetLevel | W1: SuggestedOrder
A2: 1 | B2: 100 | C2: 100 | D2: 50 | E2: 100 | F2: 0 | G2: 100 | H2: 100 | I2: 50 | J2: 0 | K2: 12.5 | L2: 0 | M2: 12.5 | N2: 12.5 | P2: 0 | Q2: 0 | R2: 0 | S2: 0 | T2: 0 | U2: 0 | V2: 0 | W2: 0
A3: 2 | B3: 100 | C3: 100 | D3: 50 | E3: 50 | F3: 0 | G3: 100 | H3: 100 | I3: 0 | J3: 0 | K3: 0 | L3: 0 | M3: 0 | N3: 12.5 | P3: 100 | Q3: 0 | R3: 0 | S3: 0 | T3: 0 | U3: 0 | V3: 0 | W3: 0
A4: 3 | B4: 100 | C4: 100 | D4: 0 | E4: 0 | F4: 0 | G4: 100 | H4: 0 | I4: 0 | J4: 100 | K4: 0 | L4: 100 | M4: 100 | N4: 112.5 | P4: 200 | Q4: 0 | R4: 0 | S4: 0 | T4: 0 | U4: 0 | V4: 0 | W4: 0
A5: 4 | B5: 100 | C5: 100 | D5: 0 | E5: 0 | F5: 100 | G5: 200 | H5: 0 | I5: 0 | J5: 200 | K5: 0 | L5: 200 | M5: 200 | N5: 312.5 | P5: 300 | Q5: 0 | R5: 0 | S5: 0 | T5: 0 | U5: 0 | V5: 0 | W5: 0
A6: 5 | B6: 100 | C6: 100 | D6: 0 | E6: 0 | F6: 200 | G6: 300 | H6: 0 | I6: 0 | J6: 300 | K6: 0 | L6: 300 | M6: 300 | N6: 612.5 | P6: 300 | Q6: 0 | R6: 0 | S6: 0 | T6: 0 | U6: 0 | V6: 0 | W6: 0
A7: 6 | B7: 100 | C7: 100 | D7: 100 | E7: 0 | F7: 300 | G7: 400 | H7: 100 | I7: 0 | J7: 300 | K7: 0 | L7: 300 | M7: 300 | N7: 912.5 | P7: 200 | Q7: 0 | R7: 0 | S7: 0 | T7: 0 | U7: 0 | V7: 0 | W7: 0
