Workbook

Sheet Inputs
A1: Parameter | B1: Value
A3: InvCost | B3: 0.25
A4: BackCost | B4: 1
A5: ExpectedDemand | B5: 100
A6: OrderDelay | B6: 2
A7: ShipDelay | B7: 2
A8: ProdDelay | B8: 2
A10: Mode | B10: Auto
A11: ScenarioIndex | B11: 1
A12: DemandLevel (1=Low,2=Base,3=High) | B12: 2
A13: TargetWeeks_Retailer | B13: =INDEX($C$27:$F$29,$B$11,1)
A14: TargetWeeks_Wholesaler | B14: =INDEX($C$27:$F$29,$B$11,2)
A15: TargetWeeks_Distributor | B15: =INDEX($C$27:$F$29,$B$11,3)
A16: TargetWeeks_Factory | B16: =INDEX($C$27:$F$29,$B$11,4)
A18: InitialInventory | B18: 100
A19: InitialShipPipe1 | B19: 50
A20: InitialShipPipe2 | B20: 50
A21: InitialOrderPipe1 | B21: 0
A22: InitialOrderPipe2 | B22: 0
A23: DefaultOrderWeek1 | B23: 100
A24: ScenarioName | B24: =INDEX($B$27:$B$29,$B$11)
A25: DemandLevelName | B25: =CHOOSE($B$12,"Low","Base","High")
A26: ScenarioIndex | B26: ScenarioName | C26: TargetWeeks_Retailer | D26: TargetWeeks_Wholesaler | E26: TargetWeeks_Distributor | F26: TargetWeeks_Factory | G26: Notes
A27: 1 | B27: Simulation - Scenario 1 - HighInv | C27: 6 | D27: 6 | E27: 6 | F27: 6 | G27: High inventory, lowest risk of backlog
A28: 2 | B28: Simulation - Scenario 2 - Balanced | C28: 3 | D28: 3 | E28: 3 | F28: 3 | G28: Balanced inventory and backlog tradeoff
A29: 3 | B29: Simulation - Scenario 3 - MinCost | C29: 2 | D29: 3 | E29: 2 | F29: 1 | G29: Cost-focused baseline policy (editable)

Sheet Demand
A1: Week | B1: BaseFluctAvg100 | C1: LowDemand | D1: HighDemand | E1: ActiveDemand
A2: 1 | B2: 80 | C2: 64 | D2: 96 | E2: =CHOOSE(Inputs!$B$12, C2, B2, D2)
A3: 2 | B3: 120 | C3: 96 | D3: 144 | E3: =CHOOSE(Inputs!$B$12, C3, B3, D3)
A4: 3 | B4: 95 | C4: 76 | D4: 114 | E4: =CHOOSE(Inputs!$B$12, C4, B4, D4)
A5: 4 | B5: 110 | C5: 88 | D5: 132 | E5: =CHOOSE(Inputs!$B$12, C5, B5, D5)
A6: 5 | B6: 90 | C6: 72 | D6: 108 | E6: =CHOOSE(Inputs!$B$12, C6, B6, D6)
A7: 6 | B7: 130 | C7: 104 | D7: 156 | E7: =CHOOSE(Inputs!$B$12, C7, B7, D7)
A8: 7 | B8: 85 | C8: 68 | D8: 102 | E8: =CHOOSE(Inputs!$B$12, C8, B8, D8)
A9: 8 | B9: 115 | C9: 92 | D9: 138 | E9: =CHOOSE(Inputs!$B$12, C9, B9, D9)
A10: 9 | B10: 100 | C10: 80 | D10: 120 | E10: =CHOOSE(Inputs!$B$12, C10, B10, D10)
A11: 10 | B11: 105 | C11: 84 | D11: 126 | E11: =CHOOSE(Inputs!$B$12, C11, B11, D11)
A12: 11 | B12: 75 | C12: 60 | D12: 90 | E12: =CHOOSE(Inputs!$B$12, C12, B12, D12)
A13: 12 | B13: 125 | C13: 100 | D13: 150 | E13: =CHOOSE(Inputs!$B$12, C13, B13, D13)
... A36: 35 | B36: 60 | C36: 48 | D36: 72 | E36: =CHOOSE(Inputs!$B$12, C36, B36, D36)

Sheet Retailer
A1: Week | B1: CustomerDemand | C1: In | D1: Recv | E1: BegInv | F1: BegBacklog | G1: TotalReq | H1: Ship | I1: EndInv | J1: EndBacklog | K1: InvCost | L1: BackCost | M1: WeekCost | N1: CumulativeCost | O1: OrderManual | P1: OrderPlaced | Q1: OrderPipe1 | R1: OrderPipe2 | S1: ShipPipe1 | T1: ShipPipe2 | U1: InventoryPos | V1: TargetLevel | W1: SuggestedOrder
A2: 1 | B2: =Demand!$E2 | C2: =B2 | D2: =S2 | E2: =Inputs!$B$18 | F2: 0 | G2: =F2+C2 | H2: =MIN(E2+D2, G2) | I2: =E2+D2-H2 | J2: =G2-H2 | K2: =I2*Inputs!$B$3 | L2: =J2*Inputs!$B$4 | M2: =K2+L2 | N2: =M2 | P2: =IF(Inputs!$B$10="Manual", IF(O2="", Inputs!$B$23, O2), W2) | Q2: =Inputs!$B$21 | R2: =Inputs!$B$22 | S2: =Inputs!$B$19 | T2: =Inputs!$B$20 | U2: =E2+S2+T2-F2 | V2: =Inputs!$B$5*Inputs!$B$13 | W2: =MAX(0, V2-U2)
A3: 2 | B3: =Demand!$E3 | C3: =B3 | D3: =S3 | E3: =I2 | F3: =J2 | G3: =F3+C3 | H3: =MIN(E3+D3, G3) | I3: =E3+D3-H3 | J3: =G3-H3 | K3: =I3*Inputs!$B$3 | L3: =J3*Inputs!$B$4 | M3: =K3+L3 | N3: =N2+M3 | P3: =IF(Inputs!$B$10="Manual", IF(O3="", P2, O3), W3) | Q3: =R2 | R3: =P2 | S3: =T2 | T3: ='Wholesaler'!H2 | U3: =E3+S3+T3-F3 | V3: =Inputs!$B$5*Inputs!$B$13 | W3: =MAX(0, V3-U3)
A4: 3 | B4: =Demand!$E4 | C4: =B4 | D4: =S4 | E4: =I3 | F4: =J3 | G4: =F4+C4 | H4: =MIN(E4+D4, G4) | I4: =E4+D4-H4 | J4: =G4-H4 | K4: =I4*Inputs!$B$3 | L4: =J4*Inputs!$B$4 | M4: =K4+L4 | N4: =N3+M4 | P4: =IF(Inputs!$B$10="Manual", IF(O4="", P3, O4), W4) | Q4: =R3 | R4: =P3 | S4: =T3 | T4: ='Wholesaler'!H3 | U4: =E4+S4+T4-F4 | V4: =Inputs!$B$5*Inputs!$B$13 | W4: =MAX(0, V4-U4)
A5: 4 | B5: =Demand!$E5 | C5: =B5 | D5: =S5 | E5: =I4 | F5: =J4 | G5: =F5+C5 | H5: =MIN(E5+D5, G5) | I5: =E5+D5-H5 | J5: =G5-H5 | K5: =I5*Inputs!$B$3 | L5: =J5*Inputs!$B$4 | M5: =K5+L5 | N5: =N4+M5 | P5: =IF(Inputs!$B$10="Manual", IF(O5="", P4, O5), W5) | Q5: =R4 | R5: =P4 | S5: =T4 | T5: ='Wholesaler'!H4 | U5: =E5+S5+T5-F5 | V5: =Inputs!$B$5*Inputs!$B$13 | W5: =MAX(0, V5-U5)
A6: 5 | B6: =Demand!$E6 | C6: =B6 | D6: =S6 | E6: =I5 | F6: =J5 | G6: =F6+C6 | H6: =MIN(E6+D6, G6) | I6: =E6+D6-H6 | J6: =G6-H6 | K6: =I6*Inputs!$B$3 | L6: =J6*Inputs!$B$4 | M6: =K6+L6 | N6: =N5+M6 | P6: =IF(Inputs!$B$10="Manual", IF(O6="", P5, O6), W6) | Q6: =R5 | R6: =P5 | S6: =T5 | T6: ='Wholesaler'!H5 | U6: =E6+S6+T6-F6 | V6: =Inputs!$B$5*Inputs!$B$13 | W6: =MAX(0, V6-U6)
A7: 6 | B7: =Demand!$E7 | C7: =B7 | D7: =S7 | E7: =I6 | F7: =J6 | G7: =F7+C7 | H7: =MIN(E7+D7, G7) | I7: =E7+D7-H7 | J7: =G7-H7 | K7: =I7*Inputs!$B$3 | L7: =J7*Inputs!$B$4 | M7: =K7+L7 | N7: =N6+M7 | P7: =IF(Inputs!$B$10="Manual", IF(O7="", P6, O7), W7) | Q7: =R6 | R7: =P6 | S7: =T6 | T7: ='Wholesaler'!H6 | U7: =E7+S7+T7-F7 | V7: =Inputs!$B$5*Inputs!$B$13 | W7: =MAX(0, V7-U7)
A8: 7 | B8: =Demand!$E8 | C8: =B8 | D8: =S8 | E8: =I7 | F8: =J7 | G8: =F8+C8 | H8: =MIN(E8+D8, G8) | I8: =E8+D8-H8 | J8: =G8-H8 | K8: =I8*Inputs!$B$3 | L8: =J8*Inputs!$B$4 | M8: =K8+L8 | N8: =N7+M8 | P8: =IF(Inputs!$B$10="Manual", IF(O8="", P7, O8), W8) | Q8: =R7 | R8: =P7 | S8: =T7 | T8: ='Wholesaler'!H7 | U8: =E8+S8+T8-F8 | V8: =Inputs!$B$5*Inputs!$B$13 | W8: =MAX(0, V8-U8)
A9: 8 | B9: =Demand!$E9 | C9: =B9 | D9: =S9 | E9: =I8 | F9: =J8 | G9: =F9+C9 | H9: =MIN(E9+D9, G9) | I9: =E9+D9-H9 | J9: =G9-H9 | K9: =I9*Inputs!$B$3 | L9: =J9*Inputs!$B$4 | M9: =K9+L9 | N9: =N8+M9 | P9: =IF(Inputs!$B$10="Manual", IF(O9="", P8, O9), W9) | Q9: =R8 | R9: =P8 | S9: =T8 | T9: ='Wholesaler'!H8 | U9: =E9+S9+T9-F9 | V9: =Inputs!$B$5*Inputs!$B$13 | W9: =MAX(0, V9-U9)
A10: 9 | B10: =Demand!$E10 | C10: =B10 | D10: =S10 | E10: =I9 | F10: =J9 | G10: =F10+C10 | H10: =MIN(E10+D10, G10) | I10: =E10+D10-H10 | J10: =G10-H10 | K10: =I10*Inputs!$B$3 | L10: =J10*Inputs!$B$4 | M10: =K10+L10 | N10: =N9+M10 | P10: =IF(Inputs!$B$10="Manual", IF(O10="", P9, O10), W10) | Q10: =R9 | R10: =P9 | S10: =T9 | T10: ='Wholesaler'!H9 | U10: =E10+S10+T10-F10 | V10: =Inputs!$B$5*Inputs!$B$13 | W10: =MAX(0, V10-U10)
A11: 10 | B11: =Demand!$E11 | C11: =B11 | D11: =S11 | E11: =I10 | F11: =J10 | G11: =F11+C11 | H11: =MIN(E11+D11, G11) | I11: =E11+D11-H11 | J11: =G11-H11 | K11: =I11*Inputs!$B$3 | L11: =J11*Inputs!$B$4 | M11: =K11+L11 | N11: =N10+M11 | P11: =IF(Inputs!$B$10="Manual", IF(O11="", P10, O11), W11) | Q11: =R10 | R11: =P10 | S11: =T10 | T11: ='Wholesaler'!H10 | U11: =E11+S11+T11-F11 | V11: =Inputs!$B$5*Inputs!$B$13 | W11: =MAX(0, V11-U11)
A12: 11 | B12: =Demand!$E12 | C12: =B12 | D12: =S12 | E12: =I11 | F12: =J11 | G12: =F12+C12 | H12: =MIN(E12+D12, G12) | I12: =E12+D12-H12 | J12: =G12-H12 | K12: =I12*Inputs!$B$3 | L12: =J12*Inputs!$B$4 | M12: =K12+L12 | N12: =N11+M12 | P12: =IF(Inputs!$B$10="Manual", IF(O12="", P11, O12), W12) | Q12: =R11 | R12: =P11 | S12: =T11 | T12: ='Wholesaler'!H11 | U12: =E12+S12+T12-F12 | V12: =Inputs!$B$5*Inputs!$B$13 | W12: =MAX(0, V12-U12)
A13: 12 | B13: =Demand!$E13 | C13: =B13 | D13: =S13 | E13: =I12 | F13: =J12 | G13: =F13+C13 | H13: =MIN(E13+D13, G13) | I13: =E13+D13-H13 | J13: =G13-H13 | K13: =I13*Inputs!$B$3 | L13: =J13*Inputs!$B$4 | M13: =K13+L13 | N13: =N12+M13 | P13: =IF(Inputs!$B$10="Manual", IF(O13="", P12, O13), W13) | Q13: =R12 | R13: =P12 | S13: =T12 | T13: ='Wholesaler'!H12 | U13: =E13+S13+T13-F13 | V13: =Inputs!$B$5*Inputs!$B$13 | W13: =MAX(0, V13-U13)
A14: 13 | B14: =Demand!$E14 | C14: =B14 | D14: =S14 | E14: =I13 | F14: =J13 | G14: =F14+C14 | H14: =MIN(E14+D14, G14) | I14: =E14+D14-H14 | J14: =G14-H14 | K14: =I14*Inputs!$B$3 | L14: =J14*Inputs!$B$4 | M14: =K14+L14 | N14: =N13+M14 | P14: =IF(Inputs!$B$10="Manual", IF(O14="", P13, O14), W14) | Q14: =R13 | R14: =P13 | S14: =T13 | T14: ='Wholesaler'!H13 | U14: =E14+S14+T14-F14 | V14: =Inputs!$B$5*Inputs!$B$13 | W14: =MAX(0, V14-U14)
... A36: 35 | B36: =Demand!$E36 | C36: =B36 | D36: =S36 | E36: =I35 | F36: =J35 | G36: =F36+C36 | H36: =MIN(E36+D36, G36) | I36: =E36+D36-H36 | J36: =G36-H36 | K36: =I36*Inputs!$B$3 | L36: =J36*Inputs!$B$4 | M36: =K36+L36 | N36: =N35+M36 | P36: =IF(Inputs!$B$10="Manual", IF(O36="", P35, O36), W36) | Q36: =R35 | R36: =P35 | S36: =T35 | T36: ='Wholesaler'!H35 | U36: =E36+S36+T36-F36 | V36: =Inputs!$B$5*Inputs!$B$13 | W36: =MAX(0, V36-U36)

Sheet Wholesaler
A1: Week | B1: CustomerDemand | C1: In | D1: Recv | E1: BegInv | F1: BegBacklog | G1: TotalReq | H1: Ship | I1: EndInv | J1: EndBacklog | K1: InvCost | L1: BackCost | M1: WeekCost | N1: CumulativeCost | O1: OrderManual | P1: OrderPlaced | Q1: OrderPipe1 | R1: OrderPipe2 | S1: ShipPipe1 | T1: ShipPipe2 | U1: InventoryPos | V1: TargetLevel | W1: SuggestedOrder
A2: 1 | C2: ='Retailer'!Q2 | D2: =S2 | E2: =Inputs!$B$18 | F2: 0 | G2: =F2+C2 | H2: =MIN(E2+D2, G2) | I2: =E2+D2-H2 | J2: =G2-H2 | K2: =I2*Inputs!$B$3 | L2: =J2*Inputs!$B$4 | M2: =K2+L2 | N2: =M2 | P2: =IF(Inputs!$B$10="Manual", IF(O2="", Inputs!$B$23, O2), W2) | Q2: =Inputs!$B$21 | R2: =Inputs!$B$22 | S2: =Inputs!$B$19 | T2: =Inputs!$B$20 | U2: =E2+S2+T2-F2 | V2: =Inputs!$B$5*Inputs!$B$14 | W2: =MAX(0, V2-U2)
A3: 2 | C3: ='Retailer'!Q3 | D3: =S3 | E3: =I2 | F3: =J2 | G3: =F3+C3 | H3: =MIN(E3+D3, G3) | I3: =E3+D3-H3 | J3: =G3-H3 | K3: =I3*Inputs!$B$3 | L3: =J3*Inputs!$B$4 | M3: =K3+L3 | N3: =N2+M3 | P3: =IF(Inputs!$B$10="Manual", IF(O3="", P2, O3), W3) | Q3: =R2 | R3: =P2 | S3: =T2 | T3: ='Distributor'!H2 | U3: =E3+S3+T3-F3 | V3: =Inputs!$B$5*Inputs!$B$14 | W3: =MAX(0, V3-U3)
A4: 3 | C4: ='Retailer'!Q4 | D4: =S4 | E4: =I3 | F4: =J3 | G4: =F4+C4 | H4: =MIN(E4+D4, G4) | I4: =E4+D4-H4 | J4: =G4-H4 | K4: =I4*Inputs!$B$3 | L4: =J4*Inputs!$B$4 | M4: =K4+L4 | N4: =N3+M4 | P4: =IF(Inputs!$B$10="Manual", IF(O4="", P3, O4), W4) | Q4: =R3 | R4: =P3 | S4: =T3 | T4: ='Distributor'!H3 | U4: =E4+S4+T4-F4 | V4: =Inputs!$B$5*Inputs!$B$14 | W4: =MAX(0, V4-U4)
A5: 4 | C5: ='Retailer'!Q5 | D5: =S5 | E5: =I4 | F5: =J4 | G5: =F5+C5 | H5: =MIN(E5+D5, G5) | I5: =E5+D5-H5 | J5: =G5-H5 | K5: =I5*Inputs!$B$3 | L5: =J5*Inputs!$B$4 | M5: =K5+L5 | N5: =N4+M5 | P5: =IF(Inputs!$B$10="Manual", IF(O5="", P4, O5), W5) | Q5: =R4 | R5: =P4 | S5: =T4 | T5: ='Distributor'!H4 | U5: =E5+S5+T5-F5 | V5: =Inputs!$B$5*Inputs!$B$14 | W5: =MAX(0, V5-U5)
A6: 5 | C6: ='Retailer'!Q6 | D6: =S6 | E6: =I5 | F6: =J5 | G6: =F6+C6 | H6: =MIN(E6+D6, G6) | I6: =E6+D6-H6 | J6: =G6-H6 | K6: =I6*Inputs!$B$3 | L6: =J6*Inputs!$B$4 | M6: =K6+L6 | N6: =N5+M6 | P6: =IF(Inputs!$B$10="Manual", IF(O6="", P5, O6), W6) | Q6: =R5 | R6: =P5 | S6: =T5 | T6: ='Distributor'!H5 | U6: =E6+S6+T6-F6 | V6: =Inputs!$B$5*Inputs!$B$14 | W6: =MAX(0, V6-U6)
A7: 6 | C7: ='Retailer'!Q7 | D7: =S7 | E7: =I6 | F7: =J6 | G7: =F7+C7 | H7: =MIN(E7+D7, G7) | I7: =E7+D7-H7 | J7: =G7-H7 | K7: =I7*Inputs!$B$3 | L7: =J7*Inputs!$B$4 | M7: =K7+L7 | N7: =N6+M7 | P7: =IF(Inputs!$B$10="Manual", IF(O7="", P6, O7), W7) | Q7: =R6 | R7: =P6 | S7: =T6 | T7: ='Distributor'!H6 | U7: =E7+S7+T7-F7 | V7: =Inputs!$B$5*Inputs!$B$14 | W7: =MAX(0, V7-U7)
A8: 7 | C8: ='Retailer'!Q8 | D8: =S8 | E8: =I7 | F8: =J7 | G8: =F8+C8 | H8: =MIN(E8+D8, G8) | I8: =E8+D8-H8 | J8: =G8-H8 | K8: =I8*Inputs!$B$3 | L8: =J8*Inputs!$B$4 | M8: =K8+L8 | N8: =N7+M8 | P8: =IF(Inputs!$B$10="Manual", IF(O8="", P7, O8), W8) | Q8: =R7 | R8: =P7 | S8: =T7 | T8: ='Distributor'!H7 | U8: =E8+S8+T8-F8 | V8: =Inputs!$B$5*Inputs!$B$14 | W8: =MAX(0, V8-U8)
A9: 8 | C9: ='Retailer'!Q9 | D9: =S9 | E9: =I8 | F9: =J8 | G9: =F9+C9 | H9: =MIN(E9+D9, G9) | I9: =E9+D9-H9 | J9: =G9-H9 | K9: =I9*Inputs!$B$3 | L9: =J9*Inputs!$B$4 | M9: =K9+L9 | N9: =N8+M9 | P9: =IF(Inputs!$B$10="Manual", IF(O9="", P8, O9), W9) | Q9: =R8 | R9: =P8 | S9: =T8 | T9: ='Distributor'!H8 | U9: =E9+S9+T9-F9 | V9: =Inputs!$B$5*Inputs!$B$14 | W9: =MAX(0, V9-U9)
A10: 9 | C10: ='Retailer'!Q10 | D10: =S10 | E10: =I9 | F10: =J9 | G10: =F10+C10 | H10: =MIN(E10+D10, G10) | I10: =E10+D10-H10 | J10: =G10-H10 | K10: =I10*Inputs!$B$3 | L10: =J10*Inputs!$B$4 | M10: =K10+L10 | N10: =N9+M10 | P10: =IF(Inputs!$B$10="Manual", IF(O10="", P9, O10), W10) | Q10: =R9 | R10: =P9 | S10: =T9 | T10: ='Distributor'!H9 | U10: =E10+S10+T10-F10 | V10: =Inputs!$B$5*Inputs!$B$14 | W10: =MAX(0, V10-U10)
A11: 10 | C11: ='Retailer'!Q11 | D11: =S11 | E11: =I10 | F11: =J10 | G11: =F11+C11 | H11: =MIN(E11+D11, G11) | I11: =E11+D11-H11 | J11: =G11-H11 | K11: =I11*Inputs!$B$3 | L11: =J11*Inputs!$B$4 | M11: =K11+L11 | N11: =N10+M11 | P11: =IF(Inputs!$B$10="Manual", IF(O11="", P10, O11), W11) | Q11: =R10 | R11: =P10 | S11: =T10 | T11: ='Distributor'!H10 | U11: =E11+S11+T11-F11 | V11: =Inputs!$B$5*Inputs!$B$14 | W11: =MAX(0, V11-U11)
A12: 11 | C12: ='Retailer'!Q12 | D12: =S12 | E12: =I11 | F12: =J11 | G12: =F12+C12 | H12: =MIN(E12+D12, G12) | I12: =E12+D12-H12 | J12: =G12-H12 | K12: =I12*Inputs!$B$3 | L12: =J12*Inputs!$B$4 | M12: =K12+L12 | N12: =N11+M12 | P12: =IF(Inputs!$B$10="Manual", IF(O12="", P11, O12), W12) | Q12: =R11 | R12: =P11 | S12: =T11 | T12: ='Distributor'!H11 | U12: =E12+S12+T12-F12 | V12: =Inputs!$B$5*Inputs!$B$14 | W12: =MAX(0, V12-U12)
A13: 12 | C13: ='Retailer'!Q13 | D13: =S13 | E13: =I12 | F13: =J12 | G13: =F13+C13 | H13: =MIN(E13+D13, G13) | I13: =E13+D13-H13 | J13: =G13-H13 | K13: =I13*Inputs!$B$3 | L13: =J13*Inputs!$B$4 | M13: =K13+L13 | N13: =N12+M13 | P13: =IF(Inputs!$B$10="Manual", IF(O13="", P12, O13), W13) | Q13: =R12 | R13: =P12 | S13: =T12 | T13: ='Distributor'!H12 | U13: =E13+S13+T13-F13 | V13: =Inputs!$B$5*Inputs!$B$14 | W13: =MAX(0, V13-U13)
A14: 13 | C14: ='Retailer'!Q14 | D14: =S14 | E14: =I13 | F14: =J13 | G14: =F14+C14 | H14: =MIN(E14+D14, G14) | I14: =E14+D14-H14 | J14: =G14-H14 | K14: =I14*Inputs!$B$3 | L14: =J14*Inputs!$B$4 | M14: =K14+L14 | N14: =N13+M14 | P14: =IF(Inputs!$B$10="Manual", IF(O14="", P13, O14), W14) | Q14: =R13 | R14: =P13 | S14: =T13 | T14: ='Distributor'!H13 | U14: =E14+S14+T14-F14 | V14: =Inputs!$B$5*Inputs!$B$14 | W14: =MAX(0, V14-U14)
... A36: 35 | C36: ='Retailer'!Q36 | D36: =S36 | E36: =I35 | F36: =J35 | G36: =F36+C36 | H36: =MIN(E36+D36, G36) | I36: =E36+D36-H36 | J36: =G36-H36 | K36: =I36*Inputs!$B$3 | L36: =J36*Inputs!$B$4 | M36: =K36+L36 | N36: =N35+M36 | P36: =IF(Inputs!$B$10="Manual", IF(O36="", P35, O36), W36) | Q36: =R35 | R36: =P35 | S36: =T35 | T36: ='Distributor'!H35 | U36: =E36+S36+T36-F36 | V36: =Inputs!$B$5*Inputs!$B$14 | W36: =MAX(0, V36-U36)

Sheet Distributor
A1: Week | B1: CustomerDemand | C1: In | D1: Recv | E1: BegInv | F1: BegBacklog | G1: TotalReq | H1: Ship | I1: EndInv | J1: EndBacklog | K1: InvCost | L1: BackCost | M1: WeekCost | N1: CumulativeCost | O1: OrderManual | P1: OrderPlaced | Q1: OrderPipe1 | R1: OrderPipe2 | S1: ShipPipe1 | T1: ShipPipe2 | U1: InventoryPos | V1: TargetLevel | W1: SuggestedOrder
A2: 1 | C2: ='Wholesaler'!Q2 | D2: =S2 | E2: =Inputs!$B$18 | F2: 0 | G2: =F2+C2 | H2: =MIN(E2+D2, G2) | I2: =E2+D2-H2 | J2: =G2-H2 | K2: =I2*Inputs!$B$3 | L2: =J2*Inputs!$B$4 | M2: =K2+L2 | N2: =M2 | P2: =IF(Inputs!$B$10="Manual", IF(O2="", Inputs!$B$23, O2), W2) | Q2: =Inputs!$B$21 | R2: =Inputs!$B$22 | S2: =Inputs!$B$19 | T2: =Inputs!$B$20 | U2: =E2+S2+T2-F2 | V2: =Inputs!$B$5*Inputs!$B$15 | W2: =MAX(0, V2-U2)
A3: 2 | C3: ='Wholesaler'!Q3 | D3: =S3 | E3: =I2 | F3: =J2 | G3: =F3+C3 | H3: =MIN(E3+D3, G3) | I3: =E3+D3-H3 | J3: =G3-H3 | K3: =I3*Inputs!$B$3 | L3: =J3*Inputs!$B$4 | M3: =K3+L3 | N3: =N2+M3 | P3: =IF(Inputs!$B$10="Manual", IF(O3="", P2, O3), W3) | Q3: =R2 | R3: =P2 | S3: =T2 | T3: ='Factory'!H2 | U3: =E3+S3+T3-F3 | V3: =Inputs!$B$5*Inputs!$B$15 | W3: =MAX(0, V3-U3)
A4: 3 | C4: ='Wholesaler'!Q4 | D4: =S4 | E4: =I3 | F4: =J3 | G4: =F4+C4 | H4: =MIN(E4+D4, G4) | I4: =E4+D4-H4 | J4: =G4-H4 | K4: =I4*Inputs!$B$3 | L4: =J4*Inputs!$B$4 | M4: =K4+L4 | N4: =N3+M4 | P4: =IF(Inputs!$B$10="Manual", IF(O4="", P3, O4), W4) | Q4: =R3 | R4: =P3 | S4: =T3 | T4: ='Factory'!H3 | U4: =E4+S4+T4-F4 | V4: =Inputs!$B$5*Inputs!$B$15 | W4: =MAX(0, V4-U4)
A5: 4 | C5: ='Wholesaler'!Q5 | D5: =S5 | E5: =I4 | F5: =J4 | G5: =F5+C5 | H5: =MIN(E5+D5, G5) | I5: =E5+D5-H5 | J5: =G5-H5 | K5: =I5*Inputs!$B$3 | L5: =J5*Inputs!$B$4 | M5: =K5+L5 | N5: =N4+M5 | P5: =IF(Inputs!$B$10="Manual", IF(O5="", P4, O5), W5) | Q5: =R4 | R5: =P4 | S5: =T4 | T5: ='Factory'!H4 | U5: =E5+S5+T5-F5 | V5: =Inputs!$B$5*Inputs!$B$15 | W5: =MAX(0, V5-U5)
A6: 5 | C6: ='Wholesaler'!Q6 | D6: =S6 | E6: =I5 | F6: =J5 | G6: =F6+C6 | H6: =MIN(E6+D6, G6) | I6: =E6+D6-H6 | J6: =G6-H6 | K6: =I6*Inputs!$B$3 | L6: =J6*Inputs!$B$4 | M6: =K6+L6 | N6: =N5+M6 | P6: =IF(Inputs!$B$10="Manual", IF(O6="", P5, O6), W6) | Q6: =R5 | R6: =P5 | S6: =T5 | T6: ='Factory'!H5 | U6: =E6+S6+T6-F6 | V6: =Inputs!$B$5*Inputs!$B$15 | W6: =MAX(0, V6-U6)
A7: 6 | C7: ='Wholesaler'!Q7 | D7: =S7 | E7: =I6 | F7: =J6 | G7: =F7+C7 | H7: =MIN(E7+D7, G7) | I7: =E7+D7-H7 | J7: =G7-H7 | K7: =I7*Inputs!$B$3 | L7: =J7*Inputs!$B$4 | M7: =K7+L7 | N7: =N6+M7 | P7: =IF(Inputs!$B$10="Manual", IF(O7="", P6, O7), W7) | Q7: =R6 | R7: =P6 | S7: =T6 | T7: ='Factory'!H6 | U7: =E7+S7+T7-F7 | V7: =Inputs!$B$5*Inputs!$B$15 | W7: =MAX(0, V7-U7)
A8: 7 | C8: ='Wholesaler'!Q8 | D8: =S8 | E8: =I7 | F8: =J7 | G8: =F8+C8 | H8: =MIN(E8+D8, G8) | I8: =E8+D8-H8 | J8: =G8-H8 | K8: =I8*Inputs!$B$3 | L8: =J8*Inputs!$B$4 | M8: =K8+L8 | N8: =N7+M8 | P8: =IF(Inputs!$B$10="Manual", IF(O8="", P7, O8), W8) | Q8: =R7 | R8: =P7 | S8: =T7 | T8: ='Factory'!H7 | U8: =E8+S8+T8-F8 | V8: =Inputs!$B$5*Inputs!$B$15 | W8: =MAX(0, V8-U8)
A9: 8 | C9: ='Wholesaler'!Q9 | D9: =S9 | E9: =I8 | F9: =J8 | G9: =F9+C9 | H9: =MIN(E9+D9, G9) | I9: =E9+D9-H9 | J9: =G9-H9 | K9: =I9*Inputs!$B$3 | L9: =J9*Inputs!$B$4 | M9: =K9+L9 | N9: =N8+M9 | P9: =IF(Inputs!$B$10="Manual", IF(O9="", P8, O9), W9) | Q9: =R8 | R9: =P8 | S9: =T8 | T9: ='Factory'!H8 | U9: =E9+S9+T9-F9 | V9: =Inputs!$B$5*Inputs!$B$15 | W9: =MAX(0, V9-U9)
A10: 9 | C10: ='Wholesaler'!Q10 | D10: =S10 | E10: =I9 | F10: =J9 | G10: =F10+C10 | H10: =MIN(E10+D10, G10) | I10: =E10+D10-H10 | J10: =G10-H10 | K10: =I10*Inputs!$B$3 | L10: =J10*Inputs!$B$4 | M10: =K10+L10 | N10: =N9+M10 | P10: =IF(Inputs!$B$10="Manual", IF(O10="", P9, O10), W10) | Q10: =R9 | R10: =P9 | S10: =T9 | T10: ='Factory'!H9 | U10: =E10+S10+T10-F10 | V10: =Inputs!$B$5*Inputs!$B$15 | W10: =MAX(0, V10-U10)
A11: 10 | C11: ='Wholesaler'!Q11 | D11: =S11 | E11: =I10 | F11: =J10 | G11: =F11+C11 | H11: =MIN(E11+D11, G11) | I11: =E11+D11-H11 | J11: =G11-H11 | K11: =I11*Inputs!$B$3 | L11: =J11*Inputs!$B$4 | M11: =K11+L11 | N11: =N10+M11 | P11: =IF(Inputs!$B$10="Manual", IF(O11="", P10, O11), W11) | Q11: =R10 | R11: =P10 | S11: =T10 | T11: ='Factory'!H10 | U11: =E11+S11+T11-F11 | V11: =Inputs!$B$5*Inputs!$B$15 | W11: =MAX(0, V11-U11)
A12: 11 | C12: ='Wholesaler'!Q12 | D12: =S12 | E12: =I11 | F12: =J11 | G12: =F12+C12 | H12: =MIN(E12+D12, G12) | I12: =E12+D12-H12 | J12: =G12-H12 | K12: =I12*Inputs!$B$3 | L12: =J12*Inputs!$B$4 | M12: =K12+L12 | N12: =N11+M12 | P12: =IF(Inputs!$B$10="Manual", IF(O12="", P11, O12), W12) | Q12: =R11 | R12: =P11 | S12: =T11 | T12: ='Factory'!H11 | U12: =E12+S12+T12-F12 | V12: =Inputs!$B$5*Inputs!$B$15 | W12: =MAX(0, V12-U12)
A13: 12 | C13: ='Wholesaler'!Q13 | D13: =S13 | E13: =I12 | F13: =J12 | G13: =F13+C13 | H13: =MIN(E13+D13, G13) | I13: =E13+D13-H13 | J13: =G13-H13 | K13: =I13*Inputs!$B$3 | L13: =J13*Inputs!$B$4 | M13: =K13+L13 | N13: =N12+M13 | P13: =IF(Inputs!$B$10="Manual", IF(O13="", P12, O13), W13) | Q13: =R12 | R13: =P12 | S13: =T12 | T13: ='Factory'!H12 | U13: =E13+S13+T13-F13 | V13: =Inputs!$B$5*Inputs!$B$15 | W13: =MAX(0, V13-U13)
A14: 13 | C14: ='Wholesaler'!Q14 | D14: =S14 | E14: =I13 | F14: =J13 | G14: =F14+C14 | H14: =MIN(E14+D14, G14) | I14: =E14+D14-H14 | J14: =G14-H14 | K14: =I14*Inputs!$B$3 | L14: =J14*Inputs!$B$4 | M14: =K14+L14 | N14: =N13+M14 | P14: =IF(Inputs!$B$10="Manual", IF(O14="", P13, O14), W14) | Q14: =R13 | R14: =P13 | S14: =T13 | T14: ='Factory'!H13 | U14: =E14+S14+T14-F14 | V14: =Inputs!$B$5*Inputs!$B$15 | W14: =MAX(0, V14-U14)
... A36: 35 | C36: ='Wholesaler'!Q36 | D36: =S36 | E36: =I35 | F36: =J35 | G36: =F36+C36 | H36: =MIN(E36+D36, G36) | I36: =E36+D36-H36 | J36: =G36-H36 | K36: =I36*Inputs!$B$3 | L36: =J36*Inputs!$B$4 | M36: =K36+L36 | N36: =N35+M36 | P36: =IF(Inputs!$B$10="Manual", IF(O36="", P35, O36), W36) | Q36: =R35 | R36: =P35 | S36: =T35 | T36: ='Factory'!H35 | U36: =E36+S36+T36-F36 | V36: =Inputs!$B$5*Inputs!$B$15 | W36: =MAX(0, V36-U36)

Sheet Factory
A1: Week | B1: CustomerDemand | C1: In | D1: Recv | E1: BegInv | F1: BegBacklog | G1: TotalReq | H1: Ship | I1: EndInv | J1: EndBacklog | K1: InvCost | L1: BackCost | M1: WeekCost | N1: CumulativeCost | O1: OrderManual | P1: OrderPlaced | Q1: OrderPipe1 | R1: OrderPipe2 | S1: ShipPipe1 | T1: ShipPipe2 | U1: InventoryPos | V1: TargetLevel | W1: SuggestedOrder
A2: 1 | C2: ='Distributor'!Q2 | D2: =S2 | E2: =Inputs!$B$18 | F2: 0 | G2: =F2+C2 | H2: =MIN(E2+D2, G2) | I2: =E2+D2-H2 | J2: =G2-H2 | K2: =I2*Inputs!$B$3 | L2: =J2*Inputs!$B$4 | M2: =K2+L2 | N2: =M2 | P2: =IF(Inputs!$B$10="Manual", IF(O2="", Inputs!$B$23, O2), W2) | Q2: =Inputs!$B$21 | R2: =Inputs!$B$22 | S2: =Inputs!$B$19 | T2: =Inputs!$B$20 | U2: =E2+S2+T2-F2 | V2: =Inputs!$B$5*Inputs!$B$16 | W2: =MAX(0, V2-U2)
A3: 2 | C3: ='Distributor'!Q3 | D3: =S3 | E3: =I2 | F3: =J2 | G3: =F3+C3 | H3: =MIN(E3+D3, G3) | I3: =E3+D3-H3 | J3: =G3-H3 | K3: =I3*Inputs!$B$3 | L3: =J3*Inputs!$B$4 | M3: =K3+L3 | N3: =N2+M3 | P3: =IF(Inputs!$B$10="Manual", IF(O3="", P2, O3), W3) | Q3: =R2 | R3: =P2 | S3: =T2 | T3: =P2 | U3: =E3+S3+T3-F3 | V3: =Inputs!$B$5*Inputs!$B$16 | W3: =MAX(0, V3-U3)
A4: 3 | C4: ='Distributor'!Q4 | D4: =S4 | E4: =I3 | F4: =J3 | G4: =F4+C4 | H4: =MIN(E4+D4, G4) | I4: =E4+D4-H4 | J4: =G4-H4 | K4: =I4*Inputs!$B$3 | L4: =J4*Inputs!$B$4 | M4: =K4+L4 | N4: =N3+M4 | P4: =IF(Inputs!$B$10="Manual", IF(O4="", P3, O4), W4) | Q4: =R3 | R4: =P3 | S4: =T3 | T4: =P3 | U4: =E4+S4+T4-F4 | V4: =Inputs!$B$5*Inputs!$B$16 | W4: =MAX(0, V4-U4)
A5: 4 | C5: ='Distributor'!Q5 | D5: =S5 | E5: =I4 | F5: =J4 | G5: =F5+C5 | H5: =MIN(E5+D5, G5) | I5: =E5+D5-H5 | J5: =G5-H5 | K5: =I5*Inputs!$B$3 | L5: =J5*Inputs!$B$4 | M5: =K5+L5 | N5: =N4+M5 | P5: =IF(Inputs!$B$10="Manual", IF(O5="", P4, O5), W5) | Q5: =R4 | R5: =P4 | S5: =T4 | T5: =P4 | U5: =E5+S5+T5-F5 | V5: =Inputs!$B$5*Inputs!$B$16 | W5: =MAX(0, V5-U5)
A6: 5 | C6: ='Distributor'!Q6 | D6: =S6 | E6: =I5 | F6: =J5 | G6: =F6+C6 | H6: =MIN(E6+D6, G6) | I6: =E6+D6-H6 | J6: =G6-H6 | K6: =I6*Inputs!$B$3 | L6: =J6*Inputs!$B$4 | M6: =K6+L6 | N6: =N5+M6 | P6: =IF(Inputs!$B$10="Manual", IF(O6="", P5, O6), W6) | Q6: =R5 | R6: =P5 | S6: =T5 | T6: =P5 | U6: =E6+S6+T6-F6 | V6: =Inputs!$B$5*Inputs!$B$16 | W6: =MAX(0, V6-U6)
A7: 6 | C7: ='Distributor'!Q7 | D7: =S7 | E7: =I6 | F7: =J6 | G7: =F7+C7 | H7: =MIN(E7+D7, G7) | I7: =E7+D7-H7 | J7: =G7-H7 | K7: =I7*Inputs!$B$3 | L7: =J7*Inputs!$B$4 | M7: =K7+L7 | N7: =N6+M7 | P7: =IF(Inputs!$B$10="Manual", IF(O7="", P6, O7), W7) | Q7: =R6 | R7: =P6 | S7: =T6 | T7: =P6 | U7: =E7+S7+T7-F7 | V7: =Inputs!$B$5*Inputs!$B$16 | W7: =MAX(0, V7-U7)
A8: 7 | C8: ='Distributor'!Q8 | D8: =S8 | E8: =I7 | F8: =J7 | G8: =F8+C8 | H8: =MIN(E8+D8, G8) | I8: =E8+D8-H8 | J8: =G8-H8 | K8: =I8*Inputs!$B$3 | L8: =J8*Inputs!$B$4 | M8: =K8+L8 | N8: =N7+M8 | P8: =IF(Inputs!$B$10="Manual", IF(O8="", P7, O8), W8) | Q8: =R7 | R8: =P7 | S8: =T7 | T8: =P7 | U8: =E8+S8+T8-F8 | V8: =Inputs!$B$5*Inputs!$B$16 | W8: =MAX(0, V8-U8)
A9: 8 | C9: ='Distributor'!Q9 | D9: =S9 | E9: =I8 | F9: =J8 | G9: =F9+C9 | H9: =MIN(E9+D9, G9) | I9: =E9+D9-H9 | J9: =G9-H9 | K9: =I9*Inputs!$B$3 | L9: =J9*Inputs!$B$4 | M9: =K9+L9 | N9: =N8+M9 | P9: =IF(Inputs!$B$10="Manual", IF(O9="", P8, O9), W9) | Q9: =R8 | R9: =P8 | S9: =T8 | T9: =P8 | U9: =E9+S9+T9-F9 | V9: =Inputs!$B$5*Inputs!$B$16 | W9: =MAX(0, V9-U9)
A10: 9 | C10: ='Distributor'!Q10 | D10: =S10 | E10: =I9 | F10: =J9 | G10: =F10+C10 | H10: =MIN(E10+D10, G10) | I10: =E10+D10-H10 | J10: =G10-H10 | K10: =I10*Inputs!$B$3 | L10: =J10*Inputs!$B$4 | M10: =K10+L10 | N10: =N9+M10 | P10: =IF(Inputs!$B$10="Manual", IF(O10="", P9, O10), W10) | Q10: =R9 | R10: =P9 | S10: =T9 | T10: =P9 | U10: =E10+S10+T10-F10 | V10: =Inputs!$B$5*Inputs!$B$16 | W10: =MAX(0, V10-U10)
A11: 10 | C11: ='Distributor'!Q11 | D11: =S11 | E11: =I10 | F11: =J10 | G11: =F11+C11 | H11: =MIN(E11+D11, G11) | I11: =E11+D11-H11 | J11: =G11-H11 | K11: =I11*Inputs!$B$3 | L11: =J11*Inputs!$B$4 | M11: =K11+L11 | N11: =N10+M11 | P11: =IF(Inputs!$B$10="Manual", IF(O11="", P10, O11), W11) | Q11: =R10 | R11: =P10 | S11: =T10 | T11: =P10 | U11: =E11+S11+T11-F11 | V11: =Inputs!$B$5*Inputs!$B$16 | W11: =MAX(0, V11-U11)
A12: 11 | C12: ='Distributor'!Q12 | D12: =S12 | E12: =I11 | F12: =J11 | G12: =F12+C12 | H12: =MIN(E12+D12, G12) | I12: =E12+D12-H12 | J12: =G12-H12 | K12: =I12*Inputs!$B$3 | L12: =J12*Inputs!$B$4 | M12: =K12+L12 | N12: =N11+M12 | P12: =IF(Inputs!$B$10="Manual", IF(O12="", P11, O12), W12) | Q12: =R11 | R12: =P11 | S12: =T11 | T12: =P11 | U12: =E12+S12+T12-F12 | V12: =Inputs!$B$5*Inputs!$B$16 | W12: =MAX(0, V12-U12)
A13: 12 | C13: ='Distributor'!Q13 | D13: =S13 | E13: =I12 | F13: =J12 | G13: =F13+C13 | H13: =MIN(E13+D13, G13) | I13: =E13+D13-H13 | J13: =G13-H13 | K13: =I13*Inputs!$B$3 | L13: =J13*Inputs!$B$4 | M13: =K13+L13 | N13: =N12+M13 | P13: =IF(Inputs!$B$10="Manual", IF(O13="", P12, O13), W13) | Q13: =R12 | R13: =P12 | S13: =T12 | T13: =P12 | U13: =E13+S13+T13-F13 | V13: =Inputs!$B$5*Inputs!$B$16 | W13: =MAX(0, V13-U13)
A14: 13 | C14: ='Distributor'!Q14 | D14: =S14 | E14: =I13 | F14: =J13 | G14: =F14+C14 | H14: =MIN(E14+D14, G14) | I14: =E14+D14-H14 | J14: =G14-H14 | K14: =I14*Inputs!$B$3 | L14: =J14*Inputs!$B$4 | M14: =K14+L14 | N14: =N13+M14 | P14: =IF(Inputs!$B$10="Manual", IF(O14="", P13, O14), W14) | Q14: =R13 | R14: =P13 | S14: =T13 | T14: =P13 | U14: =E14+S14+T14-F14 | V14: =Inputs!$B$5*Inputs!$B$16 | W14: =MAX(0, V14-U14)
... A36: 35 | C36: ='Distributor'!Q36 | D36: =S36 | E36: =I35 | F36: =J35 | G36: =F36+C36 | H36: =MIN(E36+D36, G36) | I36: =E36+D36-H36 | J36: =G36-H36 | K36: =I36*Inputs!$B$3 | L36: =J36*Inputs!$B$4 | M36: =K36+L36 | N36: =N35+M36 | P36: =IF(Inputs!$B$10="Manual", IF(O36="", P35, O36), W36) | Q36: =R35 | R36: =P35 | S36: =T35 | T36: =P35 | U36: =E36+S36+T36-F36 | V36: =Inputs!$B$5*Inputs!$B$16 | W36: =MAX(0, V36-U36)

Sheet Summary
A1: Week | B1: Retailer_WeekCost | C1: Wholesaler_WeekCost | D1: Distributor_WeekCost | E1: Factory_WeekCost | F1: Total_WeekCost | G1: Total_CumCost | I1: Run Metadata | J1: Value
A2: 1 | B2: =Retailer!M2 | C2: =Wholesaler!M2 | D2: =Distributor!M2 | E2: =Factory!M2 | F2: =SUM(B2:E2) | G2: =F2 | I2: Scenario | J2: =Inputs!B24
A3: 2 | B3: =Retailer!M3 | C3: =Wholesaler!M3 | D3: =Distributor!M3 | E3: =Factory!M3 | F3: =SUM(B3:E3) | G3: =G2+F3 | I3: DemandLevel | J3: =Inputs!B25
A4: 3 | B4: =Retailer!M4 | C4: =Wholesaler!M4 | D4: =Distributor!M4 | E4: =Factory!M4 | F4: =SUM(B4:E4) | G4: =G3+F4 | I4: Final_Total_Cost | J4: =G36
A5: 4 | B5: =Retailer!M5 | C5: =Wholesaler!M5 | D5: =Distributor!M5 | E5: =Factory!M5 | F5: =SUM(B5:E5) | G5: =G4+F5
A6: 5 | B6: =Retailer!M6 | C6: =Wholesaler!M6 | D6: =Distributor!M6 | E6: =Factory!M6 | F6: =SUM(B6:E6) | G6: =G5+F6
A7: 6 | B7: =Retailer!M7 | C7: =Wholesaler!M7 | D7: =Distributor!M7 | E7: =Factory!M7 | F7: =SUM(B7:E7) | G7: =G6+F7
A8: 7 | B8: =Retailer!M8 | C8: =Wholesaler!M8 | D8: =Distributor!M8 | E8: =Factory!M8 | F8: =SUM(B8:E8) | G8: =G7+F8
A9: 8 | B9: =Retailer!M9 | C9: =Wholesaler!M9 | D9: =Distributor!M9 | E9: =Factory!M9 | F9: =SUM(B9:E9) | G9: =G8+F9
A10: 9 | B10: =Retailer!M10 | C10: =Wholesaler!M10 | D10: =Distributor!M10 | E10: =Factory!M10 | F10: =SUM(B10:E10) | G10: =G9+F10
A11: 10 | B11: =Retailer!M11 | C11: =Wholesaler!M11 | D11: =Distributor!M11 | E11: =Factory!M11 | F11: =SUM(B11:E11) | G11: =G10+F11
A12: 11 | B12: =Retailer!M12 | C12: =Wholesaler!M12 | D12: =Distributor!M12 | E12: =Factory!M12 | F12: =SUM(B12:E12) | G12: =G11+F12
A13: 12 | B13: =Retailer!M13 | C13: =Wholesaler!M13 | D13: =Distributor!M13 | E13: =Factory!M13 | F13: =SUM(B13:E13) | G13: =G12+F13
A14: 13 | B14: =Retailer!M14 | C14: =Wholesaler!M14 | D14: =Distributor!M14 | E14: =Factory!M14 | F14: =SUM(B14:E14) | G14: =G13+F14
A15: 14 | B15: =Retailer!M15 | C15: =Wholesaler!M15 | D15: =Distributor!M15 | E15: =Factory!M15 | F15: =SUM(B15:E15) | G15: =G14+F15
A16: 15 | B16: =Retailer!M16 | C16: =Wholesaler!M16 | D16: =Distributor!M16 | E16: =Factory!M16 | F16: =SUM(B16:E16) | G16: =G15+F16
... A36: 35 | B36: =Retailer!M36 | C36: =Wholesaler!M36 | D36: =Distributor!M36 | E36: =Factory!M36 | F36: =SUM(B36:E36) | G36: =G35+F36

Sheet SimulationView
A1: =Inputs!B24
A2: Edit Inputs to change demand, costs, and policy parameters.
B3: Retailer | K3: Wholesaler | T3: Distributor | AC3: Factory | AL3: Total
B4: In | C4: Recv | D4: Ship | E4: InvEnd | F4: BackEnd | G4: OrderOut | H4: InvCost | I4: BackCost | J4: WeekCost | K4: In | L4: Recv | M4: Ship | N4: InvEnd | O4: BackEnd | P4: OrderOut | Q4: InvCost | R4: BackCost | S4: WeekCost | T4: In | U4: Recv | V4: Ship | W4: InvEnd | X4: BackEnd | Y4: OrderOut | Z4: InvCost | AA4: BackCost | AB4: WeekCost | AC4: In | AD4: Recv | AE4: Ship | AF4: InvEnd | AG4: BackEnd | AH4: OrderOut | AI4: InvCost | AJ4: BackCost | AK4: WeekCost | AL4: TotWeekCost | AM4: CumCost
A5: 1 | B5: =Retailer!C2 | C5: =Retailer!D2 | D5: =Retailer!H2 | E5: =Retailer!I2 | F5: =Retailer!J2 | G5: =Retailer!P2 | H5: =Retailer!K2 | I5: =Retailer!L2 | J5: =Retailer!M2 | K5: =Wholesaler!C2 | L5: =Wholesaler!D2 | M5: =Wholesaler!H2 | N5: =Wholesaler!I2 | O5: =Wholesaler!J2 | P5: =Wholesaler!P2 | Q5: =Wholesaler!K2 | R5: =Wholesaler!L2 | S5: =Wholesaler!M2 | T5: =Distributor!C2 | U5: =Distributor!D2 | V5: =Distributor!H2 | W5: =Distributor!I2 | X5: =Distributor!J2 | Y5: =Distributor!P2 | Z5: =Distributor!K2 | AA5: =Distributor!L2 | AB5: =Distributor!M2 | AC5: =Factory!C2 | AD5: =Factory!D2 | AE5: =Factory!H2 | AF5: =Factory!I2 | AG5: =Factory!J2 | AH5: =Factory!P2 | AI5: =Factory!K2 | AJ5: =Factory!L2 | AK5: =Factory!M2 | AL5: =SUM(J5,S5,AB5,AK5) | AM5: =AL5
A6: 2 | B6: =Retailer!C3 | C6: =Retailer!D3 | D6: =Retailer!H3 | E6: =Retailer!I3 | F6: =Retailer!J3 | G6: =Retailer!P3 | H6: =Retailer!K3 | I6: =Retailer!L3 | J6: =Retailer!M3 | K6: =Wholesaler!C3 | L6: =Wholesaler!D3 | M6: =Wholesaler!H3 | N6: =Wholesaler!I3 | O6: =Wholesaler!J3 | P6: =Wholesaler!P3 | Q6: =Wholesaler!K3 | R6: =Wholesaler!L3 | S6: =Wholesaler!M3 | T6: =Distributor!C3 | U6: =Distributor!D3 | V6: =Distributor!H3 | W6: =Distributor!I3 | X6: =Distributor!J3 | Y6: =Distributor!P3 | Z6: =Distributor!K3 | AA6: =Distributor!L3 | AB6: =Distributor!M3 | AC6: =Factory!C3 | AD6: =Factory!D3 | AE6: =Factory!H3 | AF6: =Factory!I3 | AG6: =Factory!J3 | AH6: =Factory!P3 | AI6: =Factory!K3 | AJ6: =Factory!L3 | AK6: =Factory!M3 | AL6: =SUM(J6,S6,AB6,AK6) | AM6: =AM5+AL6
A7: 3 | B7: =Retailer!C4 | C7: =Retailer!D4 | D7: =Retailer!H4 | E7: =Retailer!I4 | F7: =Retailer!J4 | G7: =Retailer!P4 | H7: =Retailer!K4 | I7: =Retailer!L4 | J7: =Retailer!M4 | K7: =Wholesaler!C4 | L7: =Wholesaler!D4 | M7: =Wholesaler!H4 | N7: =Wholesaler!I4 | O7: =Wholesaler!J4 | P7: =Wholesaler!P4 | Q7: =Wholesaler!K4 | R7: =Wholesaler!L4 | S7: =Wholesaler!M4 | T7: =Distributor!C4 | U7: =Distributor!D4 | V7: =Distributor!H4 | W7: =Distributor!I4 | X7: =Distributor!J4 | Y7: =Distributor!P4 | Z7: =Distributor!K4 | AA7: =Distributor!L4 | AB7: =Distributor!M4 | AC7: =Factory!C4 | AD7: =Factory!D4 | AE7: =Factory!H4 | AF7: =Factory!I4 | AG7: =Factory!J4 | AH7: =Factory!P4 | AI7: =Factory!K4 | AJ7: =Factory!L4 | AK7: =Factory!M4 | AL7: =SUM(J7,S7,AB7,AK7) | AM7: =AM6+AL7
A8: 4 | B8: =Retailer!C5 | C8: =Retailer!D5 | D8: =Retailer!H5 | E8: =Retailer!I5 | F8: =Retailer!J5 | G8: =Retailer!P5 | H8: =Retailer!K5 | I8: =Retailer!L5 | J8: =Retailer!M5 | K8: =Wholesaler!C5 | L8: =Wholesaler!D5 | M8: =Wholesaler!H5 | N8: =Wholesaler!I5 | O8: =Wholesaler!J5 | P8: =Wholesaler!P5 | Q8: =Wholesaler!K5 | R8: =Wholesaler!L5 | S8: =Wholesaler!M5 | T8: =Distributor!C5 | U8: =Distributor!D5 | V8: =Distributor!H5 | W8: =Distributor!I5 | X8: =Distributor!J5 | Y8: =Distributor!P5 | Z8: =Distributor!K5 | AA8: =Distributor!L5 | AB8: =Distributor!M5 | AC8: =Factory!C5 | AD8: =Factory!D5 | AE8: =Factory!H5 | AF8: =Factory!I5 | AG8: =Factory!J5 | AH8: =Factory!P5 | AI8: =Factory!K5 | AJ8: =Factory!L5 | AK8: =Factory!M5 | AL8: =SUM(J8,S8,AB8,AK8) | AM8: =AM7+AL8
A9: 5 | B9: =Retailer!C6 | C9: =Retailer!D6 | D9: =Retailer!H6 | E9: =Retailer!I6 | F9: =Retailer!J6 | G9: =Retailer!P6 | H9: =Retailer!K6 | I9: =Retailer!L6 | J9: =Retailer!M6 | K9: =Wholesaler!C6 | L9: =Wholesaler!D6 | M9: =Wholesaler!H6 | N9: =Wholesaler!I6 | O9: =Wholesaler!J6 | P9: =Wholesaler!P6 | Q9: =Wholesaler!K6 | R9: =Wholesaler!L6 | S9: =Wholesaler!M6 | T9: =Distributor!C6 | U9: =Distributor!D6 | V9: =Distributor!H6 | W9: =Distributor!I6 | X9: =Distributor!J6 | Y9: =Distributor!P6 | Z9: =Distributor!K6 | AA9: =Distributor!L6 | AB9: =Distributor!M6 | AC9: =Factory!C6 | AD9: =Factory!D6 | AE9: =Factory!H6 | AF9: =Factory!I6 | AG9: =Factory!J6 | AH9: =Factory!P6 | AI9: =Factory!K6 | AJ9: =Factory!L6 | AK9: =Factory!M6 | AL9: =SUM(J9,S9,AB9,AK9) | AM9: =AM8+AL9
A10: 6 | B10: =Retailer!C7 | C10: =Retailer!D7 | D10: =Retailer!H7 | E10: =Retailer!I7 | F10: =Retailer!J7 | G10: =Retailer!P7 | H10: =Retailer!K7 | I10: =Retailer!L7 | J10: =Retailer!M7 | K10: =Wholesaler!C7 | L10: =Wholesaler!D7 | M10: =Wholesaler!H7 | N10: =Wholesaler!I7 | O10: =Wholesaler!J7 | P10: =Wholesaler!P7 | Q10: =Wholesaler!K7 | R10: =Wholesaler!L7 | S10: =Wholesaler!M7 | T10: =Distributor!C7 | U10: =Distributor!D7 | V10: =Distributor!H7 | W10: =Distributor!I7 | X10: =Distributor!J7 | Y10: =Distributor!P7 | Z10: =Distributor!K7 | AA10: =Distributor!L7 | AB10: =Distributor!M7 | AC10: =Factory!C7 | AD10: =Factory!D7 | AE10: =Factory!H7 | AF10: =Factory!I7 | AG10: =Factory!J7 | AH10: =Factory!P7 | AI10: =Factory!K7 | AJ10: =Factory!L7 | AK10: =Factory!M7 | AL10: =SUM(J10,S10,AB10,AK10) | AM10: =AM9+AL10
A11: 7 | B11: =Retailer!C8 | C11: =Retailer!D8 | D11: =Retailer!H8 | E11: =Retailer!I8 | F11: =Retailer!J8 | G11: =Retailer!P8 | H11: =Retailer!K8 | I11: =Retailer!L8 | J11: =Retailer!M8 | K11: =Wholesaler!C8 | L11: =Wholesaler!D8 | M11: =Wholesaler!H8 | N11: =Wholesaler!I8 | O11: =Wholesaler!J8 | P11: =Wholesaler!P8 | Q11: =Wholesaler!K8 | R11: =Wholesaler!L8 | S11: =Wholesaler!M8 | T11: =Distributor!C8 | U11: =Distributor!D8 | V11: =Distributor!H8 | W11: =Distributor!I8 | X11: =Distributor!J8 | Y11: =Distributor!P8 | Z11: =Distributor!K8 | AA11: =Distributor!L8 | AB11: =Distributor!M8 | AC11: =Factory!C8 | AD11: =Factory!D8 | AE11: =Factory!H8 | AF11: =Factory!I8 | AG11: =Factory!J8 | AH11: =Factory!P8 | AI11: =Factory!K8 | AJ11: =Factory!L8 | AK11: =Factory!M8 | AL11: =SUM(J11,S11,AB11,AK11) | AM11: =AM10+AL11
A12: 8 | B12: =Retailer!C9 | C12: =Retailer!D9 | D12: =Retailer!H9 | E12: =Retailer!I9 | F12: =Retailer!J9 | G12: =Retailer!P9 | H12: =Retailer!K9 | I12: =Retailer!L9 | J12: =Retailer!M9 | K12: =Wholesaler!C9 | L12: =Wholesaler!D9 | M12: =Wholesaler!H9 | N12: =Wholesaler!I9 | O12: =Wholesaler!J9 | P12: =Wholesaler!P9 | Q12: =Wholesaler!K9 | R12: =Wholesaler!L9 | S12: =Wholesaler!M9 | T12: =Distributor!C9 | U12: =Distributor!D9 | V12: =Distributor!H9 | W12: =Distributor!I9 | X12: =Distributor!J9 | Y12: =Distributor!P9 | Z12: =Distributor!K9 | AA12: =Distributor!L9 | AB12: =Distributor!M9 | AC12: =Factory!C9 | AD12: =Factory!D9 | AE12: =Factory!H9 | AF12: =Factory!I9 | AG12: =Factory!J9 | AH12: =Factory!P9 | AI12: =Factory!K9 | AJ12: =Factory!L9 | AK12: =Factory!M9 | AL12: =SUM(J12,S12,AB12,AK12) | AM12: =AM11+AL12
A13: 9 | B13: =Retailer!C10 | C13: =Retailer!D10 | D13: =Retailer!H10 | E13: =Retailer!I10 | F13: =Retailer!J10 | G13: =Retailer!P10 | H13: =Retailer!K10 | I13: =Retailer!L10 | J13: =Retailer!M10 | K13: =Wholesaler!C10 | L13: =Wholesaler!D10 | M13: =Wholesaler!H10 | N13: =Wholesaler!I10 | O13: =Wholesaler!J10 | P13: =Wholesaler!P10 | Q13: =Wholesaler!K10 | R13: =Wholesaler!L10 | S13: =Wholesaler!M10 | T13: =Distributor!C10 | U13: =Distributor!D10 | V13: =Distributor!H10 | W13: =Distributor!I10 | X13: =Distributor!J10 | Y13: =Distributor!P10 | Z13: =Distributor!K10 | AA13: =Distributor!L10 | AB13: =Distributor!M10 | AC13: =Factory!C10 | AD13: =Factory!D10 | AE13: =Factory!H10 | AF13: =Factory!I10 | AG13: =Factory!J10 | AH13: =Factory!P10 | AI13: =Factory!K10 | AJ13: =Factory!L10 | AK13: =Factory!M10 | AL13: =SUM(J13,S13,AB13,AK13) | AM13: =AM12+AL13
A14: 10 | B14: =Retailer!C11 | C14: =Retailer!D11 | D14: =Retailer!H11 | E14: =Retailer!I11 | F14: =Retailer!J11 | G14: =Retailer!P11 | H14: =Retailer!K11 | I14: =Retailer!L11 | J14: =Retailer!M11 | K14: =Wholesaler!C11 | L14: =Wholesaler!D11 | M14: =Wholesaler!H11 | N14: =Wholesaler!I11 | O14: =Wholesaler!J11 | P14: =Wholesaler!P11 | Q14: =Wholesaler!K11 | R14: =Wholesaler!L11 | S14: =Wholesaler!M11 | T14: =Distributor!C11 | U14: =Distributor!D11 | V14: =Distributor!H11 | W14: =Distributor!I11 | X14: =Distributor!J11 | Y14: =Distributor!P11 | Z14: =Distributor!K11 | AA14: =Distributor!L11 | AB14: =Distributor!M11 | AC14: =Factory!C11 | AD14: =Factory!D11 | AE14: =Factory!H11 | AF14: =Factory!I11 | AG14: =Factory!J11 | AH14: =Factory!P11 | AI14: =Factory!K11 | AJ14: =Factory!L11 | AK14: =Factory!M11 | AL14: =SUM(J14,S14,AB14,AK14) | AM14: =AM13+AL14
A15: 11 | B15: =Retailer!C12 | C15: =Retailer!D12 | D15: =Retailer!H12 | E15: =Retailer!I12 | F15: =Retailer!J12 | G15: =Retailer!P12 | H15: =Retailer!K12 | I15: =Retailer!L12 | J15: =Retailer!M12 | K15: =Wholesaler!C12 | L15: =Wholesaler!D12 | M15: =Wholesaler!H12 | N15: =Wholesaler!I12 | O15: =Wholesaler!J12 | P15: =Wholesaler!P12 | Q15: =Wholesaler!K12 | R15: =Wholesaler!L12 | S15: =Wholesaler!M12 | T15: =Distributor!C12 | U15: =Distributor!D12 | V15: =Distributor!H12 | W15: =Distributor!I12 | X15: =Distributor!J12 | Y15: =Distributor!P12 | Z15: =Distributor!K12 | AA15: =Distributor!L12 | AB15: =Distributor!M12 | AC15: =Factory!C12 | AD15: =Factory!D12 | AE15: =Factory!H12 | AF15: =Factory!I12 | AG15: =Factory!J12 | AH15: =Factory!P12 | AI15: =Factory!K12 | AJ15: =Factory!L12 | AK15: =Factory!M12 | AL15: =SUM(J15,S15,AB15,AK15) | AM15: =AM14+AL15
A16: 12 | B16: =Retailer!C13 | C16: =Retailer!D13 | D16: =Retailer!H13 | E16: =Retailer!I13 | F16: =Retailer!J13 | G16: =Retailer!P13 | H16: =Retailer!K13 | I16: =Retailer!L13 | J16: =Retailer!M13 | K16: =Wholesaler!C13 | L16: =Wholesaler!D13 | M16: =Wholesaler!H13 | N16: =Wholesaler!I13 | O16: =Wholesaler!J13 | P16: =Wholesaler!P13 | Q16: =Wholesaler!K13 | R16: =Wholesaler!L13 | S16: =Wholesaler!M13 | T16: =Distributor!C13 | U16: =Distributor!D13 | V16: =Distributor!H13 | W16: =Distributor!I13 | X16: =Distributor!J13 | Y16: =Distributor!P13 | Z16: =Distributor!K13 | AA16: =Distributor!L13 | AB16: =Distributor!M13 | AC16: =Factory!C13 | AD16: =Factory!D13 | AE16: =Factory!H13 | AF16: =Factory!I13 | AG16: =Factory!J13 | AH16: =Factory!P13 | AI16: =Factory!K13 | AJ16: =Factory!L13 | AK16: =Factory!M13 | AL16: =SUM(J16,S16,AB16,AK16) | AM16: =AM15+AL16
A17: 13 | B17: =Retailer!C14 | C17: =Retailer!D14 | D17: =Retailer!H14 | E17: =Retailer!I14 | F17: =Retailer!J14 | G17: =Retailer!P14 | H17: =Retailer!K14 | I17: =Retailer!L14 | J17: =Retailer!M14 | K17: =Wholesaler!C14 | L17: =Wholesaler!D14 | M17: =Wholesaler!H14 | N17: =Wholesaler!I14 | O17: =Wholesaler!J14 | P17: =Wholesaler!P14 | Q17: =Wholesaler!K14 | R17: =Wholesaler!L14 | S17: =Wholesaler!M14 | T17: =Distributor!C14 | U17: =Distributor!D14 | V17: =Distributor!H14 | W17: =Distributor!I14 | X17: =Distributor!J14 | Y17: =Distributor!P14 | Z17: =Distributor!K14 | AA17: =Distributor!L14 | AB17: =Distributor!M14 | AC17: =Factory!C14 | AD17: =Factory!D14 | AE17: =Factory!H14 | AF17: =Factory!I14 | AG17: =Factory!J14 | AH17: =Factory!P14 | AI17: =Factory!K14 | AJ17: =Factory!L14 | AK17: =Factory!M14 | AL17: =SUM(J17,S17,AB17,AK17) | AM17: =AM16+AL17
... A39: 35 | B39: =Retailer!C36 | C39: =Retailer!D36 | D39: =Retailer!H36 | E39: =Retailer!I36 | F39: =Retailer!J36 | G39: =Retailer!P36 | H39: =Retailer!K36 | I39: =Retailer!L36 | J39: =Retailer!M36 | K39: =Wholesaler!C36 | L39: =Wholesaler!D36 | M39: =Wholesaler!H36 | N39: =Wholesaler!I36 | O39: =Wholesaler!J36 | P39: =Wholesaler!P36 | Q39: =Wholesaler!K36 | R39: =Wholesaler!L36 | S39: =Wholesaler!M36 | T39: =Distributor!C36 | U39: =Distributor!D36 | V39: =Distributor!H36 | W39: =Distributor!I36 | X39: =Distributor!J36 | Y39: =Distributor!P36 | Z39: =Distributor!K36 | AA39: =Distributor!L36 | AB39: =Distributor!M36 | AC39: =Factory!C36 | AD39: =Factory!D36 | AE39: =Factory!H36 | AF39: =Factory!I36 | AG39: =Factory!J36 | AH39: =Factory!P36 | AI39: =Factory!K36 | AJ39: =Factory!L36 | AK39: =Factory!M36 | AL39: =SUM(J39,S39,AB39,AK39) | AM39: =AM38+AL39
